# Blender 5.0.0
# www.blender.org
mtllib bus_dark_original.mtl
o wheel_front.002
v -0.008510 0.001969 -0.030676
v -0.009219 0.002159 -0.030676
v -0.008485 0.002159 -0.030676
v -0.008584 0.002526 -0.030676
v -0.009029 0.002868 -0.030676
v -0.009219 0.002893 -0.030676
v -0.009409 0.002868 -0.030676
v -0.009854 0.002526 -0.030676
v -0.009928 0.002349 -0.030676
v -0.009854 0.001792 -0.030676
v -0.009738 0.001640 -0.030676
v -0.009586 0.001523 -0.030676
v -0.008852 0.001523 -0.030676
v -0.008700 0.001640 -0.030676
v -0.009219 0.002159 -0.029623
v -0.008087 0.002812 -0.028817
v -0.008565 0.003291 -0.028817
v -0.008881 0.003421 -0.028817
v -0.009557 0.003421 -0.028817
v -0.009873 0.003291 -0.028817
v -0.010526 0.002159 -0.028817
v -0.010143 0.001235 -0.028817
v -0.009873 0.001027 -0.028817
v -0.008295 0.001235 -0.028817
v -0.007956 0.001821 -0.028817
v -0.007912 0.002159 -0.030429
v -0.007761 0.003617 -0.030270
v -0.008565 0.003291 -0.030429
v -0.009219 0.003466 -0.030429
v -0.009557 0.003421 -0.030429
v -0.009753 0.004151 -0.030270
v -0.009873 0.003291 -0.030429
v -0.010250 0.003945 -0.030270
v -0.010143 0.003083 -0.030429
v -0.010351 0.002812 -0.030429
v -0.011005 0.003190 -0.030270
v -0.010482 0.002497 -0.030429
v -0.011281 0.002159 -0.030270
v -0.010677 0.000701 -0.030270
v -0.010250 0.000373 -0.030270
v -0.009753 0.000167 -0.030270
v -0.008685 0.000167 -0.030270
v -0.008565 0.001027 -0.030429
v -0.008295 0.001235 -0.030429
v -0.007761 0.000701 -0.030270
v -0.008087 0.001505 -0.030429
v -0.007433 0.001128 -0.030270
v -0.007956 0.001821 -0.030429
v -0.007993 0.002159 -0.030486
v -0.007956 0.002497 -0.030429
v -0.008157 0.002772 -0.030486
v -0.008087 0.002812 -0.030429
v -0.008352 0.003026 -0.030486
v -0.008295 0.003083 -0.030429
v -0.008606 0.003220 -0.030486
v -0.008881 0.003421 -0.030429
v -0.009219 0.003385 -0.030486
v -0.009536 0.003343 -0.030486
v -0.009832 0.003220 -0.030486
v -0.010281 0.002772 -0.030486
v -0.010403 0.002476 -0.030486
v -0.010526 0.002159 -0.030429
v -0.010403 0.001842 -0.030486
v -0.010482 0.001821 -0.030429
v -0.010281 0.001546 -0.030486
v -0.010351 0.001505 -0.030429
v -0.010086 0.001292 -0.030486
v -0.010143 0.001235 -0.030429
v -0.009873 0.001027 -0.030429
v -0.009557 0.000896 -0.030429
v -0.009219 0.000933 -0.030486
v -0.009219 0.000852 -0.030429
v -0.008902 0.000975 -0.030486
v -0.008881 0.000896 -0.030429
v -0.008606 0.001097 -0.030486
v -0.008157 0.001546 -0.030486
v -0.008035 0.001842 -0.030486
v -0.008035 0.002476 -0.030486
v -0.008251 0.002718 -0.030363
v -0.008660 0.003127 -0.030363
v -0.008930 0.003238 -0.030363
v -0.008902 0.003343 -0.030486
v -0.010009 0.002949 -0.030363
v -0.010086 0.003026 -0.030486
v -0.010445 0.002159 -0.030486
v -0.010187 0.001600 -0.030363
v -0.010009 0.001369 -0.030363
v -0.009832 0.001097 -0.030486
v -0.009536 0.000975 -0.030486
v -0.009219 0.001041 -0.030363
v -0.008429 0.001369 -0.030363
v -0.008352 0.001292 -0.030486
v -0.008139 0.001870 -0.030363
v -0.008101 0.002159 -0.030363
v -0.008510 0.002349 -0.030676
v -0.008139 0.002448 -0.030363
v -0.008700 0.002678 -0.030676
v -0.008429 0.002949 -0.030363
v -0.008852 0.002794 -0.030676
v -0.009219 0.003276 -0.030363
v -0.009508 0.003238 -0.030363
v -0.009586 0.002794 -0.030676
v -0.009778 0.003127 -0.030363
v -0.009738 0.002678 -0.030676
v -0.010187 0.002718 -0.030363
v -0.010299 0.002448 -0.030363
v -0.009953 0.002159 -0.030676
v -0.010337 0.002159 -0.030363
v -0.009928 0.001969 -0.030676
v -0.010299 0.001870 -0.030363
v -0.009778 0.001191 -0.030363
v -0.009409 0.001450 -0.030676
v -0.009508 0.001079 -0.030363
v -0.009219 0.001425 -0.030676
v -0.009029 0.001450 -0.030676
v -0.008930 0.001079 -0.030363
v -0.008660 0.001191 -0.030363
v -0.008584 0.001792 -0.030676
v -0.008251 0.001600 -0.030363
v -0.007122 0.002721 -0.029110
v -0.007048 0.002159 -0.029110
v -0.007048 0.002159 -0.030136
v -0.007122 0.002721 -0.030136
v -0.007339 0.003244 -0.030136
v -0.007339 0.003244 -0.029110
v -0.007684 0.003694 -0.030136
v -0.007684 0.003694 -0.029110
v -0.008134 0.004039 -0.030136
v -0.008134 0.004039 -0.029110
v -0.009781 0.004256 -0.030136
v -0.009781 0.004256 -0.029110
v -0.009219 0.004330 -0.029110
v -0.009219 0.004330 -0.030136
v -0.010304 0.004039 -0.030136
v -0.010304 0.004039 -0.029110
v -0.010754 0.003694 -0.030136
v -0.010754 0.003694 -0.029110
v -0.011099 0.003244 -0.030136
v -0.011099 0.003244 -0.029110
v -0.010304 0.000279 -0.029110
v -0.010754 0.000624 -0.029110
v -0.010754 0.000624 -0.030136
v -0.010304 0.000279 -0.030136
v -0.008657 0.000062 -0.029110
v -0.009219 -0.000012 -0.029110
v -0.009219 -0.000012 -0.030136
v -0.008657 0.000062 -0.030136
v -0.007684 0.000624 -0.029110
v -0.008134 0.000279 -0.029110
v -0.008134 0.000279 -0.030136
v -0.007684 0.000624 -0.030136
v -0.007339 0.001073 -0.030136
v -0.007339 0.001073 -0.029110
v -0.007122 0.001597 -0.030136
v -0.007122 0.001597 -0.029110
v -0.007157 0.002159 -0.028976
v -0.007227 0.002693 -0.028976
v -0.007956 0.002497 -0.028817
v -0.007912 0.002159 -0.028817
v -0.007761 0.003617 -0.028976
v -0.008295 0.003083 -0.028817
v -0.008685 0.004151 -0.028976
v -0.009219 0.003466 -0.028817
v -0.010143 0.003083 -0.028817
v -0.010351 0.002812 -0.028817
v -0.010482 0.002497 -0.028817
v -0.011281 0.002159 -0.028976
v -0.010482 0.001821 -0.028817
v -0.010351 0.001505 -0.028817
v -0.009557 0.000896 -0.028817
v -0.009219 0.000852 -0.028817
v -0.008685 0.000167 -0.028976
v -0.008881 0.000896 -0.028817
v -0.008188 0.000373 -0.028976
v -0.008565 0.001027 -0.028817
v -0.008087 0.001505 -0.028817
v -0.007227 0.001625 -0.028976
v -0.008657 0.004256 -0.029110
v -0.008657 0.004256 -0.030136
v -0.011316 0.002721 -0.029110
v -0.011316 0.002721 -0.030136
v -0.011390 0.002159 -0.029110
v -0.011390 0.002159 -0.030136
v -0.011316 0.001597 -0.029110
v -0.011316 0.001597 -0.030136
v -0.011099 0.001073 -0.029110
v -0.011099 0.001073 -0.030136
v -0.009781 0.000062 -0.030136
v -0.009781 0.000062 -0.029110
v -0.007157 0.002159 -0.030270
v -0.007227 0.002693 -0.030270
v -0.007433 0.003190 -0.030270
v -0.008188 0.003945 -0.030270
v -0.008685 0.004151 -0.030270
v -0.009219 0.004221 -0.030270
v -0.010677 0.003617 -0.030270
v -0.011211 0.002693 -0.030270
v -0.011211 0.001625 -0.030270
v -0.011005 0.001128 -0.030270
v -0.009219 0.000096 -0.030270
v -0.008188 0.000373 -0.030270
v -0.007227 0.001625 -0.030270
v -0.007433 0.003190 -0.028976
v -0.008188 0.003945 -0.028976
v -0.009219 0.004221 -0.028976
v -0.009753 0.004151 -0.028976
v -0.010250 0.003945 -0.028976
v -0.010677 0.003617 -0.028976
v -0.011005 0.003190 -0.028976
v -0.011211 0.002693 -0.028976
v -0.011211 0.001625 -0.028976
v -0.011005 0.001128 -0.028976
v -0.010677 0.000701 -0.028976
v -0.010250 0.000373 -0.028976
v -0.009753 0.000167 -0.028976
v -0.009219 0.000096 -0.028976
v -0.007761 0.000701 -0.028976
v -0.007433 0.001128 -0.028976
v -0.008510 0.001969 -0.019574
v -0.009219 0.002159 -0.019574
v -0.008485 0.002159 -0.019574
v -0.008584 0.002526 -0.019574
v -0.009029 0.002868 -0.019574
v -0.009219 0.002893 -0.019574
v -0.009409 0.002868 -0.019574
v -0.009854 0.002526 -0.019574
v -0.009928 0.002349 -0.019574
v -0.009854 0.001792 -0.019574
v -0.009738 0.001640 -0.019574
v -0.009586 0.001523 -0.019574
v -0.008852 0.001523 -0.019574
v -0.008700 0.001640 -0.019574
v -0.009219 0.002159 -0.020627
v -0.008087 0.002812 -0.021433
v -0.008565 0.003291 -0.021433
v -0.008881 0.003421 -0.021433
v -0.009557 0.003421 -0.021433
v -0.009873 0.003291 -0.021433
v -0.010526 0.002159 -0.021433
v -0.010143 0.001235 -0.021433
v -0.009873 0.001027 -0.021433
v -0.008295 0.001235 -0.021433
v -0.007956 0.001821 -0.021433
v -0.007912 0.002159 -0.019821
v -0.007761 0.003617 -0.019980
v -0.008565 0.003291 -0.019821
v -0.009219 0.003466 -0.019821
v -0.009557 0.003421 -0.019821
v -0.009753 0.004151 -0.019980
v -0.009873 0.003291 -0.019821
v -0.010250 0.003945 -0.019980
v -0.010143 0.003083 -0.019821
v -0.010351 0.002812 -0.019821
v -0.011005 0.003190 -0.019980
v -0.010482 0.002497 -0.019821
v -0.011281 0.002159 -0.019980
v -0.010677 0.000701 -0.019980
v -0.010250 0.000373 -0.019980
v -0.009753 0.000167 -0.019980
v -0.008685 0.000167 -0.019980
v -0.008565 0.001027 -0.019821
v -0.008295 0.001235 -0.019821
v -0.007761 0.000701 -0.019980
v -0.008087 0.001505 -0.019821
v -0.007433 0.001128 -0.019980
v -0.007956 0.001821 -0.019821
v -0.007993 0.002159 -0.019764
v -0.007956 0.002497 -0.019821
v -0.008157 0.002772 -0.019764
v -0.008087 0.002812 -0.019821
v -0.008352 0.003026 -0.019764
v -0.008295 0.003083 -0.019821
v -0.008606 0.003220 -0.019764
v -0.008881 0.003421 -0.019821
v -0.009219 0.003385 -0.019764
v -0.009536 0.003343 -0.019764
v -0.009832 0.003220 -0.019764
v -0.010281 0.002772 -0.019764
v -0.010403 0.002476 -0.019764
v -0.010526 0.002159 -0.019821
v -0.010403 0.001842 -0.019764
v -0.010482 0.001821 -0.019821
v -0.010281 0.001546 -0.019764
v -0.010351 0.001505 -0.019821
v -0.010086 0.001292 -0.019764
v -0.010143 0.001235 -0.019821
v -0.009873 0.001027 -0.019821
v -0.009557 0.000896 -0.019821
v -0.009219 0.000933 -0.019764
v -0.009219 0.000852 -0.019821
v -0.008902 0.000975 -0.019764
v -0.008881 0.000896 -0.019821
v -0.008606 0.001097 -0.019764
v -0.008157 0.001546 -0.019764
v -0.008035 0.001842 -0.019764
v -0.008035 0.002476 -0.019764
v -0.008251 0.002718 -0.019887
v -0.008660 0.003127 -0.019887
v -0.008930 0.003238 -0.019887
v -0.008902 0.003343 -0.019764
v -0.010009 0.002949 -0.019887
v -0.010086 0.003026 -0.019764
v -0.010445 0.002159 -0.019764
v -0.010187 0.001600 -0.019887
v -0.010009 0.001369 -0.019887
v -0.009832 0.001097 -0.019764
v -0.009536 0.000975 -0.019764
v -0.009219 0.001041 -0.019887
v -0.008429 0.001369 -0.019887
v -0.008352 0.001292 -0.019764
v -0.008139 0.001870 -0.019887
v -0.008101 0.002159 -0.019887
v -0.008510 0.002349 -0.019574
v -0.008139 0.002448 -0.019887
v -0.008700 0.002678 -0.019574
v -0.008429 0.002949 -0.019887
v -0.008852 0.002794 -0.019574
v -0.009219 0.003276 -0.019887
v -0.009508 0.003238 -0.019887
v -0.009586 0.002794 -0.019574
v -0.009778 0.003127 -0.019887
v -0.009738 0.002678 -0.019574
v -0.010187 0.002718 -0.019887
v -0.010299 0.002448 -0.019887
v -0.009953 0.002159 -0.019574
v -0.010337 0.002159 -0.019887
v -0.009928 0.001969 -0.019574
v -0.010299 0.001870 -0.019887
v -0.009778 0.001191 -0.019887
v -0.009409 0.001450 -0.019574
v -0.009508 0.001079 -0.019887
v -0.009219 0.001425 -0.019574
v -0.009029 0.001450 -0.019574
v -0.008930 0.001079 -0.019887
v -0.008660 0.001191 -0.019887
v -0.008584 0.001792 -0.019574
v -0.008251 0.001600 -0.019887
v -0.007122 0.002721 -0.021141
v -0.007048 0.002159 -0.021141
v -0.007048 0.002159 -0.020114
v -0.007122 0.002721 -0.020114
v -0.007339 0.003244 -0.020114
v -0.007339 0.003244 -0.021141
v -0.007684 0.003694 -0.020114
v -0.007684 0.003694 -0.021141
v -0.008134 0.004039 -0.020114
v -0.008134 0.004039 -0.021141
v -0.009781 0.004256 -0.020114
v -0.009781 0.004256 -0.021141
v -0.009219 0.004330 -0.021141
v -0.009219 0.004330 -0.020114
v -0.010304 0.004039 -0.020114
v -0.010304 0.004039 -0.021141
v -0.010754 0.003694 -0.020114
v -0.010754 0.003694 -0.021141
v -0.011099 0.003244 -0.020114
v -0.011099 0.003244 -0.021141
v -0.010304 0.000279 -0.021141
v -0.010754 0.000624 -0.021141
v -0.010754 0.000624 -0.020114
v -0.010304 0.000279 -0.020114
v -0.008657 0.000062 -0.021141
v -0.009219 -0.000012 -0.021141
v -0.009219 -0.000012 -0.020114
v -0.008657 0.000062 -0.020114
v -0.007684 0.000624 -0.021141
v -0.008134 0.000279 -0.021141
v -0.008134 0.000279 -0.020114
v -0.007684 0.000624 -0.020114
v -0.007339 0.001073 -0.020114
v -0.007339 0.001073 -0.021141
v -0.007122 0.001597 -0.020114
v -0.007122 0.001597 -0.021141
v -0.007157 0.002159 -0.021274
v -0.007227 0.002693 -0.021274
v -0.007956 0.002497 -0.021433
v -0.007912 0.002159 -0.021433
v -0.007761 0.003617 -0.021274
v -0.008295 0.003083 -0.021433
v -0.008685 0.004151 -0.021274
v -0.009219 0.003466 -0.021433
v -0.010143 0.003083 -0.021433
v -0.010351 0.002812 -0.021433
v -0.010482 0.002497 -0.021433
v -0.011281 0.002159 -0.021274
v -0.010482 0.001821 -0.021433
v -0.010351 0.001505 -0.021433
v -0.009557 0.000896 -0.021433
v -0.009219 0.000852 -0.021433
v -0.008685 0.000167 -0.021274
v -0.008881 0.000896 -0.021433
v -0.008188 0.000373 -0.021274
v -0.008565 0.001027 -0.021433
v -0.008087 0.001505 -0.021433
v -0.007227 0.001625 -0.021274
v -0.008657 0.004256 -0.021141
v -0.008657 0.004256 -0.020114
v -0.011316 0.002721 -0.021141
v -0.011316 0.002721 -0.020114
v -0.011390 0.002159 -0.021141
v -0.011390 0.002159 -0.020114
v -0.011316 0.001597 -0.021141
v -0.011316 0.001597 -0.020114
v -0.011099 0.001073 -0.021141
v -0.011099 0.001073 -0.020114
v -0.009781 0.000062 -0.020114
v -0.009781 0.000062 -0.021141
v -0.007157 0.002159 -0.019980
v -0.007227 0.002693 -0.019980
v -0.007433 0.003190 -0.019980
v -0.008188 0.003945 -0.019980
v -0.008685 0.004151 -0.019980
v -0.009219 0.004221 -0.019980
v -0.010677 0.003617 -0.019980
v -0.011211 0.002693 -0.019980
v -0.011211 0.001625 -0.019980
v -0.011005 0.001128 -0.019980
v -0.009219 0.000096 -0.019980
v -0.008188 0.000373 -0.019980
v -0.007227 0.001625 -0.019980
v -0.007433 0.003190 -0.021274
v -0.008188 0.003945 -0.021274
v -0.009219 0.004221 -0.021274
v -0.009753 0.004151 -0.021274
v -0.010250 0.003945 -0.021274
v -0.010677 0.003617 -0.021274
v -0.011005 0.003190 -0.021274
v -0.011211 0.002693 -0.021274
v -0.011211 0.001625 -0.021274
v -0.011005 0.001128 -0.021274
v -0.010677 0.000701 -0.021274
v -0.010250 0.000373 -0.021274
v -0.009753 0.000167 -0.021274
v -0.009219 0.000096 -0.021274
v -0.007761 0.000701 -0.021274
v -0.007433 0.001128 -0.021274
vn -0.0000 -0.0000 -1.0000
vn -0.0000 -0.0000 1.0000
vn -0.5248 -0.0000 0.8512
vn -0.5070 -0.1358 0.8512
vn -0.4545 -0.2624 0.8512
vn -0.3711 -0.3711 0.8512
vn -0.2624 -0.4545 0.8512
vn -0.1358 -0.5070 0.8512
vn -0.0000 -0.5248 0.8512
vn 0.1358 -0.5070 0.8512
vn 0.2624 -0.4545 0.8512
vn 0.3711 -0.3711 0.8512
vn 0.4545 -0.2624 0.8512
vn 0.5070 -0.1358 0.8512
vn 0.5248 -0.0000 0.8512
vn 0.5070 0.1358 0.8512
vn 0.4545 0.2624 0.8512
vn 0.3711 0.3711 0.8512
vn 0.2624 0.4545 0.8512
vn 0.1358 0.5070 0.8512
vn -0.0000 0.5248 0.8512
vn -0.1358 0.5070 0.8512
vn -0.2624 0.4545 0.8512
vn -0.3711 0.3711 0.8512
vn -0.4545 0.2624 0.8512
vn -0.5070 0.1358 0.8512
vn -0.9659 0.2588 -0.0000
vn -0.8660 0.5000 -0.0000
vn 0.7071 0.7071 -0.0000
vn 0.5000 0.8660 -0.0000
vn 0.8660 0.5000 -0.0000
vn -1.0000 -0.0000 -0.0000
vn -0.5000 -0.8660 -0.0000
vn -0.7071 -0.7071 -0.0000
vn -0.2588 0.9659 -0.0000
vn -0.5000 0.8660 -0.0000
vn -0.7071 0.7071 -0.0000
vn -0.0000 -1.0000 -0.0000
vn -0.2588 -0.9659 -0.0000
vn -0.0000 -0.6326 -0.7745
vn -0.1637 -0.6110 -0.7745
vn 0.2588 -0.9659 -0.0000
vn -0.0000 1.0000 -0.0000
vn 0.2588 0.9659 -0.0000
vn -0.8660 -0.5000 -0.0000
vn 0.5000 -0.8660 -0.0000
vn -0.0000 0.5756 -0.8177
vn 0.1490 0.5560 -0.8177
vn -0.5756 -0.0000 -0.8177
vn -0.5560 0.1490 -0.8177
vn -0.4985 0.2878 -0.8177
vn -0.4070 0.4070 -0.8177
vn -0.2878 0.4985 -0.8177
vn -0.0000 -0.5756 -0.8177
vn -0.1490 -0.5560 -0.8177
vn -0.1490 0.5560 -0.8177
vn -0.2878 -0.4985 -0.8177
vn 0.1456 0.1456 -0.9786
vn 0.1784 0.1030 -0.9786
vn -0.1784 0.1030 -0.9786
vn -0.1456 0.1456 -0.9786
vn 0.1030 -0.1784 0.9786
vn 0.1456 -0.1456 0.9786
vn -0.1030 -0.1784 0.9786
vn -0.0533 -0.1989 0.9786
vn -0.1030 0.1784 -0.9786
vn -0.0533 0.1989 -0.9786
vn 0.2060 -0.0000 0.9786
vn 0.1989 0.0533 0.9786
vn 0.2010 0.7501 0.6301
vn 0.3883 0.6725 0.6301
vn 0.7501 -0.2010 0.6301
vn 0.7765 -0.0000 0.6301
vn -0.5491 -0.5491 -0.6301
vn -0.3883 -0.6725 -0.6301
vn -0.0000 0.7765 0.6301
vn -0.2010 0.7501 0.6301
vn 0.6725 0.3883 0.6301
vn 0.7501 0.2010 0.6301
vn -0.5491 -0.5491 0.6301
vn -0.6725 -0.3883 0.6301
vn -0.1784 -0.1030 0.9786
vn -0.1990 -0.0533 0.9786
vn -0.1456 0.1456 0.9786
vn -0.1784 0.1030 0.9786
vn -0.6725 -0.3883 -0.6301
vn -0.0000 0.7765 -0.6301
vn -0.2010 0.7501 -0.6301
vn 0.5491 -0.5491 -0.6301
vn 0.6725 -0.3883 -0.6301
vn -0.0533 0.1990 0.9786
vn -0.1030 0.1784 0.9786
vn 0.1990 0.0533 -0.9786
vn 0.0533 0.1989 -0.9786
vn 0.1030 0.1784 -0.9786
vn 0.2060 -0.0000 -0.9786
vn 0.1990 -0.0533 -0.9786
vn -0.1456 -0.1456 -0.9786
vn -0.1784 -0.1030 -0.9786
vn 0.1784 -0.1030 0.9786
vn -0.0000 0.2060 -0.9786
vn -0.1989 0.0533 0.9786
vn 0.4985 0.2878 -0.8177
vn 0.5560 0.1490 -0.8177
vn 0.2878 0.4985 -0.8177
vn -0.4985 -0.2878 -0.8177
vn -0.5560 -0.1490 -0.8177
vn -0.4070 -0.4070 -0.8177
vn 0.2878 -0.4985 -0.8177
vn 0.1490 -0.5560 -0.8177
vn 0.5756 -0.0000 -0.8177
vn -0.3763 -0.6518 -0.6584
vn -0.5322 -0.5322 -0.6584
vn 0.6518 0.3763 -0.6584
vn 0.7270 0.1948 -0.6584
vn -0.0000 -0.7527 -0.6584
vn -0.1948 -0.7270 -0.6584
vn 0.3763 -0.6518 -0.6584
vn 0.1948 -0.7270 -0.6584
vn -0.6518 -0.3763 -0.6584
vn 0.7527 -0.0000 -0.6584
vn 0.7270 -0.1948 -0.6584
vn -0.0000 0.7527 -0.6584
vn 0.1948 0.7270 -0.6584
vn -0.5322 0.5322 -0.6584
vn -0.3763 0.6518 -0.6584
vn 0.5322 0.5322 -0.6584
vn 0.3763 0.6518 -0.6584
vn -0.6518 0.3763 -0.6584
vn -0.1948 0.7270 -0.6584
vn -0.7527 -0.0000 -0.6584
vn -0.7270 0.1948 -0.6584
vn -0.5478 -0.3163 -0.7745
vn -0.6110 -0.1637 -0.7745
vn 0.5478 0.3163 -0.7745
vn 0.6110 0.1637 -0.7745
vn 0.4473 0.4473 -0.7745
vn 0.3163 0.5478 -0.7745
vn 0.1637 0.6110 -0.7745
vn -0.0000 0.6326 -0.7745
vn -0.1637 0.6110 -0.7745
vn -0.3163 -0.5478 -0.7745
vn 0.6326 -0.0000 -0.7745
vn -0.4473 0.4473 -0.7745
vn -0.3163 0.5478 -0.7745
vn 0.6110 -0.1637 -0.7745
vn 0.5478 -0.3163 -0.7745
vn -0.4473 -0.4473 -0.7745
vn 0.4473 -0.4473 -0.7745
vn -0.9659 -0.2588 -0.0000
vn -0.1989 -0.0533 -0.9786
vn -0.2060 -0.0000 -0.9786
vn 0.1030 0.1784 0.9786
vn 0.0533 0.1990 0.9786
vn -0.0000 0.2060 0.9786
vn 0.0533 -0.1989 0.9786
vn -0.0000 -0.2060 0.9786
vn 0.1989 -0.0533 0.9786
vn 0.7071 -0.7071 -0.0000
vn 0.6725 -0.3883 0.6301
vn -0.3883 0.6725 -0.6301
vn -0.7501 -0.2010 -0.6301
vn -0.0000 -0.7765 -0.6301
vn 0.2010 -0.7501 -0.6301
vn 0.3883 -0.6725 -0.6301
vn 0.3883 -0.6725 0.6301
vn 0.5491 -0.5491 0.6301
vn 0.7501 -0.2010 -0.6301
vn -0.7501 0.2010 0.6301
vn -0.7765 -0.0000 0.6301
vn 0.6725 0.3883 -0.6301
vn 0.7501 0.2010 -0.6301
vn 0.2010 0.7501 -0.6301
vn -0.6725 0.3883 0.6301
vn -0.3883 0.6725 0.6301
vn -0.5491 0.5491 0.6301
vn -0.0000 -0.7765 0.6301
vn 0.2010 -0.7501 0.6301
vn -0.3883 -0.6725 0.6301
vn -0.2010 -0.7501 0.6301
vn -0.2010 -0.7501 -0.6301
vn 0.7765 -0.0000 -0.6301
vn 0.4070 -0.4070 -0.8177
vn 0.4985 -0.2878 -0.8177
vn 0.5560 -0.1490 -0.8177
vn 0.4070 0.4070 -0.8177
vn -0.1030 -0.1784 -0.9786
vn -0.0000 -0.2060 -0.9786
vn -0.0533 -0.1990 -0.9786
vn 0.1784 -0.1030 -0.9786
vn 0.1030 -0.1784 -0.9786
vn 0.0533 -0.1990 -0.9786
vn -0.2060 -0.0000 0.9786
vn -0.6725 0.3883 -0.6301
vn -0.5491 0.5491 -0.6301
vn -0.0533 0.1989 0.9786
vn -0.1989 0.0533 -0.9786
vn -0.1990 0.0533 -0.9786
vn -0.1456 -0.1456 0.9786
vn 0.1456 -0.1456 -0.9786
vn 0.9659 -0.2588 -0.0000
vn 1.0000 -0.0000 -0.0000
vn 0.9659 0.2588 -0.0000
vn -0.7501 0.2010 -0.6301
vn -0.7765 -0.0000 -0.6301
vn 0.5491 0.5491 0.6301
vn -0.7501 -0.2010 0.6301
vn 0.1784 0.1030 0.9786
vn 0.1456 0.1456 0.9786
vn -0.7270 -0.1948 -0.6584
vn 0.6518 -0.3763 -0.6584
vn 0.5322 -0.5322 -0.6584
vn 0.3163 -0.5478 -0.7745
vn 0.1637 -0.6110 -0.7745
vn -0.6110 0.1637 -0.7745
vn -0.5478 0.3163 -0.7745
vn -0.6326 -0.0000 -0.7745
vn 0.8660 -0.5000 -0.0000
vn 0.5491 0.5491 -0.6301
vn 0.3883 0.6725 -0.6301
vn -0.5070 -0.1358 -0.8512
vn -0.5248 -0.0000 -0.8512
vn -0.4545 -0.2624 -0.8512
vn -0.3711 -0.3711 -0.8512
vn -0.2624 -0.4545 -0.8512
vn -0.1358 -0.5070 -0.8512
vn -0.0000 -0.5248 -0.8512
vn 0.1358 -0.5070 -0.8512
vn 0.2624 -0.4545 -0.8512
vn 0.3711 -0.3711 -0.8512
vn 0.4545 -0.2624 -0.8512
vn 0.5070 -0.1358 -0.8512
vn 0.5248 -0.0000 -0.8512
vn 0.5070 0.1358 -0.8512
vn 0.4545 0.2624 -0.8512
vn 0.3711 0.3711 -0.8512
vn 0.2624 0.4545 -0.8512
vn 0.1358 0.5070 -0.8512
vn -0.0000 0.5248 -0.8512
vn -0.1358 0.5070 -0.8512
vn -0.2624 0.4545 -0.8512
vn -0.3711 0.3711 -0.8512
vn -0.4545 0.2624 -0.8512
vn -0.5070 0.1358 -0.8512
vn -0.1637 -0.6110 0.7745
vn -0.0000 -0.6326 0.7745
vn 0.1490 0.5560 0.8177
vn -0.0000 0.5756 0.8177
vn -0.5560 0.1490 0.8177
vn -0.5756 -0.0000 0.8177
vn -0.4985 0.2878 0.8177
vn -0.4070 0.4070 0.8177
vn -0.2878 0.4985 0.8177
vn -0.0000 -0.5756 0.8177
vn -0.1490 -0.5560 0.8177
vn -0.1490 0.5560 0.8177
vn -0.2878 -0.4985 0.8177
vn -0.0533 -0.1989 -0.9786
vn 0.1989 0.0533 -0.9786
vn -0.1990 -0.0533 -0.9786
vn 0.1990 0.0533 0.9786
vn 0.1990 -0.0533 0.9786
vn 0.4985 0.2878 0.8177
vn 0.5560 0.1490 0.8177
vn 0.2878 0.4985 0.8177
vn -0.4985 -0.2878 0.8177
vn -0.5560 -0.1490 0.8177
vn -0.4070 -0.4070 0.8177
vn 0.2878 -0.4985 0.8177
vn 0.1490 -0.5560 0.8177
vn 0.5756 -0.0000 0.8177
vn -0.5322 -0.5322 0.6584
vn -0.3763 -0.6518 0.6584
vn 0.7270 0.1948 0.6584
vn 0.6518 0.3763 0.6584
vn -0.0000 -0.7527 0.6584
vn -0.1948 -0.7270 0.6584
vn 0.1948 -0.7270 0.6584
vn 0.3763 -0.6518 0.6584
vn -0.6518 -0.3763 0.6584
vn 0.7270 -0.1948 0.6584
vn 0.7527 -0.0000 0.6584
vn 0.1948 0.7270 0.6584
vn -0.0000 0.7527 0.6584
vn -0.5322 0.5322 0.6584
vn -0.3763 0.6518 0.6584
vn 0.5322 0.5322 0.6584
vn 0.3763 0.6518 0.6584
vn -0.6518 0.3763 0.6584
vn -0.1948 0.7270 0.6584
vn -0.7270 0.1948 0.6584
vn -0.7527 -0.0000 0.6584
vn -0.6110 -0.1637 0.7745
vn -0.5478 -0.3163 0.7745
vn 0.6110 0.1637 0.7745
vn 0.5478 0.3163 0.7745
vn 0.4473 0.4473 0.7745
vn 0.3163 0.5478 0.7745
vn 0.1637 0.6110 0.7745
vn -0.0000 0.6326 0.7745
vn -0.1637 0.6110 0.7745
vn -0.3163 -0.5478 0.7745
vn 0.6326 -0.0000 0.7745
vn -0.4473 0.4473 0.7745
vn -0.3163 0.5478 0.7745
vn 0.6110 -0.1637 0.7745
vn 0.5478 -0.3163 0.7745
vn -0.4473 -0.4473 0.7745
vn 0.4473 -0.4473 0.7745
vn 0.0533 -0.1989 -0.9786
vn 0.1989 -0.0533 -0.9786
vn 0.4070 -0.4070 0.8177
vn 0.4985 -0.2878 0.8177
vn 0.5560 -0.1490 0.8177
vn 0.4070 0.4070 0.8177
vn -0.0533 -0.1990 0.9786
vn 0.0533 -0.1990 0.9786
vn -0.7270 -0.1948 0.6584
vn 0.6518 -0.3763 0.6584
vn 0.5322 -0.5322 0.6584
vn 0.1637 -0.6110 0.7745
vn 0.3163 -0.5478 0.7745
vn -0.5478 0.3163 0.7745
vn -0.6110 0.1637 0.7745
vn -0.6326 -0.0000 0.7745
vn -0.1990 0.0533 0.9786
vt 0.655882 0.146730
vt 0.624611 0.138706
vt 0.656893 0.138362
vt 0.655704 0.130018
vt 0.652397 0.122267
vt 0.647194 0.115635
vt 0.640452 0.110576
vt 0.632633 0.107433
vt 0.624264 0.106422
vt 0.615923 0.107611
vt 0.608170 0.110919
vt 0.601536 0.116120
vt 0.596478 0.122861
vt 0.593336 0.130682
vt 0.592324 0.139049
vt 0.593514 0.147393
vt 0.596821 0.155145
vt 0.602023 0.161776
vt 0.608764 0.166836
vt 0.616585 0.169978
vt 0.624953 0.170989
vt 0.633297 0.169800
vt 0.641047 0.166492
vt 0.647682 0.161291
vt 0.652739 0.154550
vt 0.719028 0.059535
vt 0.721604 0.056176
vt 0.722386 0.056957
vt 0.722939 0.057914
vt 0.723225 0.058981
vt 0.723225 0.060086
vt 0.722940 0.061154
vt 0.722388 0.062111
vt 0.721607 0.062893
vt 0.720650 0.063446
vt 0.719583 0.063733
vt 0.718477 0.063733
vt 0.717409 0.063448
vt 0.716452 0.062896
vt 0.715670 0.062114
vt 0.715117 0.061157
vt 0.714831 0.060090
vt 0.714830 0.058985
vt 0.715116 0.057917
vt 0.715668 0.056959
vt 0.716449 0.056178
vt 0.717406 0.055625
vt 0.718474 0.055338
vt 0.719579 0.055338
vt 0.720647 0.055623
vt 0.421630 0.049161
vt 0.443729 0.008089
vt 0.443729 0.049161
vt 0.068041 0.049161
vt 0.045942 0.008089
vt 0.068041 0.008089
vt 0.090141 0.049161
vt 0.090141 0.008089
vt 0.399532 0.049161
vt 0.421630 0.008089
vt 0.311134 0.049161
vt 0.333233 0.008089
vt 0.333233 0.049161
vt 0.510028 0.049161
vt 0.487929 0.008089
vt 0.510028 0.008089
vt 0.487929 0.049161
vt 0.465829 0.008089
vt 0.266935 0.049161
vt 0.289034 0.008089
vt 0.289034 0.049161
vt 0.311134 0.008089
vt 0.624963 0.192799
vt 0.244836 0.049161
vt 0.266935 0.008089
vt 0.001743 0.049161
vt 0.023843 0.008089
vt 0.023843 0.049161
vt 0.355332 0.008089
vt 0.355332 0.049161
vt 0.465829 0.049161
vt 0.222736 0.008089
vt 0.244836 0.008089
vt 0.624210 0.072654
vt 0.640164 0.079195
vt 0.624231 0.077196
vt 0.563099 0.139083
vt 0.560704 0.121996
vt 0.565099 0.123150
vt 0.571152 0.108278
vt 0.580851 0.095479
vt 0.591235 0.081703
vt 0.593527 0.085626
vt 0.624987 0.200215
vt 0.607901 0.202609
vt 0.609053 0.198216
vt 0.607128 0.075009
vt 0.608325 0.079390
vt 0.591927 0.196107
vt 0.594179 0.192163
vt 0.777269 0.012141
vt 0.783639 0.012132
vt 0.778495 0.014267
vt 0.757946 0.008745
vt 0.764096 0.010404
vt 0.762362 0.012139
vt 0.718145 0.052848
vt 0.712796 0.056957
vt 0.764096 0.004032
vt 0.768589 0.008543
vt 0.766220 0.009178
vt 0.724378 0.055427
vt 0.045942 0.001210
vt 0.156439 0.008089
vt 0.134339 0.001210
vt 0.156439 0.001210
vt 0.311134 0.056040
vt 0.532127 0.008089
vt 0.510028 0.001210
vt 0.532127 0.001210
vt 0.112240 0.001210
vt 0.112240 0.008089
vt 0.355332 0.001210
vt 0.713678 0.063644
vt 0.712798 0.062119
vt 0.718150 0.066223
vt 0.355332 0.056040
vt 0.333233 0.056040
vt 0.532127 0.049161
vt 0.510028 0.056040
vt 0.200638 0.049161
vt 0.178538 0.056040
vt 0.178538 0.049161
vt 0.721611 0.065765
vt 0.784653 0.015908
vt 0.779128 0.016638
vt 0.775541 0.004038
vt 0.775536 0.010405
vt 0.773410 0.009180
vt 0.779132 0.019092
vt 0.783643 0.023590
vt 0.778495 0.021462
vt 0.762362 0.023582
vt 0.755994 0.023585
vt 0.761136 0.021457
vt 0.719906 0.052848
vt 0.771042 0.008543
vt 0.716449 0.065769
vt 0.677689 0.107624
vt 0.688305 0.121224
vt 0.683923 0.122422
vt 0.641316 0.074801
vt 0.655038 0.085248
vt 0.577621 0.092283
vt 0.571528 0.169787
vt 0.560912 0.156187
vt 0.565294 0.154989
vt 0.581382 0.182466
vt 0.567607 0.172077
vt 0.578185 0.185693
vt 0.655690 0.191785
vt 0.642089 0.202403
vt 0.640893 0.198021
vt 0.690658 0.138306
vt 0.686117 0.138328
vt 0.662609 0.100206
vt 0.651351 0.091682
vt 0.572449 0.153048
vt 0.577937 0.166059
vt 0.624254 0.084611
vt 0.638268 0.086363
vt 0.610267 0.086546
vt 0.597257 0.092035
vt 0.667836 0.094945
vt 0.671280 0.111352
vt 0.572268 0.125046
vt 0.570513 0.139059
vt 0.610949 0.191048
vt 0.663110 0.176705
vt 0.651963 0.185375
vt 0.586608 0.177206
vt 0.597869 0.185729
vt 0.671633 0.165446
vt 0.668366 0.181932
vt 0.638950 0.190865
vt 0.676949 0.152364
vt 0.678704 0.138351
vt 0.377432 0.049161
vt 0.399532 0.008089
vt 0.754983 0.019813
vt 0.760503 0.016634
vt 0.760505 0.019087
vt 0.725260 0.062114
vt 0.724379 0.063638
vt 0.716444 0.053305
vt 0.781684 0.008750
vt 0.714920 0.054187
vt 0.721607 0.053304
vt 0.723131 0.054184
vt 0.045942 0.049161
vt 0.222736 0.049161
vt 0.377432 0.008089
vt 0.178538 0.001210
vt 0.178538 0.008089
vt 0.487929 0.056040
vt 0.134339 0.008089
vt 0.377432 0.056040
vt 0.244836 0.056040
vt 0.222736 0.056040
vt 0.200638 0.001210
vt 0.222736 0.001210
vt 0.156439 0.049161
vt 0.156439 0.056040
vt 0.399532 0.001210
vt 0.421630 0.001210
vt 0.112240 0.056040
vt 0.090141 0.056040
vt 0.023843 0.056040
vt 0.001743 0.056040
vt 0.001743 0.008089
vt 0.023843 0.001210
vt 0.443729 0.001210
vt 0.465829 0.001210
vt 0.487929 0.001210
vt 0.244836 0.001210
vt 0.266935 0.001210
vt 0.289034 0.001210
vt 0.311134 0.001210
vt 0.266935 0.056040
vt 0.134339 0.049161
vt 0.134339 0.056040
vt 0.657982 0.195708
vt 0.682011 0.171385
vt 0.678066 0.169134
vt 0.684121 0.154261
vt 0.681611 0.105334
vt 0.764093 0.025318
vt 0.757944 0.026967
vt 0.767849 0.032698
vt 0.766217 0.026546
vt 0.768585 0.027181
vt 0.760711 0.005983
vt 0.781689 0.026977
vt 0.777267 0.023586
vt 0.775532 0.031697
vt 0.771037 0.027182
vt 0.773406 0.026547
vt 0.714924 0.064888
vt 0.764079 0.031682
vt 0.200638 0.056040
vt 0.465829 0.056040
vt 0.443729 0.056040
vt 0.723135 0.064884
vt 0.755991 0.012132
vt 0.761136 0.014264
vt 0.712342 0.060418
vt 0.767869 0.003025
vt 0.713675 0.055432
vt 0.778922 0.029744
vt 0.775530 0.025320
vt 0.112240 0.049161
vt 0.399532 0.056040
vt 0.090141 0.001210
vt 0.068041 0.001210
vt 0.377432 0.001210
vt 0.712342 0.058658
vt 0.725258 0.056952
vt 0.725714 0.058653
vt 0.671032 0.091718
vt 0.625007 0.204757
vt 0.688513 0.155415
vt 0.676768 0.124364
vt 0.577584 0.111965
vt 0.586107 0.100706
vt 0.200638 0.008089
vt 0.725714 0.060413
vt 0.719911 0.066222
vt 0.045942 0.056040
vt 0.068041 0.056040
vt 0.421630 0.056040
vt 0.289034 0.056040
vt 0.333233 0.001210
vt 0.558556 0.139105
vt 0.773945 0.016090
vt 0.776947 0.016085
vt 0.776025 0.014491
vt 0.767736 0.015271
vt 0.764838 0.014489
vt 0.766919 0.016089
vt 0.769854 0.014394
vt 0.767736 0.012268
vt 0.768737 0.014693
vt 0.774522 0.017092
vt 0.777424 0.017865
vt 0.773128 0.015272
vt 0.773130 0.012271
vt 0.772126 0.014694
vt 0.774823 0.019365
vt 0.776949 0.021486
vt 0.777424 0.019707
vt 0.766919 0.021482
vt 0.763918 0.021483
vt 0.764837 0.023077
vt 0.771010 0.014394
vt 0.771353 0.011794
vt 0.567206 0.106026
vt 0.766043 0.018207
vt 0.763441 0.019706
vt 0.766043 0.019363
vt 0.774724 0.013191
vt 0.671596 0.185129
vt 0.767735 0.022300
vt 0.766137 0.024378
vt 0.768736 0.022879
vt 0.769505 0.025778
vt 0.769852 0.023178
vt 0.766141 0.013187
vt 0.774523 0.020483
vt 0.776028 0.023082
vt 0.771007 0.023178
vt 0.773126 0.025306
vt 0.772124 0.022879
vt 0.767728 0.025300
vt 0.766341 0.020481
vt 0.763916 0.016085
vt 0.763441 0.017865
vt 0.769514 0.011793
vt 0.773944 0.021484
vt 0.774724 0.024386
vt 0.657290 0.081303
vt 0.766341 0.017090
vt 0.774821 0.018209
vt 0.773125 0.022301
vt 0.771346 0.025781
vt 0.532127 0.056040
vt 0.778922 0.005991
vt 0.784653 0.019816
vt 0.771771 0.003028
vt 0.754982 0.015907
vt 0.001743 0.001210
vt 0.760703 0.029728
vt 0.771755 0.032704
s 1
usemtl wheel
f 1/1/1 2/2/1 3/3/1
f 3/3/1 2/2/1 95/4/1
f 95/4/1 2/2/1 4/5/1
f 4/5/1 2/2/1 97/6/1
f 97/6/1 2/2/1 99/7/1
f 99/7/1 2/2/1 5/8/1
f 5/8/1 2/2/1 6/9/1
f 6/9/1 2/2/1 7/10/1
f 7/10/1 2/2/1 102/11/1
f 102/11/1 2/2/1 104/12/1
f 104/12/1 2/2/1 8/13/1
f 8/13/1 2/2/1 9/14/1
f 9/14/1 2/2/1 107/15/1
f 107/15/1 2/2/1 109/16/1
f 109/16/1 2/2/1 10/17/1
f 10/17/1 2/2/1 11/18/1
f 11/18/1 2/2/1 12/19/1
f 12/19/1 2/2/1 112/20/1
f 112/20/1 2/2/1 114/21/1
f 114/21/1 2/2/1 115/22/1
f 115/22/1 2/2/1 13/23/1
f 13/23/1 2/2/1 14/24/1
f 14/24/1 2/2/1 118/25/1
f 118/25/1 2/2/1 1/1/1
f 15/26/2 159/27/3 158/28/4
f 15/26/2 158/28/4 16/29/5
f 15/26/2 16/29/5 161/30/6
f 15/26/2 161/30/6 17/31/7
f 15/26/2 17/31/7 18/32/8
f 15/26/2 18/32/8 163/33/9
f 15/26/2 163/33/9 19/34/10
f 15/26/2 19/34/10 20/35/11
f 15/26/2 20/35/11 164/36/12
f 15/26/2 164/36/12 165/37/13
f 15/26/2 165/37/13 166/38/14
f 15/26/2 166/38/14 21/39/15
f 15/26/2 21/39/15 168/40/16
f 15/26/2 168/40/16 169/41/17
f 15/26/2 169/41/17 22/42/18
f 15/26/2 22/42/18 23/43/19
f 15/26/2 23/43/19 170/44/20
f 15/26/2 170/44/20 171/45/21
f 15/26/2 171/45/21 173/46/22
f 15/26/2 173/46/22 175/47/23
f 15/26/2 175/47/23 24/48/24
f 15/26/2 24/48/24 176/49/25
f 15/26/2 176/49/25 25/50/26
f 15/26/2 25/50/26 159/27/3
f 181/51/27 139/52/28 138/53/28
f 126/54/29 129/55/30 127/56/29
f 124/57/31 127/56/29 125/58/31
f 183/59/32 180/60/27 181/51/27
f 143/61/33 141/62/34 142/63/34
f 130/64/35 135/65/36 131/66/35
f 134/67/36 137/68/37 135/65/36
f 146/69/38 189/70/39 188/71/39
f 143/61/33 189/70/39 140/72/33
f 90/73/40 112/20/41 114/21/40
f 147/74/42 145/75/38 146/69/38
f 133/76/43 178/77/44 179/78/44
f 142/63/34 186/79/45 187/80/45
f 136/81/37 139/52/28 137/68/37
f 147/74/42 149/82/46 144/83/42
f 29/84/47 82/85/48 57/86/47
f 85/87/49 37/88/50 61/89/50
f 37/88/50 60/90/51 61/89/50
f 84/91/52 32/92/53 59/93/53
f 71/94/54 70/95/55 89/96/55
f 59/93/53 30/97/56 58/98/56
f 89/96/55 69/99/57 88/100/57
f 54/101/58 192/102/59 52/103/59
f 36/104/60 34/105/61 35/106/60
f 175/47/62 217/107/63 24/48/63
f 23/43/64 215/108/65 170/44/65
f 33/109/66 30/110/67 32/111/66
f 159/27/68 157/112/69 158/28/69
f 178/77/70 204/113/71 129/55/71
f 155/114/72 156/115/73 177/116/72
f 142/63/74 40/117/75 143/61/75
f 132/118/76 206/119/77 205/120/76
f 125/58/78 157/121/79 120/122/79
f 141/62/80 212/123/81 186/79/81
f 169/41/82 211/124/83 212/125/82
f 164/36/84 209/126/85 165/37/85
f 142/63/74 199/127/86 39/128/74
f 133/129/87 31/130/88 130/64/88
f 151/131/89 47/132/90 152/133/90
f 19/34/91 207/134/92 20/35/92
f 52/103/59 191/135/93 50/136/93
f 194/137/94 28/138/95 56/139/94
f 26/140/96 202/141/97 48/142/97
f 68/143/98 199/144/99 66/145/99
f 176/49/100 217/107/63 218/146/100
f 29/147/101 194/137/94 56/139/94
f 165/37/85 210/148/102 166/38/102
f 51/149/103 50/150/104 78/151/104
f 56/152/48 55/153/105 82/85/48
f 60/90/51 34/154/52 84/91/52
f 65/155/106 64/156/107 63/157/107
f 67/158/108 66/159/106 65/155/106
f 88/100/57 68/160/108 67/158/108
f 75/161/109 74/162/110 73/163/110
f 78/151/104 26/164/111 49/165/111
f 55/153/112 98/166/113 80/167/112
f 65/155/114 110/168/115 86/169/114
f 100/170/116 82/85/117 81/171/117
f 59/93/118 101/172/119 103/173/118
f 53/174/113 79/175/120 98/166/113
f 85/87/121 106/176/122 108/177/121
f 71/94/123 113/178/124 90/73/123
f 91/179/125 75/161/126 117/180/126
f 67/158/127 86/169/114 87/181/127
f 89/96/124 111/182/128 113/178/124
f 110/168/115 85/87/121 108/177/121
f 119/183/129 92/184/125 91/179/125
f 75/161/126 116/185/130 117/180/126
f 82/85/117 80/167/112 81/171/117
f 49/165/131 93/186/132 94/187/131
f 86/169/133 109/16/134 10/17/133
f 79/175/135 95/4/136 4/5/135
f 98/166/137 4/5/135 97/6/137
f 80/167/138 97/6/137 99/7/138
f 81/171/139 99/7/138 5/8/139
f 100/170/140 5/8/139 6/9/140
f 101/172/141 6/9/140 7/10/141
f 113/178/41 12/19/142 112/20/41
f 95/4/136 94/187/143 3/3/143
f 104/12/144 103/173/145 102/11/145
f 3/3/143 93/186/146 1/1/146
f 93/186/146 118/25/147 1/1/146
f 111/182/142 11/18/148 12/19/142
f 11/18/148 86/169/133 10/17/133
f 118/25/147 91/179/149 14/24/149
f 185/188/150 182/189/32 183/59/32
f 198/190/151 62/191/152 64/192/151
f 17/31/153 162/193/154 18/32/154
f 163/33/155 162/193/154 205/194/155
f 173/46/156 174/195/62 175/47/62
f 28/138/95 27/196/58 54/101/58
f 171/45/157 172/197/156 173/46/156
f 159/27/68 177/198/158 156/199/68
f 128/200/30 178/77/44 129/55/30
f 151/131/159 149/82/46 150/201/46
f 187/80/45 184/202/150 185/188/150
f 155/114/72 218/203/160 153/204/160
f 130/64/88 33/205/161 134/67/161
f 120/122/79 156/115/73 121/206/73
f 187/80/86 198/207/162 199/127/86
f 146/69/163 42/208/164 147/74/164
f 147/74/164 201/209/165 150/201/165
f 149/82/166 217/210/167 174/211/166
f 154/212/168 47/132/90 202/213/168
f 180/60/169 167/214/170 210/215/169
f 124/57/171 191/216/172 192/217/171
f 133/76/87 194/218/173 195/219/87
f 132/220/76 162/221/70 178/77/70
f 180/60/169 209/222/174 139/52/174
f 135/65/175 208/223/176 207/224/175
f 145/75/177 172/225/178 216/226/177
f 140/72/179 215/227/180 214/228/179
f 188/71/181 200/229/163 146/69/163
f 122/230/182 202/213/168 190/231/182
f 92/184/183 43/232/109 75/161/109
f 46/233/184 92/184/183 76/234/184
f 26/164/111 77/235/185 49/165/111
f 53/174/186 52/236/103 51/149/103
f 69/237/187 39/238/98 68/143/98
f 200/239/188 70/240/189 72/241/188
f 196/242/61 32/111/66 34/105/61
f 48/142/97 47/243/190 46/244/190
f 201/245/191 74/246/192 43/247/191
f 21/39/193 210/148/102 167/248/193
f 41/249/189 69/237/187 70/240/189
f 66/145/99 198/190/151 64/192/151
f 144/83/178 174/211/166 172/225/178
f 139/52/174 208/223/176 137/68/176
f 150/201/165 45/250/89 151/131/89
f 138/53/194 196/251/195 36/252/194
f 163/33/155 206/253/196 19/34/91
f 62/191/152 197/254/197 37/255/198
f 169/41/82 213/256/199 22/42/199
f 31/257/67 29/147/101 30/110/67
f 170/44/65 216/258/157 171/45/157
f 46/244/190 45/259/200 44/260/200
f 155/114/201 122/230/202 121/206/202
f 123/261/203 121/206/202 122/230/202
f 133/129/43 131/66/35 132/118/43
f 181/51/204 38/262/205 183/59/205
f 127/56/206 203/263/78 125/58/78
f 185/188/162 38/262/205 198/207/162
f 127/56/206 204/113/71 160/264/206
f 186/79/81 211/265/207 184/202/207
f 23/43/64 213/256/199 214/266/64
f 16/29/208 157/112/69 203/267/208
f 161/30/209 203/267/208 160/268/209
f 21/39/193 211/124/83 168/40/83
f 55/153/105 54/269/186 53/174/186
f 73/163/110 72/270/54 71/94/54
f 58/98/56 29/84/47 57/86/47
f 48/271/185 76/234/184 77/235/185
f 64/156/107 85/87/49 63/157/107
f 58/98/119 100/170/116 101/172/119
f 96/272/210 49/165/131 94/187/131
f 105/273/211 84/91/212 83/274/212
f 51/149/120 96/272/210 79/175/120
f 93/186/132 76/234/129 119/183/129
f 88/100/128 87/181/127 111/182/128
f 83/274/212 59/93/118 103/173/118
f 106/176/122 60/90/211 105/273/211
f 73/163/130 90/73/123 116/185/130
f 117/180/213 115/22/214 13/23/213
f 106/176/215 8/13/216 9/14/215
f 107/15/217 106/176/215 9/14/215
f 116/185/214 114/21/40 115/22/214
f 8/13/216 83/274/144 104/12/144
f 109/16/134 108/177/217 107/15/217
f 91/179/149 13/23/213 14/24/149
f 103/173/145 7/10/141 102/11/145
f 151/131/159 153/204/218 148/275/159
f 153/204/218 154/212/201 155/114/201
f 123/261/203 125/58/31 120/122/203
f 17/31/153 160/268/209 204/276/153
f 197/254/197 35/106/60 37/255/198
f 191/135/93 26/140/96 50/136/93
f 45/259/200 43/247/191 44/260/200
f 25/50/158 218/146/100 177/198/158
f 74/246/192 200/239/188 72/241/188
f 20/35/92 208/277/84 164/36/84
f 126/54/219 193/278/220 128/200/220
f 189/70/180 216/226/177 215/227/180
f 126/54/219 192/217/171 27/279/219
f 134/67/161 196/251/195 136/81/195
f 153/204/160 217/210/167 148/275/167
f 138/53/194 197/280/204 181/51/204
f 123/261/172 190/231/182 191/216/172
f 131/66/77 207/224/175 206/119/77
f 143/61/75 41/281/181 188/71/181
f 140/72/179 213/282/80 141/62/80
f 184/202/207 167/214/170 182/189/170
f 179/78/173 193/278/220 194/218/173
f 219/1/2 221/3/2 220/2/2
f 221/3/2 313/4/2 220/2/2
f 313/4/2 222/5/2 220/2/2
f 222/5/2 315/6/2 220/2/2
f 315/6/2 317/7/2 220/2/2
f 317/7/2 223/8/2 220/2/2
f 223/8/2 224/9/2 220/2/2
f 224/9/2 225/10/2 220/2/2
f 225/10/2 320/11/2 220/2/2
f 320/11/2 322/12/2 220/2/2
f 322/12/2 226/13/2 220/2/2
f 226/13/2 227/14/2 220/2/2
f 227/14/2 325/15/2 220/2/2
f 325/15/2 327/16/2 220/2/2
f 327/16/2 228/17/2 220/2/2
f 228/17/2 229/18/2 220/2/2
f 229/18/2 230/19/2 220/2/2
f 230/19/2 330/20/2 220/2/2
f 330/20/2 332/21/2 220/2/2
f 332/21/2 333/22/2 220/2/2
f 333/22/2 231/23/2 220/2/2
f 231/23/2 232/24/2 220/2/2
f 232/24/2 336/25/2 220/2/2
f 336/25/2 219/1/2 220/2/2
f 233/26/1 376/28/221 377/27/222
f 233/26/1 234/29/223 376/28/221
f 233/26/1 379/30/224 234/29/223
f 233/26/1 235/31/225 379/30/224
f 233/26/1 236/32/226 235/31/225
f 233/26/1 381/33/227 236/32/226
f 233/26/1 237/34/228 381/33/227
f 233/26/1 238/35/229 237/34/228
f 233/26/1 382/36/230 238/35/229
f 233/26/1 383/37/231 382/36/230
f 233/26/1 384/38/232 383/37/231
f 233/26/1 239/39/233 384/38/232
f 233/26/1 386/40/234 239/39/233
f 233/26/1 387/41/235 386/40/234
f 233/26/1 240/42/236 387/41/235
f 233/26/1 241/43/237 240/42/236
f 233/26/1 388/44/238 241/43/237
f 233/26/1 389/45/239 388/44/238
f 233/26/1 391/46/240 389/45/239
f 233/26/1 393/47/241 391/46/240
f 233/26/1 242/48/242 393/47/241
f 233/26/1 394/49/243 242/48/242
f 233/26/1 243/50/244 394/49/243
f 233/26/1 377/27/222 243/50/244
f 357/52/28 399/51/27 356/53/28
f 347/55/30 344/54/29 345/56/29
f 345/56/29 342/57/31 343/58/31
f 398/60/27 401/59/32 399/51/27
f 359/62/34 361/61/33 360/63/34
f 353/65/36 348/64/35 349/66/35
f 355/68/37 352/67/36 353/65/36
f 407/70/39 364/69/38 406/71/39
f 407/70/39 361/61/33 358/72/33
f 330/20/245 308/73/246 332/21/246
f 363/75/38 365/74/42 364/69/38
f 396/77/44 351/76/43 397/78/44
f 404/79/45 360/63/34 405/80/45
f 357/52/28 354/81/37 355/68/37
f 367/82/46 365/74/42 362/83/42
f 300/85/247 247/84/248 275/86/248
f 279/89/249 280/283/250 303/87/250
f 278/90/251 255/88/249 279/89/249
f 302/91/252 250/92/253 252/154/252
f 289/94/254 288/95/255 290/270/254
f 277/93/253 248/97/256 250/92/253
f 307/96/255 287/99/257 288/95/255
f 272/284/209 410/285/208 245/286/209
f 252/287/84 254/288/85 253/289/85
f 435/107/200 393/47/191 242/48/200
f 433/108/258 241/43/187 388/44/258
f 248/290/91 251/291/92 250/292/92
f 375/112/93 377/27/96 376/28/259
f 422/113/220 396/77/173 347/55/220
f 373/114/168 374/115/182 339/206/182
f 258/117/179 360/63/80 361/61/179
f 350/118/87 424/119/88 349/66/88
f 375/121/172 343/58/171 338/122/172
f 430/123/86 359/62/74 404/79/86
f 387/41/99 429/124/260 386/40/151
f 427/126/60 382/36/61 383/37/60
f 360/63/80 417/127/81 405/80/81
f 249/130/77 351/129/76 348/64/77
f 265/132/160 369/131/167 370/133/160
f 425/134/66 237/34/67 238/35/66
f 270/293/208 409/294/261 410/285/208
f 246/295/153 412/296/154 274/297/154
f 244/298/68 420/299/262 408/300/68
f 286/301/199 417/302/82 257/303/199
f 394/49/190 435/107/200 242/48/200
f 247/304/155 412/296/154 413/305/155
f 428/148/197 383/37/60 384/38/197
f 269/149/263 268/150/264 270/236/263
f 273/153/265 274/152/247 300/85/247
f 278/90/251 252/154/252 253/306/251
f 283/155/266 282/156/267 284/159/266
f 285/158/268 284/159/266 286/160/268
f 306/100/257 286/160/268 287/99/257
f 293/161/269 292/162/270 261/232/269
f 296/151/264 244/164/271 268/150/264
f 316/166/272 273/153/273 298/167/273
f 328/168/274 283/155/275 304/169/275
f 318/170/276 300/85/277 275/86/276
f 319/172/278 277/93/279 321/173/279
f 297/175/280 271/174/272 316/166/272
f 324/176/281 303/87/282 326/177/282
f 331/178/283 289/94/284 308/73/284
f 309/179/285 293/161/286 310/184/285
f 304/169/275 285/158/287 305/181/287
f 329/182/288 307/96/283 331/178/283
f 328/168/274 303/87/282 281/157/274
f 337/183/289 310/184/285 294/234/289
f 334/185/290 293/161/286 335/180/286
f 298/167/273 300/85/277 299/171/277
f 311/186/291 267/165/292 312/187/292
f 327/16/293 304/169/294 228/17/294
f 313/4/295 297/175/296 222/5/296
f 222/5/296 316/166/297 315/6/297
f 315/6/297 298/167/298 317/7/298
f 317/7/298 299/171/299 223/8/299
f 223/8/299 318/170/300 224/9/300
f 224/9/300 319/172/301 225/10/301
f 230/19/302 331/178/245 330/20/245
f 313/4/295 312/187/303 314/272/295
f 322/12/304 321/173/305 301/274/304
f 221/3/303 311/186/306 312/187/303
f 336/25/307 311/186/306 219/1/306
f 229/18/308 329/182/302 230/19/302
f 229/18/308 304/169/294 305/181/308
f 336/25/307 309/179/309 337/183/307
f 400/189/32 403/188/150 401/59/32
f 280/307/193 416/308/83 282/309/83
f 380/193/94 235/31/95 236/32/94
f 381/33/101 380/193/94 236/32/94
f 392/195/191 391/46/310 393/47/191
f 246/295/153 245/286/209 411/310/153
f 390/197/310 389/45/188 391/46/310
f 377/27/96 395/198/311 243/50/311
f 346/200/30 396/77/44 397/78/44
f 367/82/46 369/131/159 368/201/46
f 402/202/150 405/80/45 403/188/150
f 436/203/90 373/114/168 371/204/90
f 251/205/175 348/64/77 352/67/175
f 374/115/182 338/122/172 339/206/182
f 405/80/81 416/207/207 403/188/207
f 260/208/178 364/69/177 365/74/178
f 419/209/166 365/74/178 368/201/166
f 367/82/165 435/210/89 366/275/89
f 372/212/72 265/132/160 370/133/160
f 398/60/204 385/214/205 400/189/205
f 342/57/78 409/216/79 341/261/79
f 351/76/76 412/218/70 397/78/70
f 380/221/173 350/220/87 396/77/173
f 357/52/194 428/215/204 398/60/204
f 353/65/161 426/223/195 355/68/195
f 363/75/163 390/225/164 362/83/164
f 358/72/75 433/227/181 407/70/181
f 418/229/177 406/71/180 364/69/177
f 340/230/73 420/213/72 372/212/72
f 310/184/312 261/232/269 262/311/312
f 310/184/312 264/233/313 294/234/313
f 295/235/314 244/164/271 267/165/271
f 271/174/315 270/236/263 272/269/315
f 287/312/64 257/303/199 258/313/64
f 288/314/316 418/315/157 290/316/157
f 250/292/92 414/317/84 252/287/84
f 266/318/158 265/319/100 420/299/262
f 292/320/317 419/321/62 261/322/62
f 239/39/152 428/148/197 384/38/197
f 287/312/64 259/323/316 288/314/316
f 284/324/82 416/308/83 417/302/82
f 362/83/164 392/211/165 367/82/165
f 426/223/195 357/52/194 355/68/195
f 263/250/167 368/201/166 369/131/167
f 356/53/174 414/251/176 354/81/176
f 424/253/67 381/33/101 237/34/67
f 280/307/193 415/325/102 256/326/193
f 240/42/98 430/125/99 387/41/99
f 247/304/155 249/327/196 248/290/91
f 434/258/188 388/44/258 389/45/188
f 264/328/100 263/329/63 265/319/100
f 373/114/201 340/230/202 372/212/201
f 339/206/202 341/261/203 340/230/202
f 349/66/35 351/129/43 350/118/43
f 256/262/170 399/51/169 401/59/170
f 421/263/171 345/56/219 343/58/171
f 403/188/207 256/262/170 401/59/170
f 345/56/219 422/113/220 347/55/220
f 429/265/162 404/79/86 402/202/162
f 241/43/187 431/256/98 240/42/98
f 234/29/59 375/112/93 376/28/259
f 379/30/58 421/267/59 234/29/59
f 429/124/260 239/39/152 386/40/151
f 273/153/265 272/269/315 246/330/265
f 291/163/270 290/270/254 292/162/270
f 276/98/256 247/84/248 248/97/256
f 294/234/313 266/271/314 295/235/314
f 303/87/250 282/156/267 281/157/267
f 318/170/276 276/98/278 319/172/278
f 314/272/318 267/165/292 296/151/318
f 323/273/319 302/91/320 278/90/319
f 314/272/318 269/149/280 297/175/280
f 311/186/291 294/234/289 295/235/291
f 305/181/287 306/100/288 329/182/288
f 301/274/320 277/93/279 302/91/320
f 324/176/281 278/90/319 279/89/281
f 308/73/284 291/163/290 334/185/290
f 333/22/321 335/180/322 231/23/322
f 226/13/323 324/176/324 227/14/324
f 325/15/325 324/176/324 326/177/325
f 332/21/246 334/185/321 333/22/321
f 226/13/323 301/274/304 323/273/323
f 327/16/293 326/177/325 328/168/293
f 232/24/309 335/180/322 309/179/309
f 225/10/301 321/173/305 320/11/305
f 371/204/218 369/131/159 366/275/159
f 371/204/218 372/212/201 370/133/218
f 343/58/31 341/261/203 338/122/203
f 235/31/95 378/268/58 379/30/58
f 253/289/85 415/325/102 255/331/326
f 244/298/68 409/294/261 268/332/261
f 261/322/62 263/329/63 262/333/63
f 243/50/311 436/146/190 394/49/190
f 292/320/317 418/315/157 260/334/317
f 426/277/61 238/35/66 382/36/61
f 411/278/71 344/54/206 346/200/71
f 407/70/181 434/226/163 363/75/163
f 344/54/206 410/217/78 342/57/78
f 414/251/176 352/67/175 354/81/176
f 435/210/89 371/204/90 366/275/89
f 399/51/169 254/252/174 356/53/174
f 341/261/79 408/231/73 340/230/73
f 349/66/88 425/224/161 353/65/161
f 259/281/180 361/61/179 406/71/180
f 431/282/74 358/72/75 359/62/74
f 385/214/205 402/202/162 400/189/205
f 397/78/70 411/278/71 346/200/71
f 181/51/27 180/60/27 139/52/28
f 126/54/29 128/200/30 129/55/30
f 124/57/31 126/54/29 127/56/29
f 183/59/32 182/189/32 180/60/27
f 143/61/33 140/72/33 141/62/34
f 130/64/35 134/67/36 135/65/36
f 134/67/36 136/81/37 137/68/37
f 146/69/38 145/75/38 189/70/39
f 143/61/33 188/71/39 189/70/39
f 90/73/40 113/178/41 112/20/41
f 147/74/42 144/83/42 145/75/38
f 133/76/43 132/220/43 178/77/44
f 142/63/34 141/62/34 186/79/45
f 136/81/37 138/53/28 139/52/28
f 147/74/42 150/201/46 149/82/46
f 29/84/47 56/152/48 82/85/48
f 85/87/49 62/283/49 37/88/50
f 37/88/50 35/306/51 60/90/51
f 84/91/52 34/154/52 32/92/53
f 71/94/54 72/270/54 70/95/55
f 59/93/53 32/92/53 30/97/56
f 89/96/55 70/95/55 69/99/57
f 54/101/58 27/196/58 192/102/59
f 36/104/60 196/242/61 34/105/61
f 175/47/62 174/195/62 217/107/63
f 23/43/64 214/266/64 215/108/65
f 33/109/66 31/257/67 30/110/67
f 159/27/68 156/199/68 157/112/69
f 178/77/70 162/221/70 204/113/71
f 155/114/72 121/206/73 156/115/73
f 142/63/74 39/128/74 40/117/75
f 132/118/76 131/66/77 206/119/77
f 125/58/78 203/263/78 157/121/79
f 141/62/80 213/282/80 212/123/81
f 169/41/82 168/40/83 211/124/83
f 164/36/84 208/277/84 209/126/85
f 142/63/74 187/80/86 199/127/86
f 133/129/87 195/335/87 31/130/88
f 151/131/89 45/250/89 47/132/90
f 19/34/91 206/253/196 207/134/92
f 52/103/59 192/102/59 191/135/93
f 194/137/94 193/336/95 28/138/95
f 26/140/96 190/337/96 202/141/97
f 68/143/98 39/238/98 199/144/99
f 176/49/100 24/48/63 217/107/63
f 29/147/101 195/338/101 194/137/94
f 165/37/85 209/126/85 210/148/102
f 51/149/103 52/236/103 50/150/104
f 56/152/48 28/330/105 55/153/105
f 60/90/51 35/306/51 34/154/52
f 65/155/106 66/159/106 64/156/107
f 67/158/108 68/160/108 66/159/106
f 88/100/57 69/99/57 68/160/108
f 75/161/109 43/232/109 74/162/110
f 78/151/104 50/150/104 26/164/111
f 55/153/112 53/174/113 98/166/113
f 65/155/114 63/157/115 110/168/115
f 100/170/116 57/86/116 82/85/117
f 59/93/118 58/98/119 101/172/119
f 53/174/113 51/149/120 79/175/120
f 85/87/121 61/89/122 106/176/122
f 71/94/123 89/96/124 113/178/124
f 91/179/125 92/184/125 75/161/126
f 67/158/127 65/155/114 86/169/114
f 89/96/124 88/100/128 111/182/128
f 110/168/115 63/157/115 85/87/121
f 119/183/129 76/234/129 92/184/125
f 75/161/126 73/163/130 116/185/130
f 82/85/117 55/153/112 80/167/112
f 49/165/131 77/235/132 93/186/132
f 86/169/133 110/168/134 109/16/134
f 79/175/135 96/272/136 95/4/136
f 98/166/137 79/175/135 4/5/135
f 80/167/138 98/166/137 97/6/137
f 81/171/139 80/167/138 99/7/138
f 100/170/140 81/171/139 5/8/139
f 101/172/141 100/170/140 6/9/140
f 113/178/41 111/182/142 12/19/142
f 95/4/136 96/272/136 94/187/143
f 104/12/144 83/274/144 103/173/145
f 3/3/143 94/187/143 93/186/146
f 93/186/146 119/183/147 118/25/147
f 111/182/142 87/181/148 11/18/148
f 11/18/148 87/181/148 86/169/133
f 118/25/147 119/183/147 91/179/149
f 185/188/150 184/202/150 182/189/32
f 198/190/151 38/339/152 62/191/152
f 17/31/153 204/276/153 162/193/154
f 163/33/155 18/32/154 162/193/154
f 173/46/156 172/197/156 174/195/62
f 28/138/95 193/336/95 27/196/58
f 171/45/157 216/258/157 172/197/156
f 159/27/68 25/50/158 177/198/158
f 128/200/30 179/78/44 178/77/44
f 151/131/159 148/275/159 149/82/46
f 187/80/45 186/79/45 184/202/150
f 155/114/72 177/116/72 218/203/160
f 130/64/88 31/130/88 33/205/161
f 120/122/79 157/121/79 156/115/73
f 187/80/86 185/188/162 198/207/162
f 146/69/163 200/229/163 42/208/164
f 147/74/164 42/208/164 201/209/165
f 149/82/166 148/275/167 217/210/167
f 154/212/168 152/133/90 47/132/90
f 180/60/169 182/189/170 167/214/170
f 124/57/171 123/261/172 191/216/172
f 133/76/87 179/78/173 194/218/173
f 132/220/76 205/340/76 162/221/70
f 180/60/169 210/215/169 209/222/174
f 135/65/175 137/68/176 208/223/176
f 145/75/177 144/83/178 172/225/178
f 140/72/179 189/70/180 215/227/180
f 188/71/181 41/281/181 200/229/163
f 122/230/182 154/212/168 202/213/168
f 92/184/183 44/311/183 43/232/109
f 46/233/184 44/311/183 92/184/183
f 26/164/111 48/271/185 77/235/185
f 53/174/186 54/269/186 52/236/103
f 69/237/187 40/341/187 39/238/98
f 200/239/188 41/249/189 70/240/189
f 196/242/61 33/109/66 32/111/66
f 48/142/97 202/141/97 47/243/190
f 201/245/191 42/342/192 74/246/192
f 21/39/193 166/38/102 210/148/102
f 41/249/189 40/341/187 69/237/187
f 66/145/99 199/144/99 198/190/151
f 144/83/178 149/82/166 174/211/166
f 139/52/174 209/222/174 208/223/176
f 150/201/165 201/209/165 45/250/89
f 138/53/194 136/81/195 196/251/195
f 163/33/155 205/194/155 206/253/196
f 62/191/152 38/339/152 197/254/197
f 169/41/82 212/125/82 213/256/199
f 31/257/67 195/338/101 29/147/101
f 170/44/65 215/108/65 216/258/157
f 46/244/190 47/243/190 45/259/200
f 155/114/201 154/212/201 122/230/202
f 123/261/203 120/122/203 121/206/202
f 133/129/43 130/64/35 131/66/35
f 181/51/204 197/280/204 38/262/205
f 127/56/206 160/264/206 203/263/78
f 185/188/162 183/59/205 38/262/205
f 127/56/206 129/55/71 204/113/71
f 186/79/81 212/123/81 211/265/207
f 23/43/64 22/42/199 213/256/199
f 16/29/208 158/28/69 157/112/69
f 161/30/209 16/29/208 203/267/208
f 21/39/193 167/248/193 211/124/83
f 55/153/105 28/330/105 54/269/186
f 73/163/110 74/162/110 72/270/54
f 58/98/56 30/97/56 29/84/47
f 48/271/185 46/233/184 76/234/184
f 64/156/107 62/283/49 85/87/49
f 58/98/119 57/86/116 100/170/116
f 96/272/210 78/151/210 49/165/131
f 105/273/211 60/90/211 84/91/212
f 51/149/120 78/151/210 96/272/210
f 93/186/132 77/235/132 76/234/129
f 88/100/128 67/158/127 87/181/127
f 83/274/212 84/91/212 59/93/118
f 106/176/122 61/89/122 60/90/211
f 73/163/130 71/94/123 90/73/123
f 117/180/213 116/185/214 115/22/214
f 106/176/215 105/273/216 8/13/216
f 107/15/217 108/177/217 106/176/215
f 116/185/214 90/73/40 114/21/40
f 8/13/216 105/273/216 83/274/144
f 109/16/134 110/168/134 108/177/217
f 91/179/149 117/180/213 13/23/213
f 103/173/145 101/172/141 7/10/141
f 151/131/159 152/133/218 153/204/218
f 153/204/218 152/133/218 154/212/201
f 123/261/203 124/57/31 125/58/31
f 17/31/153 161/30/209 160/268/209
f 197/254/197 36/104/60 35/106/60
f 191/135/93 190/337/96 26/140/96
f 45/259/200 201/245/191 43/247/191
f 25/50/158 176/49/100 218/146/100
f 74/246/192 42/342/192 200/239/188
f 20/35/92 207/134/92 208/277/84
f 126/54/219 27/279/219 193/278/220
f 189/70/180 145/75/177 216/226/177
f 126/54/219 124/57/171 192/217/171
f 134/67/161 33/205/161 196/251/195
f 153/204/160 218/203/160 217/210/167
f 138/53/194 36/252/194 197/280/204
f 123/261/172 122/230/182 190/231/182
f 131/66/77 135/65/175 207/224/175
f 143/61/75 40/117/75 41/281/181
f 140/72/179 214/228/179 213/282/80
f 184/202/207 211/265/207 167/214/170
f 179/78/173 128/200/220 193/278/220
f 357/52/28 398/60/27 399/51/27
f 347/55/30 346/200/30 344/54/29
f 345/56/29 344/54/29 342/57/31
f 398/60/27 400/189/32 401/59/32
f 359/62/34 358/72/33 361/61/33
f 353/65/36 352/67/36 348/64/35
f 355/68/37 354/81/37 352/67/36
f 407/70/39 363/75/38 364/69/38
f 407/70/39 406/71/39 361/61/33
f 330/20/245 331/178/245 308/73/246
f 363/75/38 362/83/42 365/74/42
f 396/77/44 350/220/43 351/76/43
f 404/79/45 359/62/34 360/63/34
f 357/52/28 356/53/28 354/81/37
f 367/82/46 368/201/46 365/74/42
f 300/85/247 274/152/247 247/84/248
f 279/89/249 255/88/249 280/283/250
f 278/90/251 253/306/251 255/88/249
f 302/91/252 277/93/253 250/92/253
f 289/94/254 307/96/255 288/95/255
f 277/93/253 276/98/256 248/97/256
f 307/96/255 306/100/257 287/99/257
f 272/284/209 270/293/208 410/285/208
f 252/287/84 414/317/84 254/288/85
f 435/107/200 392/195/191 393/47/191
f 433/108/258 432/266/187 241/43/187
f 248/290/91 249/327/196 251/291/92
f 375/112/93 374/199/96 377/27/96
f 422/113/220 380/221/173 396/77/173
f 373/114/168 395/116/168 374/115/182
f 258/117/179 257/128/80 360/63/80
f 350/118/87 423/120/87 424/119/88
f 375/121/172 421/263/171 343/58/171
f 430/123/86 431/282/74 359/62/74
f 387/41/99 430/125/99 429/124/260
f 427/126/60 426/277/61 382/36/61
f 360/63/80 257/128/80 417/127/81
f 249/130/77 413/335/76 351/129/76
f 265/132/160 263/250/167 369/131/167
f 425/134/66 424/253/67 237/34/67
f 270/293/208 268/332/261 409/294/261
f 246/295/153 411/310/153 412/296/154
f 244/298/68 266/318/158 420/299/262
f 286/301/199 284/324/82 417/302/82
f 394/49/190 436/146/190 435/107/200
f 247/304/155 274/297/154 412/296/154
f 428/148/197 427/126/60 383/37/60
f 269/149/263 296/151/264 268/150/264
f 273/153/265 246/330/265 274/152/247
f 278/90/251 302/91/252 252/154/252
f 283/155/266 281/157/267 282/156/267
f 285/158/268 283/155/266 284/159/266
f 306/100/257 285/158/268 286/160/268
f 293/161/269 291/163/270 292/162/270
f 296/151/264 267/165/271 244/164/271
f 316/166/272 271/174/272 273/153/273
f 328/168/274 281/157/274 283/155/275
f 318/170/276 299/171/277 300/85/277
f 319/172/278 276/98/278 277/93/279
f 297/175/280 269/149/280 271/174/272
f 324/176/281 279/89/281 303/87/282
f 331/178/283 307/96/283 289/94/284
f 309/179/285 335/180/286 293/161/286
f 304/169/275 283/155/275 285/158/287
f 329/182/288 306/100/288 307/96/283
f 328/168/274 326/177/282 303/87/282
f 337/183/289 309/179/285 310/184/285
f 334/185/290 291/163/290 293/161/286
f 298/167/273 273/153/273 300/85/277
f 311/186/291 295/235/291 267/165/292
f 327/16/293 328/168/293 304/169/294
f 313/4/295 314/272/295 297/175/296
f 222/5/296 297/175/296 316/166/297
f 315/6/297 316/166/297 298/167/298
f 317/7/298 298/167/298 299/171/299
f 223/8/299 299/171/299 318/170/300
f 224/9/300 318/170/300 319/172/301
f 230/19/302 329/182/302 331/178/245
f 313/4/295 221/3/303 312/187/303
f 322/12/304 320/11/305 321/173/305
f 221/3/303 219/1/306 311/186/306
f 336/25/307 337/183/307 311/186/306
f 229/18/308 305/181/308 329/182/302
f 229/18/308 228/17/294 304/169/294
f 336/25/307 232/24/309 309/179/309
f 400/189/32 402/202/150 403/188/150
f 280/307/193 256/326/193 416/308/83
f 380/193/94 422/276/95 235/31/95
f 381/33/101 423/194/101 380/193/94
f 392/195/191 390/197/310 391/46/310
f 246/295/153 272/284/209 245/286/209
f 390/197/310 434/258/188 389/45/188
f 377/27/96 374/199/96 395/198/311
f 346/200/30 347/55/30 396/77/44
f 367/82/46 366/275/159 369/131/159
f 402/202/150 404/79/45 405/80/45
f 436/203/90 395/116/168 373/114/168
f 251/205/175 249/130/77 348/64/77
f 374/115/182 375/121/172 338/122/172
f 405/80/81 417/127/81 416/207/207
f 260/208/178 418/229/177 364/69/177
f 419/209/166 260/208/178 365/74/178
f 367/82/165 392/211/165 435/210/89
f 372/212/72 420/213/72 265/132/160
f 398/60/204 428/215/204 385/214/205
f 342/57/78 410/217/78 409/216/79
f 351/76/76 413/219/76 412/218/70
f 380/221/173 423/340/87 350/220/87
f 357/52/194 427/222/194 428/215/204
f 353/65/161 425/224/161 426/223/195
f 363/75/163 434/226/163 390/225/164
f 358/72/75 432/228/75 433/227/181
f 418/229/177 259/281/180 406/71/180
f 340/230/73 408/231/73 420/213/72
f 310/184/312 293/161/269 261/232/269
f 310/184/312 262/311/312 264/233/313
f 295/235/314 266/271/314 244/164/271
f 271/174/315 269/149/263 270/236/263
f 287/312/64 286/301/199 257/303/199
f 288/314/316 259/323/316 418/315/157
f 250/292/92 251/291/92 414/317/84
f 266/318/158 264/328/100 265/319/100
f 292/320/317 260/334/317 419/321/62
f 239/39/152 385/248/152 428/148/197
f 287/312/64 258/313/64 259/323/316
f 284/324/82 282/309/83 416/308/83
f 362/83/164 390/225/164 392/211/165
f 426/223/195 427/222/194 357/52/194
f 263/250/167 419/209/166 368/201/166
f 356/53/174 254/252/174 414/251/176
f 424/253/67 423/194/101 381/33/101
f 280/307/193 255/331/326 415/325/102
f 240/42/98 431/256/98 430/125/99
f 247/304/155 413/305/155 249/327/196
f 434/258/188 433/108/258 388/44/258
f 264/328/100 262/333/63 263/329/63
f 373/114/201 339/206/202 340/230/202
f 339/206/202 338/122/203 341/261/203
f 349/66/35 348/64/35 351/129/43
f 256/262/170 415/280/169 399/51/169
f 421/263/171 378/264/219 345/56/219
f 403/188/207 416/207/207 256/262/170
f 345/56/219 378/264/219 422/113/220
f 429/265/162 430/123/86 404/79/86
f 241/43/187 432/266/187 431/256/98
f 234/29/59 421/267/59 375/112/93
f 379/30/58 378/268/58 421/267/59
f 429/124/260 385/248/152 239/39/152
f 273/153/265 271/174/315 272/269/315
f 291/163/270 289/94/254 290/270/254
f 276/98/256 275/86/248 247/84/248
f 294/234/313 264/233/313 266/271/314
f 303/87/250 280/283/250 282/156/267
f 318/170/276 275/86/276 276/98/278
f 314/272/318 312/187/292 267/165/292
f 323/273/319 301/274/320 302/91/320
f 314/272/318 296/151/318 269/149/280
f 311/186/291 337/183/289 294/234/289
f 305/181/287 285/158/287 306/100/288
f 301/274/320 321/173/279 277/93/279
f 324/176/281 323/273/319 278/90/319
f 308/73/284 289/94/284 291/163/290
f 333/22/321 334/185/321 335/180/322
f 226/13/323 323/273/323 324/176/324
f 325/15/325 227/14/324 324/176/324
f 332/21/246 308/73/246 334/185/321
f 226/13/323 322/12/304 301/274/304
f 327/16/293 325/15/325 326/177/325
f 232/24/309 231/23/322 335/180/322
f 225/10/301 319/172/301 321/173/305
f 371/204/218 370/133/218 369/131/159
f 371/204/218 373/114/201 372/212/201
f 343/58/31 342/57/31 341/261/203
f 235/31/95 422/276/95 378/268/58
f 253/289/85 254/288/85 415/325/102
f 244/298/68 408/300/68 409/294/261
f 261/322/62 419/321/62 263/329/63
f 243/50/311 395/198/311 436/146/190
f 292/320/317 290/316/157 418/315/157
f 426/277/61 425/134/66 238/35/66
f 411/278/71 245/279/206 344/54/206
f 407/70/181 433/227/181 434/226/163
f 344/54/206 245/279/206 410/217/78
f 414/251/176 251/205/175 352/67/175
f 435/210/89 436/203/90 371/204/90
f 399/51/169 415/280/169 254/252/174
f 341/261/79 409/216/79 408/231/73
f 349/66/88 424/119/88 425/224/161
f 259/281/180 258/117/179 361/61/179
f 431/282/74 432/228/75 358/72/75
f 385/214/205 429/265/162 402/202/162
f 397/78/70 412/218/70 411/278/71
o Bus_dark.002
v -0.015303 0.010975 -0.029588
v -0.016555 0.005859 -0.030062
v -0.016361 0.005782 -0.030065
v -0.016750 0.005806 -0.030065
v -0.014955 0.010930 -0.029759
v -0.014557 0.011067 -0.029734
v -0.006277 0.006444 -0.030072
v -0.006277 0.005285 -0.030072
v -0.009219 0.005285 -0.030072
v -0.011682 0.003364 -0.030072
v -0.011481 0.003987 -0.030072
v -0.011797 0.002236 -0.030072
v 0.011965 0.006444 -0.030056
v 0.011965 0.002240 -0.030057
v -0.000180 0.002240 -0.030057
v -0.000204 0.002236 -0.030072
v -0.012302 0.002236 -0.030072
v -0.006277 0.002236 -0.030072
v -0.006253 0.002240 -0.030057
v 0.018038 0.002240 -0.030057
v 0.011989 0.002236 -0.030072
v 0.012347 0.002620 -0.030072
v 0.017478 0.002620 -0.030072
v 0.016384 0.004844 -0.030072
v 0.017175 0.003987 -0.030072
v 0.012973 0.004482 -0.030072
v 0.012651 0.003987 -0.030072
v 0.013442 0.004844 -0.030072
v 0.014913 0.005237 -0.030072
v 0.014913 0.005141 -0.030072
v 0.015745 0.005065 -0.030072
v -0.007280 0.004482 -0.030072
v -0.007748 0.004844 -0.030072
v -0.006654 0.002620 -0.030072
v -0.006641 0.002236 -0.030072
v -0.009219 0.005237 -0.030072
v -0.009219 0.005141 -0.030072
v -0.012302 0.005237 -0.030072
v -0.012302 0.003667 -0.030072
v -0.010690 0.004844 -0.030072
v -0.017439 0.005925 -0.029684
v -0.017150 0.006106 -0.029951
v -0.006277 0.003018 -0.030072
v -0.011797 0.002219 -0.030150
v -0.011571 0.001475 -0.029948
v -0.011565 0.001475 -0.027896
v -0.011448 0.003310 -0.030152
v -0.011263 0.003883 -0.030152
v -0.010980 0.004318 -0.030152
v -0.008437 0.004830 -0.030152
v -0.007208 0.003837 -0.027896
v -0.007175 0.003883 -0.030152
v -0.006867 0.001475 -0.029924
v 0.017491 0.002236 -0.030072
v 0.012334 0.002216 -0.030150
v 0.012567 0.001475 -0.026934
v 0.012901 0.003837 -0.026933
v 0.012684 0.003310 -0.030152
v 0.012868 0.003883 -0.030152
v 0.014131 0.004830 -0.030152
v 0.015694 0.004830 -0.030152
v 0.017141 0.003310 -0.030152
v 0.017258 0.001475 -0.026933
v -0.000180 0.001482 -0.027895
v -0.000180 0.001484 -0.029922
v 0.017265 0.001475 -0.029925
v -0.017553 0.001484 -0.028938
v -0.017856 0.001484 -0.027371
v -0.016912 0.007171 -0.029925
v -0.016638 0.006227 -0.030033
v -0.015740 0.002238 -0.030072
v -0.015716 0.002241 -0.030053
v -0.016281 0.001484 -0.027898
v -0.016562 0.001484 -0.029950
v -0.014044 0.002235 -0.030072
v 0.011965 0.006866 -0.029645
v 0.011965 0.006867 -0.030040
v 0.005892 0.005261 -0.030056
v 0.005892 0.006444 -0.030056
v 0.005892 0.006866 -0.029645
v 0.005892 0.006866 -0.030040
v 0.005892 0.001484 -0.029650
v 0.005911 0.001484 -0.029922
v 0.011965 0.001484 -0.029922
v 0.017717 0.007213 -0.030047
v 0.018014 0.007337 -0.030042
v -0.015445 0.011081 -0.029240
v -0.015475 0.011057 -0.029302
v 0.005892 0.006913 -0.030038
v 0.008929 0.011039 -0.029719
v 0.011965 0.006913 -0.029644
v 0.011941 0.006913 -0.029664
v 0.011941 0.006866 -0.029664
v 0.005868 0.006889 -0.029626
v 0.011989 0.006890 -0.030039
v 0.011989 0.006915 -0.030057
v -0.017545 0.002239 -0.029645
v -0.015663 0.011083 -0.028799
v -0.017546 0.007279 -0.025000
v -0.016014 0.011019 -0.025000
v -0.016308 0.006126 -0.029934
v -0.017160 0.007279 -0.028902
v -0.017443 0.006035 -0.029574
v -0.017396 0.006185 -0.029640
v -0.017057 0.007279 -0.029490
v -0.017129 0.007301 -0.029640
v 0.017717 0.010727 -0.029795
v -0.015217 0.011019 -0.029076
v -0.015899 0.011007 -0.027370
v -0.017430 0.007279 -0.027360
v -0.016902 0.007279 -0.029490
v -0.015372 0.011019 -0.029076
v 0.000140 0.007207 -0.029665
v 0.005572 0.007208 -0.029316
v -0.006574 0.007205 -0.029663
v 0.011645 0.007209 -0.029319
v -0.000501 0.010720 -0.029333
v -0.012646 0.010810 -0.029343
v -0.012005 0.010720 -0.029333
v 0.012286 0.007210 -0.029323
v 0.011498 0.007127 -0.029557
v 0.009398 0.007127 -0.029557
v 0.008460 0.007127 -0.029557
v -0.014948 0.012395 -0.025000
v -0.015301 0.012242 -0.025000
v -0.014573 0.012395 -0.025000
v -0.018078 0.003643 -0.025000
v -0.012350 0.012395 -0.025000
v -0.018059 0.003667 -0.025000
v -0.015371 0.012173 -0.025000
v -0.018003 0.005724 -0.025000
v -0.015375 0.012143 -0.025000
v -0.018078 0.003688 -0.025000
v -0.018076 0.001484 -0.025000
v -0.012308 0.001484 -0.025000
v -0.016281 0.001484 -0.025000
v 0.017258 0.001475 -0.025000
v -0.000180 0.001482 -0.025000
v 0.012573 0.001475 -0.025000
v -0.006867 0.001475 -0.025000
v -0.014710 0.012296 -0.028472
v -0.014649 0.012194 -0.028917
v -0.015015 0.012066 -0.028849
v -0.015083 0.012147 -0.028433
v -0.014741 0.011907 -0.029252
v -0.014832 0.011419 -0.029572
v -0.015100 0.011254 -0.029516
v -0.015027 0.011797 -0.029156
v -0.015172 0.012211 -0.027370
v -0.014811 0.012360 -0.027371
v -0.016074 0.009292 -0.029724
v -0.015770 0.009295 -0.029862
v -0.016867 0.005268 -0.030065
v -0.017201 0.005387 -0.029935
v -0.014438 0.012359 -0.027371
v -0.014337 0.012296 -0.028472
v -0.014473 0.011472 -0.029583
v -0.014277 0.012194 -0.028917
v -0.014368 0.011943 -0.029282
v -0.017033 0.006774 -0.029947
v -0.017978 0.003643 -0.027371
v -0.017766 0.003643 -0.028938
v -0.016554 0.002239 -0.030072
v -0.012302 0.011521 -0.029573
v -0.006253 0.011067 -0.029734
v -0.012302 0.011067 -0.029734
v -0.012302 0.012194 -0.028917
v -0.012302 0.011955 -0.029292
v -0.012350 0.011067 -0.029734
v 0.011989 0.006444 -0.030072
v 0.011989 0.006867 -0.030059
v 0.012334 0.002236 -0.030072
v 0.005916 0.011067 -0.029734
v -0.000204 0.006444 -0.030072
v -0.012350 0.012362 -0.027371
v -0.016540 0.005879 -0.030045
v -0.016359 0.005805 -0.030049
v -0.012326 0.011039 -0.029719
v -0.012326 0.005807 -0.030046
v -0.006277 0.006864 -0.030059
v -0.012302 0.005784 -0.030065
v 0.018014 0.006869 -0.030059
v 0.011965 0.011067 -0.029734
v -0.000180 0.011067 -0.029734
v -0.006253 0.011039 -0.029719
v -0.015087 0.010778 -0.029773
v -0.015064 0.010770 -0.029766
v -0.016659 0.006000 -0.030053
v -0.014801 0.011031 -0.029741
v -0.006253 0.001484 -0.029922
v 0.018020 0.001484 -0.029923
v -0.000156 0.002236 -0.030072
v -0.000156 0.005237 -0.030072
v 0.005868 0.005237 -0.030072
v -0.006229 0.002236 -0.030072
v -0.013996 0.003667 -0.030072
v -0.000204 0.005285 -0.030072
v 0.018038 0.011039 -0.029719
v -0.017533 0.003643 -0.029706
v -0.017516 0.003667 -0.029698
v -0.016952 0.003643 -0.030072
v -0.016947 0.003667 -0.030057
v -0.012326 0.012277 -0.028470
v -0.012302 0.012362 -0.027371
v -0.012302 0.012296 -0.028472
v -0.006253 0.006444 -0.030056
v -0.012350 0.011521 -0.029573
v -0.012326 0.011512 -0.029556
v -0.012350 0.011955 -0.029292
v -0.012350 0.012194 -0.028917
v -0.012326 0.012176 -0.028910
v -0.012326 0.011941 -0.029279
v -0.012350 0.005784 -0.030065
v -0.006277 0.005237 -0.030072
v -0.006253 0.005261 -0.030056
v -0.012350 0.005261 -0.030072
v -0.012350 0.002236 -0.030072
v 0.018038 0.005261 -0.030056
v 0.018014 0.005237 -0.030072
v 0.018014 0.002996 -0.030072
v 0.018014 0.006444 -0.030072
v 0.005892 0.011039 -0.029719
v -0.000156 0.006866 -0.030059
v -0.000156 0.006444 -0.030072
v 0.005868 0.006866 -0.030059
v 0.005868 0.006444 -0.030072
v -0.006229 0.006864 -0.030059
v -0.006229 0.006444 -0.030072
v -0.006253 0.006887 -0.030037
v -0.000204 0.006865 -0.030059
v -0.000180 0.006444 -0.030056
v -0.012350 0.012296 -0.028472
v -0.012326 0.012343 -0.027370
v -0.012326 0.005261 -0.030056
v 0.018038 0.009293 -0.029884
v 0.011965 0.005261 -0.030056
v 0.005911 0.002240 -0.030057
v 0.005888 0.002236 -0.030072
v -0.000180 0.005261 -0.030056
v -0.006229 0.005237 -0.030072
v -0.000204 0.005237 -0.030072
v -0.012326 0.002240 -0.030057
v 0.018014 0.002236 -0.030072
v -0.017959 0.003667 -0.027369
v -0.009219 0.005261 -0.030056
v -0.012350 0.003667 -0.030072
v -0.012326 0.003667 -0.030056
v 0.014913 0.005125 -0.030056
v 0.014913 0.005285 -0.030072
v 0.018014 0.005285 -0.030072
v -0.012302 0.005285 -0.030072
v 0.011989 0.005285 -0.030072
v -0.000156 0.005285 -0.030072
v 0.005868 0.005285 -0.030072
v -0.006229 0.005285 -0.030072
v -0.017088 0.007305 -0.029777
v -0.015141 0.011738 -0.029073
v -0.015207 0.012032 -0.028438
v -0.017445 0.005426 -0.029706
v -0.017672 0.005724 -0.028938
v -0.017362 0.006139 -0.029754
v -0.017360 0.006131 -0.029780
v -0.017228 0.006881 -0.029765
v -0.017227 0.006885 -0.029791
v -0.017090 0.007299 -0.029752
v -0.015409 0.011055 -0.029415
v -0.016202 0.009293 -0.029599
v -0.015220 0.011399 -0.029313
v -0.015147 0.011718 -0.029050
v -0.015280 0.012109 -0.027371
v -0.017489 0.005780 -0.029552
v -0.015181 0.011927 -0.028812
v -0.015212 0.012002 -0.028435
v -0.017550 0.005721 -0.029368
v 0.011989 0.003005 -0.030072
v 0.011989 0.005237 -0.030072
v -0.017533 0.003688 -0.029706
v -0.016953 0.003689 -0.030078
v -0.017766 0.003688 -0.028938
v -0.017748 0.003667 -0.028934
v -0.017978 0.003688 -0.027371
v -0.011810 0.001482 -0.029950
v -0.011546 0.002599 -0.030152
v -0.011558 0.002211 -0.030149
v -0.011682 0.003364 -0.030152
v -0.011481 0.003987 -0.030152
v -0.010051 0.005065 -0.030152
v -0.010001 0.004830 -0.030152
v -0.009219 0.004901 -0.030152
v -0.008387 0.005065 -0.030152
v -0.007748 0.004844 -0.030152
v -0.007863 0.004631 -0.030152
v -0.007458 0.004318 -0.030152
v -0.006756 0.003364 -0.030152
v -0.006990 0.003310 -0.030152
v -0.006654 0.002620 -0.030152
v -0.006628 0.001482 -0.029927
v -0.006880 0.002208 -0.030148
v -0.006641 0.002216 -0.030150
v 0.012573 0.002208 -0.030148
v 0.012560 0.001475 -0.029924
v 0.012321 0.001482 -0.029927
v 0.012450 0.003364 -0.030152
v 0.013151 0.004318 -0.030152
v 0.013557 0.004631 -0.030152
v 0.014080 0.005065 -0.030152
v 0.014913 0.005141 -0.030152
v 0.014913 0.004901 -0.030152
v 0.015745 0.005065 -0.030152
v 0.016384 0.004844 -0.030152
v 0.016852 0.004482 -0.030152
v 0.016674 0.004318 -0.030152
v 0.016957 0.003883 -0.030152
v 0.017375 0.003364 -0.030152
v 0.017239 0.002599 -0.030152
v 0.017252 0.002208 -0.030148
v 0.017491 0.002216 -0.030150
v 0.017504 0.001482 -0.029927
v -0.010051 0.005065 -0.030072
v -0.010690 0.004844 -0.030152
v -0.011158 0.004482 -0.030152
v -0.011158 0.004482 -0.030072
v -0.011784 0.002620 -0.030152
v -0.011784 0.002620 -0.030072
v -0.010575 0.004631 -0.030152
v -0.010575 0.004631 -0.027896
v -0.006892 0.002599 -0.030152
v -0.006756 0.003364 -0.030072
v -0.006957 0.003987 -0.030152
v -0.006957 0.003987 -0.030072
v -0.007280 0.004482 -0.030152
v -0.008387 0.005065 -0.030072
v -0.009219 0.005141 -0.030152
v 0.017478 0.002620 -0.030152
v 0.017375 0.003364 -0.030072
v 0.017175 0.003987 -0.030152
v 0.016852 0.004482 -0.030072
v 0.014080 0.005065 -0.030072
v 0.013442 0.004844 -0.030152
v 0.012973 0.004482 -0.030152
v 0.012651 0.003987 -0.030152
v 0.012450 0.003364 -0.030072
v 0.012347 0.002620 -0.030152
v 0.012586 0.002599 -0.030152
v 0.012586 0.002599 -0.026933
v 0.016268 0.004631 -0.030152
v 0.016268 0.004631 -0.026933
v -0.017884 0.005724 -0.027371
v -0.012308 0.001484 -0.027892
v -0.012308 0.001484 -0.029945
v -0.011546 0.002599 -0.027896
v -0.006873 0.002599 -0.027896
v -0.006848 0.001475 -0.027897
v 0.016924 0.003837 -0.026933
v 0.017239 0.002599 -0.026933
v -0.011230 0.003837 -0.027896
v -0.015740 0.005261 -0.030072
v -0.015692 0.002235 -0.030072
v -0.015740 0.005783 -0.030065
v -0.014020 0.001487 -0.029938
v -0.015716 0.001484 -0.029943
v -0.015716 0.003667 -0.030037
v -0.015740 0.003643 -0.030072
v -0.015692 0.003667 -0.030072
v -0.015716 0.005261 -0.030052
v -0.015740 0.003691 -0.030072
v -0.015692 0.005783 -0.030065
v -0.014044 0.005783 -0.030065
v -0.015692 0.005261 -0.030072
v -0.014044 0.005261 -0.030072
v -0.014044 0.003667 -0.030072
v -0.013996 0.005783 -0.030065
v -0.013996 0.005261 -0.030072
v -0.014020 0.005261 -0.030052
v -0.014020 0.003667 -0.030054
v -0.014020 0.002240 -0.030053
v -0.013996 0.002235 -0.030072
v 0.005916 0.001878 -0.029670
v -0.015406 0.012140 -0.025000
v -0.018003 0.005772 -0.025000
v -0.017984 0.005748 -0.025000
v -0.015448 0.012068 -0.025000
v -0.015440 0.012016 -0.025000
v -0.018003 0.005855 -0.025000
v -0.017970 0.005897 -0.025000
v -0.016613 0.006225 -0.030026
v -0.012302 0.011021 -0.029746
v -0.006277 0.006912 -0.030057
v -0.014020 0.005806 -0.030047
v -0.000156 0.011021 -0.029746
v -0.000180 0.006888 -0.030039
v -0.000180 0.006888 -0.030039
v -0.006229 0.011021 -0.029746
v -0.006229 0.006912 -0.030057
v -0.016633 0.006006 -0.030038
v -0.014567 0.011041 -0.029723
v -0.006277 0.009296 -0.029863
v -0.006253 0.009293 -0.029848
v -0.012302 0.006233 -0.030042
v -0.012326 0.006231 -0.030026
v -0.012302 0.005831 -0.030063
v 0.018014 0.009296 -0.029900
v 0.018014 0.011021 -0.029746
v 0.011989 0.011021 -0.029746
v 0.018014 0.006917 -0.030057
v 0.005868 0.009296 -0.029868
v 0.005892 0.009293 -0.029852
v -0.000180 0.009293 -0.029851
v -0.000156 0.006913 -0.030057
v -0.000180 0.011039 -0.029719
v -0.000180 0.009293 -0.029849
v -0.006229 0.009296 -0.029863
v -0.000204 0.006912 -0.030057
v -0.000204 0.009296 -0.029865
v -0.000204 0.011021 -0.029746
v -0.015285 0.012078 -0.027369
v -0.015242 0.012000 -0.028435
v -0.015412 0.011047 -0.029385
v -0.016204 0.009286 -0.029574
v -0.015186 0.011899 -0.028800
v -0.015218 0.011897 -0.028800
v -0.015229 0.011375 -0.029291
v -0.017865 0.005748 -0.027369
v -0.017884 0.005772 -0.027371
v -0.017653 0.005748 -0.028934
v -0.017431 0.005936 -0.029668
v -0.017451 0.005956 -0.029660
v -0.017398 0.006146 -0.029744
v -0.017263 0.006886 -0.029756
v -0.017551 0.005772 -0.029366
v -0.017532 0.005748 -0.029364
v -0.017497 0.005820 -0.029529
v -0.017475 0.005798 -0.029534
v -0.012302 0.009296 -0.029861
v -0.012005 0.009296 -0.029861
v -0.006574 0.010727 -0.029793
v -0.006277 0.011021 -0.029746
v -0.012005 0.010727 -0.029793
v -0.000156 0.009296 -0.029866
v 0.000141 0.009296 -0.029866
v 0.000141 0.007210 -0.030047
v 0.005868 0.006914 -0.030057
v 0.005868 0.011021 -0.029746
v -0.005932 0.010727 -0.029793
v -0.005932 0.009296 -0.029863
v -0.000502 0.007209 -0.030046
v -0.017120 0.007305 -0.029747
v -0.016233 0.009293 -0.029568
v -0.015441 0.011056 -0.029378
v -0.015253 0.011377 -0.029284
v -0.015234 0.011670 -0.029000
v -0.015180 0.011714 -0.029047
v -0.015285 0.011929 -0.028425
v -0.015357 0.012004 -0.027369
v -0.015315 0.012076 -0.027371
v -0.017672 0.005855 -0.028938
v -0.017672 0.005772 -0.028938
v -0.017507 0.005897 -0.029499
v -0.017418 0.006175 -0.029680
v -0.017288 0.006889 -0.029690
v -0.017145 0.007310 -0.029681
v -0.016250 0.009285 -0.029462
v -0.016263 0.009297 -0.029504
v -0.015297 0.011337 -0.029166
v -0.015299 0.011361 -0.029214
v -0.015237 0.011632 -0.028961
v -0.015265 0.011786 -0.028753
v -0.015267 0.011834 -0.028775
v -0.015279 0.011878 -0.028417
v -0.017884 0.005855 -0.027371
v -0.017640 0.005897 -0.028931
v -0.017523 0.005897 -0.029347
v -0.017554 0.005855 -0.029359
v -0.017480 0.005935 -0.029476
v -0.017467 0.006011 -0.029608
v -0.017270 0.006883 -0.029649
v -0.012005 0.006128 -0.030048
v -0.006574 0.007208 -0.030046
v -0.006574 0.009296 -0.029863
v 0.012287 0.010727 -0.029795
v 0.012287 0.007212 -0.030047
v 0.005571 0.007211 -0.030047
v 0.005571 0.009296 -0.029868
v 0.005571 0.010727 -0.029794
v 0.005571 0.010727 -0.029665
v 0.000141 0.010727 -0.029794
v -0.000502 0.009296 -0.029865
v -0.000502 0.010727 -0.029793
v -0.005932 0.007208 -0.030046
v 0.011965 0.001484 -0.029650
v 0.008929 0.001484 -0.029650
v 0.011941 0.001878 -0.029670
v 0.008905 0.011015 -0.029743
v 0.011965 0.011039 -0.029719
v 0.011941 0.011015 -0.029743
v 0.008905 0.001878 -0.029670
v 0.008905 0.006866 -0.029664
v 0.008953 0.001878 -0.029670
v 0.008929 0.006889 -0.029645
v 0.005868 0.006889 -0.030039
v 0.005916 0.006866 -0.029664
v 0.008953 0.006913 -0.029664
v 0.005892 0.006913 -0.029644
v 0.011965 0.006914 -0.030038
v 0.008953 0.006866 -0.029664
v 0.011989 0.006889 -0.029626
v 0.011498 0.007127 -0.029670
v 0.008953 0.011015 -0.029743
v 0.009396 0.010727 -0.029743
v 0.005916 0.006913 -0.029664
v 0.005916 0.011015 -0.029743
v 0.006360 0.007127 -0.029670
v 0.008462 0.010727 -0.029743
v 0.008905 0.006913 -0.029664
v 0.008462 0.007127 -0.029670
v 0.009396 0.007127 -0.029670
v 0.011498 0.010727 -0.029743
v 0.009396 0.010727 -0.029607
v 0.006360 0.010727 -0.029607
v 0.006360 0.007127 -0.029557
v 0.006360 0.010727 -0.029743
v -0.018092 0.002299 -0.025000
v -0.017765 0.002243 -0.028938
v -0.017976 0.002303 -0.027371
v -0.016006 0.011098 -0.025000
v -0.015724 0.011038 -0.028799
v -0.015697 0.011080 -0.028809
v -0.015484 0.011078 -0.029238
v -0.015971 0.011101 -0.025000
v -0.015890 0.011086 -0.027373
v -0.015486 0.011000 -0.029259
v -0.015709 0.011007 -0.028795
v -0.015509 0.011031 -0.029249
v -0.015915 0.011038 -0.027371
v -0.016031 0.011050 -0.025000
v -0.015855 0.011089 -0.027369
v -0.015350 0.011951 -0.027366
v -0.015815 0.011166 -0.027281
v -0.015926 0.011177 -0.025000
v -0.015485 0.011939 -0.025000
v -0.015263 0.011820 -0.025000
v -0.015397 0.011877 -0.027279
v -0.015263 0.011820 -0.027174
v -0.015263 0.011248 -0.025000
v -0.015263 0.011248 -0.027177
v 0.005821 0.002640 -0.030149
v 0.005866 0.002585 -0.030055
v 0.005821 0.002845 -0.030149
v 0.005866 0.002900 -0.030055
v -0.006224 0.002900 -0.030055
v -0.006205 0.002845 -0.030149
v -0.006205 0.002640 -0.030149
v -0.006224 0.002585 -0.030055
v -0.009328 0.006459 -0.029973
v -0.009328 0.006452 -0.029909
v -0.009251 0.006452 -0.029909
v -0.009251 0.006459 -0.029973
v -0.009328 0.010747 -0.029625
v -0.009328 0.010759 -0.029702
v -0.009251 0.010747 -0.029625
v -0.009251 0.010759 -0.029702
v -0.003256 0.007195 -0.029973
v -0.003256 0.007189 -0.029909
v -0.003178 0.007189 -0.029909
v -0.003178 0.007195 -0.029973
v -0.003256 0.010759 -0.029702
v -0.003178 0.010747 -0.029625
v -0.003256 0.010747 -0.029625
v -0.003178 0.010759 -0.029702
v 0.002817 0.007195 -0.029973
v 0.002817 0.007189 -0.029909
v 0.002895 0.007189 -0.029909
v 0.002895 0.007195 -0.029973
v 0.002817 0.010759 -0.029702
v 0.002895 0.010747 -0.029625
v 0.002817 0.010747 -0.029625
v 0.002895 0.010759 -0.029702
v 0.014963 0.007195 -0.029973
v 0.014963 0.007189 -0.029909
v 0.015040 0.007189 -0.029909
v 0.015040 0.007195 -0.029973
v 0.014963 0.010747 -0.029625
v 0.014963 0.010759 -0.029702
v 0.015040 0.010747 -0.029625
v 0.015040 0.010759 -0.029702
v 0.017717 0.010727 -0.025000
v 0.017718 0.007211 -0.025000
v -0.015580 0.009302 -0.029697
v -0.012646 0.008963 -0.029764
v -0.017851 0.005897 -0.027368
v -0.006574 0.008963 -0.029497
v 0.012286 0.010721 -0.029344
v 0.000140 0.010720 -0.029333
v -0.000501 0.007206 -0.029665
v -0.000501 0.008963 -0.029498
v -0.014877 0.010680 -0.029274
v 0.006213 0.010720 -0.029320
v -0.015993 0.009275 -0.029313
v -0.016148 0.009275 -0.029313
v -0.015603 0.009253 -0.029433
v -0.012005 0.008962 -0.029498
v -0.012646 0.008963 -0.029506
v -0.012646 0.006126 -0.029673
v -0.005933 0.008963 -0.029497
v -0.005933 0.010720 -0.029333
v 0.000140 0.008964 -0.029498
v 0.006213 0.007208 -0.029319
v -0.012005 0.006125 -0.029665
v -0.006574 0.010720 -0.029333
v 0.005572 0.010720 -0.029333
v 0.011645 0.010720 -0.029344
v 0.011498 0.010727 -0.029607
v -0.005933 0.007205 -0.029663
v 0.008462 0.010727 -0.029607
v 0.017639 0.007953 -0.029244
v 0.017568 0.007027 -0.029295
v 0.016991 0.007039 -0.029295
v 0.017277 0.007998 -0.029244
v -0.003990 0.007998 -0.025371
v -0.004276 0.007039 -0.025261
v -0.003699 0.007027 -0.025261
v -0.003699 0.007027 -0.029491
v -0.004276 0.007039 -0.029491
v -0.003628 0.007953 -0.025371
v -0.003628 0.007953 -0.029400
v -0.003990 0.007998 -0.029400
v 0.003209 0.007039 -0.025261
v 0.003494 0.007998 -0.025371
v 0.003494 0.007998 -0.029400
v 0.003786 0.007027 -0.025261
v 0.003786 0.007027 -0.029491
v 0.003209 0.007039 -0.029491
v 0.003857 0.007953 -0.025371
v 0.003857 0.007953 -0.029400
v -0.008013 0.006694 -0.029323
v -0.008591 0.006707 -0.027519
v -0.008013 0.006694 -0.027519
v -0.007942 0.007953 -0.027566
v -0.008591 0.006707 -0.029323
v -0.007942 0.007953 -0.029278
v -0.008305 0.007998 -0.029278
v -0.008305 0.007998 -0.027566
v -0.012369 0.005787 -0.026750
v -0.012288 0.005787 -0.026809
v -0.012288 0.011065 -0.026809
v -0.012369 0.011065 -0.026750
v -0.012319 0.005787 -0.026904
v -0.012319 0.011065 -0.026904
v -0.012419 0.011065 -0.026904
v -0.012419 0.005787 -0.026904
v -0.012450 0.005787 -0.026809
v -0.012450 0.011065 -0.026809
v -0.007618 0.006865 -0.026178
v -0.007618 0.011065 -0.026178
v -0.007537 0.006865 -0.026237
v -0.007568 0.006865 -0.026332
v -0.007568 0.011065 -0.026332
v -0.007537 0.011065 -0.026237
v -0.007668 0.006865 -0.026332
v -0.007668 0.011065 -0.026332
v -0.007699 0.006865 -0.026237
v -0.007699 0.011065 -0.026237
v 0.005335 0.006865 -0.027477
v 0.005335 0.011065 -0.027477
v 0.005254 0.011065 -0.027418
v 0.005304 0.006865 -0.027572
v 0.005304 0.011065 -0.027572
v 0.005204 0.006865 -0.027572
v 0.005204 0.011065 -0.027572
v 0.005173 0.006865 -0.027477
v 0.005173 0.011065 -0.027477
v 0.005254 0.006865 -0.027418
v 0.011004 0.006865 -0.027418
v 0.011085 0.006865 -0.027477
v 0.011085 0.011065 -0.027477
v 0.011004 0.011065 -0.027418
v 0.011054 0.006865 -0.027572
v 0.011054 0.011065 -0.027572
v 0.010954 0.011065 -0.027572
v 0.010954 0.006865 -0.027572
v 0.010923 0.006865 -0.027477
v 0.010923 0.011065 -0.027477
v 0.013557 0.004631 -0.026933
v 0.014913 0.004853 -0.026933
v -0.009219 0.004853 -0.027896
v -0.007863 0.004631 -0.027896
v -0.016648 0.001484 -0.025000
v -0.016648 0.001484 -0.027898
v 0.005869 0.011955 -0.029292
v 0.005869 0.012194 -0.028916
v 0.005869 0.012296 -0.028472
v 0.005869 0.012395 -0.025000
v 0.005869 0.012374 -0.027371
v 0.005869 0.011516 -0.029576
v 0.005916 0.011955 -0.029292
v 0.005916 0.012374 -0.027371
v 0.005916 0.011516 -0.029576
v 0.005916 0.012194 -0.028916
v 0.005916 0.012296 -0.028472
v 0.005916 0.012395 -0.025000
v 0.005869 0.011067 -0.029734
v 0.005892 0.012366 -0.025000
v 0.005892 0.012267 -0.028453
v 0.005892 0.012166 -0.028895
v 0.005892 0.011928 -0.029269
v 0.005892 0.012345 -0.027358
v 0.005892 0.011492 -0.029551
v 0.018038 0.011067 -0.029734
v 0.018040 0.011514 -0.029578
v 0.018041 0.011955 -0.029292
v 0.018020 0.001476 -0.025000
v -0.000180 0.012194 -0.028916
v -0.000180 0.012371 -0.027371
v -0.000180 0.011518 -0.029576
v -0.000180 0.012194 -0.028917
v -0.000180 0.012296 -0.028472
v -0.000180 0.011955 -0.029292
v -0.000180 0.011519 -0.029575
v -0.017318 0.001484 -0.029567
v 0.021911 0.012395 -0.025000
v 0.021934 0.012376 -0.025000
v 0.023104 0.001482 -0.025000
v 0.021935 0.001481 -0.025000
v 0.021474 0.001480 -0.025000
v 0.018043 0.012395 -0.025000
v 0.021199 0.007174 -0.030048
v 0.020973 0.007342 -0.030042
v 0.021109 0.007005 -0.030055
v 0.021174 0.002236 -0.030072
v 0.021246 0.007153 -0.030049
v 0.020919 0.011023 -0.029747
v 0.020768 0.011067 -0.029734
v 0.020956 0.006870 -0.030059
v 0.021911 0.006899 -0.030058
v 0.021142 0.006962 -0.030055
v 0.020792 0.010806 -0.029782
v 0.021095 0.010783 -0.029786
v 0.020771 0.011019 -0.029746
v 0.021172 0.002992 -0.030072
v 0.021911 0.002976 -0.030072
v 0.021911 0.012296 -0.028472
v 0.021911 0.012382 -0.027371
v 0.021911 0.011513 -0.029578
v 0.021911 0.012194 -0.028915
v 0.023042 0.001482 -0.027371
v 0.018062 0.007338 -0.030042
v 0.018062 0.006468 -0.030072
v 0.021271 0.007342 -0.030042
v 0.020769 0.011040 -0.029724
v 0.021119 0.010783 -0.029766
v 0.021221 0.007160 -0.030042
v 0.021295 0.007341 -0.030027
v 0.021318 0.007342 -0.030042
v 0.020908 0.011000 -0.029734
v 0.021122 0.006981 -0.030045
v 0.020953 0.006893 -0.030042
v 0.021146 0.010774 -0.029785
v 0.020951 0.006919 -0.030057
v 0.018062 0.006917 -0.030057
v 0.020900 0.010982 -0.029756
v 0.018062 0.006869 -0.030059
v 0.021911 0.002236 -0.030072
v 0.021167 0.005261 -0.030072
v 0.021165 0.006420 -0.030072
v 0.018062 0.002236 -0.030072
v 0.021911 0.006420 -0.030072
v 0.021911 0.011955 -0.029292
v 0.021911 0.006468 -0.030072
v 0.021911 0.007343 -0.030042
v 0.021932 0.011040 -0.029724
v 0.021911 0.011041 -0.029743
v 0.021911 0.005261 -0.030072
v 0.018062 0.011021 -0.029746
v 0.018038 0.006444 -0.030056
v 0.018062 0.005261 -0.030072
v 0.021162 0.006468 -0.030072
v 0.021165 0.006444 -0.030056
v 0.018062 0.006420 -0.030072
v 0.018038 0.006892 -0.030039
v 0.018038 0.007336 -0.030027
v 0.018038 0.002996 -0.030056
v 0.022479 0.001482 -0.029866
v 0.021474 0.001480 -0.027283
v 0.021935 0.001481 -0.027312
v 0.021471 0.001484 -0.029923
v 0.022761 0.001482 -0.029243
v 0.022776 0.001482 -0.029266
v 0.021171 0.003342 -0.030072
v 0.018062 0.002996 -0.030072
v 0.021911 0.003329 -0.030072
v 0.022859 0.001482 -0.028802
v 0.018043 0.012296 -0.028472
v 0.018042 0.012194 -0.028915
v 0.021911 0.012389 -0.026185
v 0.021935 0.001481 -0.026156
v 0.021474 0.001480 -0.026141
v 0.018043 0.012380 -0.027371
v 0.018062 0.009294 -0.029900
v 0.020934 0.009293 -0.029902
v 0.021355 0.009293 -0.029902
v 0.021403 0.009294 -0.029902
v 0.021379 0.009291 -0.029886
v 0.021911 0.009294 -0.029906
v 0.020969 0.007960 -0.030009
v 0.018062 0.007967 -0.030003
v 0.018038 0.007988 -0.029979
v 0.021518 0.007960 -0.030009
v 0.021542 0.007959 -0.029993
v 0.021566 0.007960 -0.030009
v 0.021911 0.007961 -0.030009
v 0.022916 0.001482 -0.028444
v -0.015496 0.001484 -0.025000
v -0.015496 0.001484 -0.027897
v -0.016394 0.009706 -0.030864
v -0.016331 0.009706 -0.031037
v -0.016233 0.009564 -0.031307
v -0.016496 0.009582 -0.030569
v -0.016394 0.007585 -0.030864
v -0.016331 0.007585 -0.031037
v -0.016512 0.007661 -0.031076
v -0.016459 0.007608 -0.031071
v -0.016504 0.007641 -0.031077
v -0.016485 0.007621 -0.031075
v -0.016561 0.009660 -0.030940
v -0.016515 0.009703 -0.030916
v -0.016556 0.009677 -0.030934
v -0.016539 0.009692 -0.030926
v -0.016628 0.009537 -0.030755
v -0.016607 0.009549 -0.030662
v -0.016633 0.009538 -0.030721
v -0.016626 0.009543 -0.030687
v -0.016435 0.009537 -0.031286
v -0.016359 0.009549 -0.031344
v -0.016417 0.009538 -0.031315
v -0.016389 0.009543 -0.031336
v -0.016461 0.009702 -0.031065
v -0.016514 0.009659 -0.031068
v -0.016487 0.009691 -0.031069
v -0.016507 0.009676 -0.031070
v -0.016510 0.007608 -0.030931
v -0.016554 0.007661 -0.030960
v -0.016533 0.007621 -0.030943
v -0.016549 0.007641 -0.030954
v -0.016214 0.009582 -0.031342
v -0.016387 0.009740 -0.030867
v -0.016323 0.009740 -0.031045
v -0.016387 0.007562 -0.030867
v -0.016323 0.007562 -0.031045
v -0.016492 0.009564 -0.030594
v -0.016245 0.009571 -0.031319
v -0.016504 0.009571 -0.030607
v -0.016406 0.009713 -0.030877
v -0.016343 0.009713 -0.031049
v -0.016406 0.007592 -0.030877
v -0.016343 0.007592 -0.031049
v -0.016486 0.009612 -0.030612
v -0.016475 0.009647 -0.030642
v -0.016240 0.009612 -0.031288
v -0.016250 0.009647 -0.031259
v -0.016600 0.009603 -0.030682
v -0.016589 0.009640 -0.030712
v -0.016610 0.009628 -0.030806
v -0.016621 0.009590 -0.030775
v -0.016607 0.009633 -0.030737
v -0.016618 0.009597 -0.030707
v -0.016615 0.009629 -0.030772
v -0.016626 0.009592 -0.030742
v -0.016443 0.009590 -0.031265
v -0.016454 0.009628 -0.031234
v -0.016377 0.009640 -0.031294
v -0.016366 0.009603 -0.031323
v -0.016436 0.009629 -0.031264
v -0.016425 0.009592 -0.031294
v -0.016408 0.009634 -0.031286
v -0.016397 0.009597 -0.031316
v -0.016232 0.009672 -0.031293
v -0.016222 0.009636 -0.031322
v -0.016488 0.009636 -0.030590
v -0.016477 0.009672 -0.030619
v -0.016487 0.009654 -0.030654
v -0.016498 0.009619 -0.030625
v -0.016262 0.009654 -0.031272
v -0.016252 0.009619 -0.031301
v -0.016263 0.009669 -0.031224
v -0.016294 0.009695 -0.031140
v -0.016462 0.009669 -0.030677
v -0.016432 0.009695 -0.030761
v -0.016582 0.009654 -0.030882
v -0.016572 0.009668 -0.030759
v -0.016542 0.009695 -0.030843
v -0.016608 0.009642 -0.030792
v -0.016577 0.009670 -0.030875
v -0.016593 0.009658 -0.030777
v -0.016563 0.009685 -0.030861
v -0.016482 0.009652 -0.031157
v -0.016426 0.009694 -0.031162
v -0.016394 0.009668 -0.031246
v -0.016443 0.009642 -0.031244
v -0.016474 0.009668 -0.031160
v -0.016422 0.009658 -0.031246
v -0.016453 0.009684 -0.031161
v -0.016460 0.009701 -0.030667
v -0.016430 0.009728 -0.030751
v -0.016280 0.009728 -0.031161
v -0.016250 0.009701 -0.031245
v -0.016444 0.009702 -0.030773
v -0.016474 0.009676 -0.030689
v -0.016305 0.009702 -0.031153
v -0.016275 0.009676 -0.031237
v -0.016433 0.007579 -0.030741
v -0.016458 0.007602 -0.030674
v -0.016471 0.007643 -0.030653
v -0.016484 0.007686 -0.030617
v -0.016252 0.007602 -0.031238
v -0.016277 0.007579 -0.031171
v -0.016241 0.007686 -0.031284
v -0.016254 0.007643 -0.031248
v -0.016462 0.007691 -0.031213
v -0.016486 0.007669 -0.031146
v -0.016397 0.007643 -0.031239
v -0.016422 0.007620 -0.031172
v -0.016449 0.007673 -0.031226
v -0.016474 0.007650 -0.031159
v -0.016426 0.007655 -0.031236
v -0.016450 0.007632 -0.031169
v -0.016442 0.007746 -0.031266
v -0.016455 0.007702 -0.031230
v -0.016368 0.007715 -0.031318
v -0.016381 0.007671 -0.031283
v -0.016425 0.007737 -0.031292
v -0.016438 0.007693 -0.031257
v -0.016398 0.007725 -0.031311
v -0.016411 0.007681 -0.031276
v -0.016578 0.007668 -0.030895
v -0.016602 0.007691 -0.030827
v -0.016545 0.007620 -0.030833
v -0.016570 0.007643 -0.030766
v -0.016601 0.007673 -0.030810
v -0.016577 0.007650 -0.030877
v -0.016589 0.007655 -0.030787
v -0.016565 0.007632 -0.030854
v -0.016585 0.007671 -0.030723
v -0.016598 0.007715 -0.030687
v -0.016608 0.007702 -0.030811
v -0.016621 0.007746 -0.030775
v -0.016617 0.007725 -0.030712
v -0.016604 0.007681 -0.030747
v -0.016625 0.007737 -0.030744
v -0.016612 0.007693 -0.030779
v -0.016473 0.007631 -0.030630
v -0.016486 0.007675 -0.030595
v -0.016265 0.007623 -0.031218
v -0.016290 0.007600 -0.031151
v -0.016223 0.007675 -0.031317
v -0.016236 0.007631 -0.031282
v -0.016436 0.007600 -0.030750
v -0.016460 0.007623 -0.030683
v -0.016302 0.007606 -0.031163
v -0.016277 0.007630 -0.031231
v -0.016472 0.007630 -0.030695
v -0.016447 0.007606 -0.030763
v -0.016266 0.007649 -0.031261
v -0.016253 0.007693 -0.031297
v -0.016496 0.007693 -0.030630
v -0.016483 0.007649 -0.030666
v -0.016492 0.007724 -0.030579
v -0.016496 0.007791 -0.030569
v -0.016233 0.007794 -0.031307
v -0.016237 0.007728 -0.031297
v -0.016629 0.007847 -0.030755
v -0.016625 0.007781 -0.030765
v -0.016604 0.007765 -0.030672
v -0.016607 0.007832 -0.030662
v -0.016633 0.007845 -0.030721
v -0.016630 0.007779 -0.030731
v -0.016626 0.007840 -0.030687
v -0.016622 0.007773 -0.030697
v -0.016359 0.007832 -0.031344
v -0.016363 0.007765 -0.031333
v -0.016439 0.007781 -0.031276
v -0.016435 0.007847 -0.031286
v -0.016393 0.007773 -0.031326
v -0.016389 0.007840 -0.031336
v -0.016421 0.007779 -0.031305
v -0.016417 0.007845 -0.031315
v -0.016214 0.007791 -0.031342
v -0.016218 0.007724 -0.031332
v -0.016492 0.007794 -0.030594
v -0.016489 0.007728 -0.030604
v -0.016501 0.007735 -0.030617
v -0.016504 0.007801 -0.030607
v -0.016248 0.007735 -0.031309
v -0.016245 0.007801 -0.031319
v -0.016428 0.009952 -0.031066
v -0.016371 0.009887 -0.031025
v -0.016486 0.009946 -0.031025
v -0.015732 0.009946 -0.029714
v -0.015671 0.009952 -0.029750
v -0.016464 0.009876 -0.030957
v -0.015745 0.009876 -0.029739
v -0.016393 0.009841 -0.030957
v -0.015647 0.009887 -0.029797
v -0.015692 0.009841 -0.029770
v -0.016486 0.007502 -0.030987
v -0.016428 0.007507 -0.030946
v -0.016464 0.007466 -0.031055
v -0.016393 0.007449 -0.031055
v -0.016371 0.007474 -0.030987
v -0.017044 0.006660 -0.029851
v -0.016985 0.006668 -0.029820
v -0.017036 0.006604 -0.029886
v -0.016972 0.006576 -0.029876
v -0.016940 0.006616 -0.029835
v 0.005892 0.002339 -0.029651
v 0.005916 0.002334 -0.029670
v 0.008905 0.002334 -0.029670
v 0.008929 0.002339 -0.029651
v 0.008953 0.002334 -0.029670
v 0.011941 0.002334 -0.029670
v 0.011965 0.002339 -0.029650
v 0.005893 0.001479 -0.027895
v 0.005893 0.001479 -0.025000
v -0.015417 0.011452 -0.028839
v -0.015747 0.011452 -0.028809
v -0.015354 0.011586 -0.028803
v -0.015747 0.011658 -0.028690
v -0.015331 0.011684 -0.028705
v -0.015747 0.011690 -0.028571
v -0.015339 0.011720 -0.028571
v -0.015381 0.011684 -0.028437
v -0.015450 0.011586 -0.028339
v -0.015747 0.011452 -0.028333
v -0.015528 0.011452 -0.028303
v -0.015747 0.011333 -0.028365
v -0.015597 0.011318 -0.028339
v -0.015638 0.011220 -0.028437
v -0.015747 0.011214 -0.028571
v -0.015639 0.011184 -0.028571
v -0.015747 0.011246 -0.028690
v -0.015598 0.011220 -0.028705
v -0.015747 0.011333 -0.028777
v -0.015514 0.011318 -0.028803
v -0.015747 0.011452 -0.028791
v -0.015747 0.011562 -0.028762
v -0.015747 0.011571 -0.028777
v -0.015747 0.011643 -0.028681
v -0.015747 0.011673 -0.028571
v -0.015747 0.011643 -0.028460
v -0.015747 0.011658 -0.028452
v -0.015747 0.011562 -0.028380
v -0.015747 0.011571 -0.028365
v -0.015747 0.011246 -0.028452
v -0.015747 0.011231 -0.028571
v -0.015747 0.011261 -0.028681
v -0.015715 0.011452 -0.028768
v -0.015715 0.011551 -0.028742
v -0.015715 0.011623 -0.028669
v -0.015715 0.011649 -0.028571
v -0.015715 0.011623 -0.028472
v -0.015715 0.011551 -0.028400
v -0.015715 0.011452 -0.028374
v -0.015747 0.011452 -0.028350
v -0.015715 0.011353 -0.028400
v -0.015747 0.011342 -0.028380
v -0.015747 0.011261 -0.028460
v -0.015715 0.011281 -0.028472
v -0.015715 0.011255 -0.028571
v -0.015715 0.011281 -0.028669
v -0.015715 0.011353 -0.028742
v -0.015747 0.011342 -0.028762
v -0.015338 0.011641 -0.028760
v -0.015489 0.011521 -0.028312
v -0.015747 0.011509 -0.028784
v -0.015747 0.011620 -0.028402
v -0.015747 0.011296 -0.028415
v -0.015747 0.011682 -0.028632
v -0.015747 0.011390 -0.028341
v -0.015747 0.011222 -0.028632
v -0.015747 0.011608 -0.028727
v -0.015715 0.011591 -0.028431
v -0.015331 0.011711 -0.028640
v -0.015565 0.011383 -0.028312
v -0.015624 0.011193 -0.028640
v -0.015715 0.011503 -0.028761
v -0.015715 0.011401 -0.028761
v -0.015747 0.011284 -0.028739
v -0.015747 0.011665 -0.028628
v -0.015747 0.011239 -0.028628
v -0.015715 0.011591 -0.028710
v -0.015715 0.011503 -0.028380
v -0.015356 0.011711 -0.028501
v -0.015560 0.011263 -0.028760
v -0.015715 0.011262 -0.028520
v -0.015380 0.011521 -0.028830
v -0.015464 0.011383 -0.028830
v -0.015747 0.011665 -0.028514
v -0.015715 0.011642 -0.028622
v -0.015715 0.011401 -0.028380
v -0.015715 0.011262 -0.028622
v -0.015413 0.011641 -0.028381
v -0.015747 0.011390 -0.028801
v -0.015747 0.011395 -0.028358
v -0.015643 0.011193 -0.028501
v -0.015747 0.011608 -0.028415
v -0.015715 0.011642 -0.028520
v -0.015715 0.011313 -0.028710
v -0.015747 0.011296 -0.028727
v -0.015747 0.011222 -0.028509
v -0.015747 0.011682 -0.028509
v -0.015747 0.011509 -0.028358
v -0.015747 0.011514 -0.028801
v -0.015747 0.011284 -0.028402
v -0.015747 0.011620 -0.028739
v -0.015747 0.011514 -0.028341
v -0.015715 0.011313 -0.028431
v -0.015747 0.011395 -0.028784
v -0.015622 0.011263 -0.028381
v -0.015747 0.011239 -0.028514
v -0.016917 0.001484 -0.029889
v -0.017127 0.001484 -0.029775
v -0.016943 0.002239 -0.030012
v -0.017229 0.002239 -0.029900
v -0.017279 0.003643 -0.029920
v -0.017273 0.003667 -0.029917
v -0.006253 0.012194 -0.028917
v -0.006253 0.012296 -0.028472
v -0.006253 0.011955 -0.029292
v -0.006253 0.012365 -0.027371
v -0.006253 0.011520 -0.029574
v 0.018014 0.002616 -0.030072
v 0.021173 0.002614 -0.030072
v 0.021911 0.002606 -0.030072
v 0.021934 0.002608 -0.030057
v 0.018038 0.002618 -0.030057
v 0.018062 0.002616 -0.030072
v -0.012302 0.004470 -0.030072
v -0.014044 0.004470 -0.030072
v -0.012350 0.004470 -0.030072
v -0.014020 0.004470 -0.030053
v -0.012326 0.004470 -0.030056
v -0.016926 0.004470 -0.030075
v -0.015692 0.004470 -0.030072
v -0.013996 0.004470 -0.030072
v -0.015740 0.004470 -0.030072
v -0.015716 0.004470 -0.030045
v -0.017289 0.003689 -0.029934
v -0.018040 0.004900 -0.025000
v -0.017921 0.004900 -0.027371
v -0.017533 0.004079 -0.029706
v -0.017276 0.004080 -0.029934
v -0.017766 0.004079 -0.028938
v -0.017777 0.003765 -0.028937
v -0.017777 0.004073 -0.028861
v -0.017546 0.003757 -0.029704
v -0.017685 0.004888 -0.029077
v -0.017799 0.003761 -0.028776
v -0.017366 0.005446 -0.029780
v -0.017440 0.004079 -0.029780
v -0.017471 0.003876 -0.029770
v -0.017483 0.003817 -0.029761
v -0.017510 0.003775 -0.029737
v -0.017395 0.005426 -0.029767
v -0.017459 0.005405 -0.029708
v -0.017790 0.003740 -0.028748
v -0.017764 0.003744 -0.028938
v -0.017531 0.003736 -0.029706
v -0.017675 0.004900 -0.029059
v -0.017468 0.004079 -0.029767
v -0.017457 0.003806 -0.029772
v -0.017444 0.003873 -0.029783
v -0.017489 0.003757 -0.029744
v -0.017365 0.005436 -0.029773
v -0.017436 0.005409 -0.029707
v -0.017756 0.004076 -0.028851
v -0.017779 0.003750 -0.028762
v -0.017756 0.003754 -0.028937
v -0.017523 0.003747 -0.029705
v -0.017665 0.004894 -0.029068
v -0.017439 0.004079 -0.029773
v -0.017455 0.003811 -0.029767
v -0.017442 0.003874 -0.029777
v -0.017484 0.003766 -0.029741
v -0.018055 0.004759 -0.025000
v -0.017936 0.004759 -0.027371
v -0.017722 0.004729 -0.028934
v -0.017504 0.004759 -0.029706
v -0.017247 0.004759 -0.029935
v -0.017707 0.004759 -0.028998
v -0.017412 0.004759 -0.029780
v -0.017717 0.004750 -0.029017
v -0.017439 0.004760 -0.029767
v -0.017410 0.004759 -0.029773
v -0.017697 0.004754 -0.029008
v -0.017769 0.004079 -0.028817
v -0.017796 0.003688 -0.028720
v -0.017798 0.003718 -0.028694
v -0.017977 0.003718 -0.027370
v -0.018076 0.003718 -0.025000
v -0.018056 0.004729 -0.025000
v -0.017938 0.004729 -0.027371
v -0.017714 0.004759 -0.028975
v -0.017773 0.004086 -0.028789
v -0.018078 0.004205 -0.025000
v -0.018079 0.004174 -0.025000
v -0.017961 0.004174 -0.027371
v -0.017960 0.004205 -0.027371
v -0.017766 0.004079 -0.028841
v -0.017763 0.004174 -0.028840
v -0.017766 0.004182 -0.028812
v -0.017764 0.004213 -0.028819
v -0.017753 0.003716 -0.028690
v -0.017931 0.003716 -0.027366
v -0.018030 0.003716 -0.025000
v -0.018011 0.004727 -0.025000
v -0.017893 0.004727 -0.027367
v -0.017727 0.004084 -0.028784
v -0.017919 0.004077 -0.027366
v -0.018037 0.004077 -0.025000
v -0.017677 0.004727 -0.028930
v -0.017721 0.004180 -0.028808
v -0.017916 0.004172 -0.027366
v -0.017915 0.004203 -0.027366
v -0.017719 0.004211 -0.028815
v -0.018034 0.004172 -0.025000
v -0.018033 0.004203 -0.025000
v -0.016502 0.003667 -0.030055
v -0.016503 0.003643 -0.030072
v -0.016405 0.005261 -0.030072
v -0.016474 0.004470 -0.030072
v -0.016501 0.003691 -0.030072
v -0.017976 0.002243 -0.027371
v -0.018092 0.002239 -0.025000
v -0.018062 0.002771 -0.025000
v -0.017976 0.002773 -0.027371
v -0.017875 0.002303 -0.028119
v -0.017860 0.002392 -0.028230
v -0.017869 0.002316 -0.028167
v -0.017863 0.002348 -0.028207
v -0.017861 0.002773 -0.028228
v -0.017851 0.002685 -0.028298
v -0.017855 0.002760 -0.028270
v -0.017852 0.002728 -0.028295
v -0.017901 0.002303 -0.027371
v -0.017986 0.002772 -0.025000
v -0.018017 0.002299 -0.025000
v -0.017901 0.002773 -0.027371
v -0.017800 0.002303 -0.028119
v -0.017794 0.002316 -0.028167
v -0.017788 0.002348 -0.028207
v -0.017785 0.002392 -0.028230
v -0.017780 0.002760 -0.028270
v -0.017785 0.002773 -0.028228
v -0.017776 0.002685 -0.028298
v -0.017776 0.002728 -0.028295
v -0.017777 0.003667 -0.028716
v -0.017796 0.003643 -0.028720
v -0.017875 0.002243 -0.028119
v -0.017711 0.001484 -0.028119
v 0.018062 0.003360 -0.030072
v 0.018038 0.003358 -0.030056
v 0.018014 0.003360 -0.030072
v 0.011965 0.001885 -0.029650
v -0.014044 0.004031 -0.030072
v -0.015716 0.004058 -0.030040
v -0.012350 0.004002 -0.030072
v -0.012302 0.004001 -0.030072
v -0.015692 0.004060 -0.030072
v -0.013996 0.004030 -0.030072
v -0.014020 0.004030 -0.030054
v -0.016488 0.004073 -0.030072
v -0.016939 0.004081 -0.030076
v -0.015740 0.004060 -0.030072
v -0.012326 0.004000 -0.030056
v 0.021932 0.010748 -0.029773
v 0.021911 0.010738 -0.029794
v -0.010346 0.012354 -0.025000
v -0.012005 0.010720 -0.025000
v -0.000501 0.007206 -0.025000
v -0.014877 0.010670 -0.025000
v -0.013191 0.012354 -0.025000
v 0.017568 0.007027 -0.025000
v 0.017639 0.007953 -0.025000
v -0.016308 0.006126 -0.025000
v -0.006574 0.007205 -0.025000
v 0.006213 0.010720 -0.025000
v -0.012005 0.006125 -0.025000
v 0.016991 0.007039 -0.025000
v 0.017277 0.007998 -0.025000
v -0.013138 0.012568 -0.025000
v 0.012286 0.010721 -0.025000
v 0.000140 0.010720 -0.025000
v 0.005572 0.010720 -0.025000
v 0.011645 0.010720 -0.025000
v 0.012286 0.007210 -0.025000
v -0.016902 0.007279 -0.025000
v 0.011645 0.007209 -0.025000
v -0.010400 0.012568 -0.025000
v -0.006574 0.010720 -0.025000
v 0.000140 0.007207 -0.025000
v -0.000501 0.010720 -0.025000
v 0.017697 0.012428 -0.025000
v 0.015397 0.012428 -0.025000
v 0.017178 0.012762 -0.025000
v 0.016171 0.013058 -0.025000
v 0.016961 0.012875 -0.025000
v 0.016693 0.012972 -0.025000
v 0.016416 0.013036 -0.025000
v 0.015505 0.012997 -0.026207
v 0.015435 0.012989 -0.026173
v 0.015509 0.013058 -0.026161
v 0.015456 0.013001 -0.026195
v 0.015467 0.013032 -0.026185
v 0.015459 0.013038 -0.026167
v 0.015507 0.013040 -0.026187
v 0.017574 0.012428 -0.026222
v 0.017697 0.012428 -0.026184
v 0.017661 0.012428 -0.026208
v 0.015397 0.012428 -0.026305
v 0.015466 0.012428 -0.026337
v 0.015417 0.012428 -0.026329
v 0.015509 0.013058 -0.025000
v 0.015435 0.012989 -0.025000
v 0.015459 0.013038 -0.025000
v 0.016169 0.012994 -0.026203
v 0.016171 0.013058 -0.026161
v 0.016171 0.013039 -0.026186
v 0.017144 0.012707 -0.026213
v 0.017178 0.012762 -0.026172
v 0.017168 0.012746 -0.026197
v 0.016405 0.012972 -0.026204
v 0.016416 0.013036 -0.026162
v 0.016413 0.013017 -0.026187
v 0.016674 0.012910 -0.026206
v 0.016693 0.012972 -0.026164
v 0.016687 0.012953 -0.026189
v 0.016933 0.012817 -0.026210
v 0.016961 0.012875 -0.026168
v 0.016953 0.012858 -0.026193
v -0.015956 0.011013 -0.026185
v -0.015973 0.011044 -0.026186
v -0.014505 0.012377 -0.026185
v -0.012302 0.012378 -0.026185
v -0.014880 0.012377 -0.026185
v -0.012350 0.012378 -0.026185
v -0.015236 0.012227 -0.026185
v -0.015871 0.011172 -0.026141
v -0.015441 0.011908 -0.026139
v -0.015263 0.011248 -0.026088
v -0.015360 0.012108 -0.026185
v -0.015948 0.011092 -0.026186
v -0.015395 0.011983 -0.026183
v -0.012326 0.012359 -0.026185
v -0.015402 0.012036 -0.026185
v -0.015326 0.012141 -0.026185
v -0.015330 0.012111 -0.026185
v -0.015913 0.011095 -0.026185
v -0.015263 0.011820 -0.026087
v -0.014877 0.010675 -0.027170
v -0.000180 0.012368 -0.027371
v -0.009340 0.012380 -0.026282
v -0.000180 0.012395 -0.025000
v -0.009340 0.012389 -0.025453
v -0.012302 0.012395 -0.025000
v -0.012326 0.012376 -0.025000
v -0.004151 0.012380 -0.026282
v -0.004151 0.012390 -0.025453
v 0.022630 0.011946 -0.025000
v 0.022346 0.012351 -0.025000
v 0.023061 0.002236 -0.025000
v 0.021959 0.012393 -0.025000
v 0.023101 0.001482 -0.025000
v 0.022581 0.012102 -0.025000
v 0.022485 0.012264 -0.025000
v 0.022666 0.011460 -0.025000
v 0.022645 0.011410 -0.025000
v 0.022927 0.006683 -0.025000
v 0.022897 0.006737 -0.025000
v 0.022693 0.010381 -0.025000
v 0.022635 0.011324 -0.025000
v 0.022877 0.006832 -0.025000
v 0.022675 0.011382 -0.025000
v 0.022923 0.006763 -0.025000
v 0.022672 0.011325 -0.025000
v 0.022680 0.011357 -0.025000
v 0.022925 0.006785 -0.025000
v 0.022914 0.006813 -0.025000
v 0.022670 0.011394 -0.025000
v 0.022919 0.006753 -0.025000
v 0.022826 0.002236 -0.025000
v 0.023101 0.001859 -0.025000
v 0.022645 0.011671 -0.025000
v 0.021935 0.002240 -0.030057
v 0.022456 0.007343 -0.029674
v 0.022469 0.006894 -0.029689
v 0.022473 0.002976 -0.029703
v 0.022589 0.011933 -0.027371
v 0.021957 0.011517 -0.029569
v 0.021957 0.011042 -0.029735
v 0.022175 0.011033 -0.029699
v 0.022184 0.011501 -0.029536
v 0.021958 0.012188 -0.028913
v 0.021958 0.011950 -0.029288
v 0.022196 0.011923 -0.029261
v 0.022225 0.012152 -0.028899
v 0.021958 0.012291 -0.028472
v 0.022252 0.012251 -0.028466
v 0.022533 0.011856 -0.028349
v 0.022649 0.001482 -0.029703
v 0.022295 0.012341 -0.027371
v 0.022459 0.011255 -0.029182
v 0.022473 0.011527 -0.029007
v 0.022501 0.011779 -0.028751
v 0.022167 0.007343 -0.030006
v 0.021958 0.007343 -0.030039
v 0.022179 0.006894 -0.030022
v 0.021958 0.006894 -0.030055
v 0.021958 0.006444 -0.030069
v 0.022183 0.006444 -0.030035
v 0.022584 0.006685 -0.029330
v 0.022603 0.006890 -0.029301
v 0.023003 0.002236 -0.027371
v 0.022609 0.002236 -0.029703
v 0.021935 0.001484 -0.029923
v 0.022862 0.006538 -0.027376
v 0.021934 0.012363 -0.027370
v 0.021932 0.011941 -0.029279
v 0.021933 0.012176 -0.028908
v 0.021932 0.011513 -0.029559
v 0.021933 0.012277 -0.028469
v 0.021959 0.012379 -0.027371
v 0.021933 0.007342 -0.030027
v 0.021933 0.006893 -0.030042
v 0.021959 0.002236 -0.030072
v 0.021933 0.002976 -0.030056
v 0.021958 0.005261 -0.030069
v 0.021933 0.005261 -0.030056
v 0.022183 0.002976 -0.030036
v 0.021958 0.002976 -0.030069
v 0.022473 0.006444 -0.029703
v 0.021933 0.006444 -0.030058
v 0.022652 0.002889 -0.029110
v 0.022312 0.002236 -0.030036
v 0.022337 0.001483 -0.029925
v 0.022580 0.001482 -0.029789
v 0.022378 0.010964 -0.029453
v 0.022284 0.011012 -0.029615
v 0.022455 0.012251 -0.027371
v 0.022550 0.012090 -0.027371
v 0.022403 0.007343 -0.029796
v 0.022290 0.007343 -0.029934
v 0.022377 0.012180 -0.028456
v 0.022480 0.012009 -0.028402
v 0.022293 0.011462 -0.029458
v 0.022394 0.011387 -0.029310
v 0.022408 0.011744 -0.029089
v 0.022305 0.011862 -0.029203
v 0.022447 0.011921 -0.028805
v 0.022336 0.012073 -0.028867
v 0.022416 0.006894 -0.029813
v 0.022303 0.006894 -0.029950
v 0.022307 0.006444 -0.029964
v 0.022422 0.006444 -0.029824
v 0.022307 0.002976 -0.029964
v 0.022420 0.002976 -0.029828
v 0.022556 0.002236 -0.029828
v 0.022442 0.002236 -0.029962
v 0.022783 0.001482 -0.029227
v 0.022743 0.002236 -0.029226
v 0.021933 0.003329 -0.030056
v 0.022183 0.003329 -0.030036
v 0.021958 0.003329 -0.030069
v 0.022307 0.003368 -0.029964
v 0.022473 0.003369 -0.029703
v 0.022424 0.003369 -0.029822
v 0.022714 0.002745 -0.028793
v 0.022819 0.002236 -0.028802
v 0.022681 0.006538 -0.028787
v 0.022793 0.006538 -0.028084
v 0.022933 0.002236 -0.028086
v 0.022973 0.001482 -0.028086
v 0.022580 0.011297 -0.028237
v 0.022559 0.011248 -0.028230
v 0.022763 0.006674 -0.028087
v 0.022734 0.006728 -0.028087
v 0.022629 0.011383 -0.027371
v 0.022608 0.011333 -0.027379
v 0.022863 0.006672 -0.027257
v 0.022834 0.006725 -0.027261
v 0.022507 0.011055 -0.028934
v 0.022488 0.011016 -0.028911
v 0.022793 0.006672 -0.027899
v 0.022765 0.006725 -0.027898
v 0.022688 0.006771 -0.028497
v 0.022655 0.006923 -0.028711
v 0.022666 0.006822 -0.028468
v 0.022639 0.006949 -0.028657
v 0.022498 0.010420 -0.029194
v 0.022493 0.010920 -0.029063
v 0.022441 0.010919 -0.029301
v 0.022493 0.010758 -0.029146
v 0.022476 0.010894 -0.029027
v 0.022482 0.010398 -0.029152
v 0.022476 0.010737 -0.029105
v 0.022527 0.011167 -0.028767
v 0.022549 0.011240 -0.028565
v 0.022529 0.011192 -0.028552
v 0.022507 0.011121 -0.028752
v 0.022620 0.011939 -0.026185
v 0.022911 0.006538 -0.026200
v 0.021959 0.012386 -0.026185
v 0.021934 0.012370 -0.026185
v 0.023052 0.002236 -0.026185
v 0.022332 0.012346 -0.026185
v 0.023091 0.001482 -0.026185
v 0.022481 0.012258 -0.026185
v 0.022576 0.012096 -0.026185
v 0.022943 0.003259 -0.026200
v 0.022909 0.006678 -0.026072
v 0.022879 0.006731 -0.026090
v 0.022637 0.011391 -0.026208
v 0.022658 0.011441 -0.026185
v 0.022425 0.009295 -0.029511
v 0.022160 0.009294 -0.029889
v 0.021932 0.009291 -0.029844
v 0.021958 0.009294 -0.029921
v 0.022273 0.009295 -0.029817
v 0.022371 0.009295 -0.029634
v 0.022496 0.009300 -0.029353
v 0.022551 0.009302 -0.029131
v 0.022534 0.009299 -0.029089
v 0.022556 0.007337 -0.029417
v 0.022444 0.007960 -0.029640
v 0.022535 0.007957 -0.029403
v 0.022391 0.007961 -0.029762
v 0.021958 0.007961 -0.030005
v 0.022164 0.007960 -0.029972
v 0.022283 0.007960 -0.029900
v 0.021933 0.007959 -0.029993
v 0.022647 0.007100 -0.028752
v 0.022618 0.007111 -0.028787
v 0.022876 0.002236 -0.028444
v 0.022700 0.006751 -0.028277
v 0.022726 0.006699 -0.028284
v 0.022715 0.009302 -0.027332
v 0.022642 0.009302 -0.028266
v 0.022752 0.009302 -0.026166
v 0.022603 0.009302 -0.028567
v 0.022539 0.009307 -0.028938
v 0.022812 0.006945 -0.027223
v 0.022744 0.006820 -0.027882
v 0.022690 0.010256 -0.026166
v 0.022628 0.011305 -0.026137
v 0.022656 0.010256 -0.027333
v 0.022599 0.010256 -0.028277
v 0.022855 0.006951 -0.026022
v 0.022603 0.010381 -0.028114
v 0.022715 0.006827 -0.028068
v 0.022598 0.011246 -0.027333
v 0.022549 0.011159 -0.028191
v 0.022514 0.010256 -0.028868
v 0.022681 0.007016 -0.028337
v 0.022665 0.007103 -0.028464
v 0.022656 0.007170 -0.028528
v 0.022702 0.006970 -0.028213
v 0.022480 0.010731 -0.028957
v 0.022478 0.010866 -0.028893
v 0.022487 0.010957 -0.028800
v 0.022502 0.011041 -0.028677
v 0.022635 0.007096 -0.028836
v 0.022905 0.006758 -0.026070
v 0.022860 0.006752 -0.027253
v 0.022791 0.006752 -0.027897
v 0.022761 0.006754 -0.028087
v 0.022668 0.011362 -0.026188
v 0.022589 0.011218 -0.028223
v 0.022638 0.011304 -0.027369
v 0.022695 0.006838 -0.028443
v 0.022671 0.006955 -0.028618
v 0.022726 0.006773 -0.028268
v 0.022518 0.010405 -0.029105
v 0.022511 0.010737 -0.029059
v 0.022510 0.010887 -0.028986
v 0.022521 0.010994 -0.028881
v 0.022538 0.011092 -0.028737
v 0.022559 0.011163 -0.028543
v 0.022570 0.009301 -0.029041
v 0.022840 0.007351 -0.026074
v 0.022593 0.011194 -0.028218
v 0.022587 0.011162 -0.028205
v 0.022754 0.006804 -0.028075
v 0.022763 0.006776 -0.028085
v 0.022635 0.011248 -0.027358
v 0.022642 0.011280 -0.027367
v 0.022851 0.006802 -0.027247
v 0.022862 0.006774 -0.027252
v 0.022524 0.010954 -0.028827
v 0.022527 0.010977 -0.028859
v 0.022792 0.006774 -0.027897
v 0.022783 0.006802 -0.027890
v 0.022699 0.006854 -0.028428
v 0.022694 0.006876 -0.028405
v 0.022673 0.006982 -0.028563
v 0.022677 0.006966 -0.028595
v 0.022515 0.010858 -0.028923
v 0.022517 0.010875 -0.028960
v 0.022525 0.010404 -0.029074
v 0.022522 0.010402 -0.029032
v 0.022516 0.010720 -0.028990
v 0.022519 0.010730 -0.029030
v 0.022558 0.011109 -0.028517
v 0.022564 0.011139 -0.028535
v 0.022544 0.011071 -0.028722
v 0.022539 0.011043 -0.028697
v 0.022906 0.006779 -0.026069
v 0.022896 0.006808 -0.026065
v 0.022672 0.011337 -0.026185
v 0.022665 0.011305 -0.026181
v 0.022575 0.009302 -0.028970
v 0.022577 0.009302 -0.029011
v 0.022662 0.007098 -0.028706
v 0.022699 0.007351 -0.028391
v 0.022729 0.006792 -0.028261
v 0.022722 0.006817 -0.028247
v 0.022901 0.006747 -0.026072
v 0.022856 0.006742 -0.027254
v 0.022787 0.006742 -0.027898
v 0.022756 0.006744 -0.028087
v 0.022662 0.011374 -0.026190
v 0.022584 0.011230 -0.028225
v 0.022633 0.011316 -0.027371
v 0.022690 0.006830 -0.028451
v 0.022665 0.006950 -0.028629
v 0.022722 0.006764 -0.028272
v 0.022511 0.010405 -0.029120
v 0.022504 0.010740 -0.029074
v 0.022504 0.010892 -0.028999
v 0.022514 0.011003 -0.028892
v 0.022554 0.011175 -0.028548
v 0.022532 0.011103 -0.028744
v 0.022563 0.009301 -0.029056
v 0.022660 0.007097 -0.028663
v 0.022473 0.002236 -0.029703
v 0.022179 0.002236 -0.030036
v 0.022772 0.002236 -0.027371
v 0.021959 0.002606 -0.030071
v 0.022306 0.002236 -0.029963
v 0.022420 0.002236 -0.029828
v 0.022592 0.002236 -0.029225
v 0.022669 0.002236 -0.028800
v 0.022734 0.002236 -0.028087
v 0.022804 0.002236 -0.026185
v 0.022704 0.002236 -0.028443
v 0.022357 0.001860 -0.029981
v 0.022649 0.001859 -0.029703
v 0.023042 0.001859 -0.027371
v 0.022480 0.001859 -0.029914
v 0.022588 0.001859 -0.029808
v 0.022783 0.001859 -0.029227
v 0.022859 0.001859 -0.028802
v 0.022973 0.001859 -0.028086
v 0.023091 0.001859 -0.026185
v 0.022916 0.001859 -0.028444
v 0.022171 0.010726 -0.029751
v 0.022375 0.010634 -0.029510
v 0.022281 0.010693 -0.029669
v 0.022436 0.010582 -0.029361
v 0.021957 0.010751 -0.029784
v 0.022637 0.003109 -0.029184
v 0.022617 0.006341 -0.029120
v 0.022643 0.006466 -0.028981
v 0.022599 0.006184 -0.029188
v 0.022644 0.002991 -0.029160
v 0.022625 0.007935 -0.028674
v 0.022633 0.007957 -0.028871
v 0.022669 0.007956 -0.028501
v 0.022589 0.007968 -0.028950
v 0.022618 0.007959 -0.028917
v 0.022815 0.007956 -0.026119
v 0.022630 0.007957 -0.028829
v 0.022625 0.007958 -0.028901
v 0.022774 0.007956 -0.027286
v 0.022606 0.007956 -0.028993
v 0.022707 0.007956 -0.028230
v 0.022654 0.007099 -0.028737
v 0.022797 0.007351 -0.027240
v 0.022730 0.007351 -0.028179
v 0.022620 0.007325 -0.028914
v 0.022603 0.007337 -0.028868
v 0.022633 0.007328 -0.028834
v 0.022647 0.007326 -0.028788
v 0.022645 0.007326 -0.028746
v 0.022640 0.007327 -0.028819
v 0.022644 0.007351 -0.028592
v 0.022606 0.011632 -0.027371
v 0.022556 0.011552 -0.028284
v 0.022481 0.011141 -0.029079
v 0.022465 0.010881 -0.029210
v 0.022499 0.011341 -0.028900
v 0.022526 0.011490 -0.028648
v 0.022636 0.011668 -0.026185
v 0.022283 0.010852 -0.029642
v 0.022173 0.010880 -0.029725
v 0.022377 0.010799 -0.029481
v 0.022439 0.010750 -0.029331
v 0.021932 0.010885 -0.029750
v 0.021957 0.010896 -0.029759
v 0.022465 0.010497 -0.029311
v 0.022458 0.010703 -0.029275
v 0.022551 0.006511 -0.029432
v 0.022691 0.002764 -0.028923
v 0.022962 0.003258 -0.025000
v 0.022932 0.006538 -0.025000
v 0.022868 0.003261 -0.027622
v 0.022846 0.003242 -0.027850
v 0.022821 0.003109 -0.028101
v 0.022665 0.002824 -0.029036
v 0.022769 0.002817 -0.028445
v 0.022800 0.003248 -0.025000
v 0.022706 0.003251 -0.027609
v 0.022780 0.003250 -0.026186
v 0.022667 0.006574 -0.028795
v 0.022643 0.006561 -0.028795
v 0.022921 0.006574 -0.025000
v 0.022896 0.006561 -0.025000
v 0.022899 0.006574 -0.026167
v 0.022874 0.006561 -0.026177
v 0.022850 0.006574 -0.027352
v 0.022825 0.006561 -0.027361
v 0.022781 0.006574 -0.028094
v 0.022756 0.006561 -0.028090
v 0.022645 0.002722 -0.028799
v 0.022619 0.002744 -0.028923
v 0.022625 0.006492 -0.029018
v 0.022602 0.006484 -0.029006
v 0.022580 0.003122 -0.029226
v 0.022559 0.003116 -0.029206
v 0.022576 0.006198 -0.029229
v 0.022554 0.006190 -0.029216
v 0.022588 0.002980 -0.029195
v 0.022566 0.002980 -0.029179
v 0.022596 0.006362 -0.029164
v 0.022574 0.006354 -0.029151
v 0.022584 0.002865 -0.029120
v 0.022576 0.002867 -0.029117
v 0.022672 0.003099 -0.028086
v 0.022686 0.003232 -0.027841
v 0.022595 0.002795 -0.029040
v 0.022588 0.002796 -0.029036
v 0.022662 0.002808 -0.028429
v 0.022741 0.002765 -0.028621
v 0.022659 0.002751 -0.028616
v 0.022573 0.005587 -0.029300
v 0.022546 0.003454 -0.029423
v 0.022574 0.003569 -0.029298
v 0.022523 0.003453 -0.029525
v 0.022570 0.005680 -0.029308
v 0.022569 0.003474 -0.029321
v 0.022549 0.005702 -0.029404
v 0.022526 0.005701 -0.029507
v 0.022506 0.005679 -0.029593
v 0.022475 0.005651 -0.029686
v 0.022485 0.003520 -0.029697
v 0.022500 0.003470 -0.029627
v 0.022505 0.003682 -0.029603
v -0.010400 0.012568 -0.026495
v -0.010543 0.012568 -0.026640
v -0.010419 0.012568 -0.026568
v -0.010471 0.012568 -0.026621
v -0.012995 0.012568 -0.026640
v -0.013138 0.012568 -0.026495
v -0.013066 0.012568 -0.026621
v -0.013119 0.012568 -0.026568
v -0.010490 0.012354 -0.026704
v -0.010346 0.012354 -0.026559
v -0.010418 0.012354 -0.026684
v -0.010366 0.012354 -0.026631
v -0.013191 0.012354 -0.026559
v -0.013048 0.012354 -0.026704
v -0.013172 0.012354 -0.026631
v -0.013120 0.012354 -0.026684
v -0.013884 0.006126 -0.029932
v -0.012646 0.006126 -0.025000
v -0.014156 0.006126 -0.029898
v -0.015579 0.006126 -0.029922
v -0.015852 0.006126 -0.029926
v -0.016308 0.006126 -0.029675
v -0.016571 0.008535 -0.029636
v -0.016599 0.008540 -0.029571
v -0.015810 0.008433 -0.029754
v -0.016394 0.008484 -0.029800
v -0.016077 0.008132 -0.029916
v -0.016101 0.008126 -0.029927
v -0.016339 0.008514 -0.029381
v -0.015747 0.008617 -0.029482
v -0.016542 0.008528 -0.029642
v -0.016540 0.008535 -0.029667
v -0.016494 0.008514 -0.029381
v -0.016585 0.008529 -0.029530
v -0.014663 0.010810 -0.029576
v -0.014663 0.010810 -0.029264
v -0.014745 0.010791 -0.029265
v -0.014822 0.010744 -0.029581
v -0.014822 0.010744 -0.029269
v -0.013885 0.010810 -0.029294
v -0.013884 0.010810 -0.029574
v -0.013441 0.010695 -0.025000
v -0.014663 0.010682 -0.025000
v -0.014734 0.010678 -0.025000
v -0.014805 0.010674 -0.025000
v -0.014778 0.011004 -0.029729
v -0.015759 0.009254 -0.029862
v -0.016590 0.006227 -0.030042
v -0.012350 0.011021 -0.029746
v -0.014020 0.011040 -0.029722
v -0.016523 0.005899 -0.030060
v -0.015043 0.010766 -0.029786
v -0.014932 0.010913 -0.029743
v -0.014918 0.010896 -0.029765
v -0.016351 0.005830 -0.030063
v -0.014578 0.011020 -0.029746
v -0.014772 0.010983 -0.029752
v -0.012326 0.009293 -0.029845
v -0.012350 0.006233 -0.030042
v -0.012350 0.009296 -0.029861
v -0.016610 0.006020 -0.030053
v -0.016335 0.005913 -0.030059
v -0.015825 0.005913 -0.030059
v -0.015740 0.005830 -0.030063
v -0.012350 0.005831 -0.030063
v -0.012433 0.009296 -0.029861
v -0.013911 0.010938 -0.029759
v -0.014742 0.010905 -0.029764
v -0.014973 0.010719 -0.029793
v -0.015607 0.009343 -0.029871
v -0.016509 0.006206 -0.030044
v -0.016524 0.006043 -0.030052
v -0.016470 0.005967 -0.030056
v -0.012433 0.005914 -0.030059
v -0.012433 0.006233 -0.030042
v -0.012433 0.010938 -0.029759
v -0.014570 0.010937 -0.029759
v -0.014865 0.010832 -0.029775
v -0.015810 0.008841 -0.029897
v -0.015724 0.009318 -0.029862
v -0.015692 0.005830 -0.030063
v -0.014129 0.005914 -0.030059
v -0.014044 0.011020 -0.029746
v -0.014129 0.010937 -0.029759
v -0.013996 0.005831 -0.030063
v -0.013911 0.005914 -0.030059
v -0.013906 0.009292 -0.029883
v -0.015607 0.005913 -0.030059
v -0.014129 0.009293 -0.029871
v -0.015716 0.005805 -0.030048
v -0.014020 0.009290 -0.029851
v -0.013996 0.009293 -0.029871
v -0.014044 0.009293 -0.029871
v -0.014044 0.005831 -0.030063
v -0.013996 0.011020 -0.029746
v -0.015580 0.009302 -0.029697
v -0.012646 0.006126 -0.029932
v -0.012646 0.010810 -0.029655
v -0.013884 0.009289 -0.029714
v -0.014156 0.010810 -0.029576
v -0.014156 0.009289 -0.029714
v -0.015747 0.009307 -0.029848
v -0.016532 0.005889 -0.030052
v -0.016355 0.005817 -0.030056
v -0.016602 0.006226 -0.030034
v -0.016621 0.006013 -0.030046
v -0.015728 0.005818 -0.030056
v -0.014877 0.010680 -0.029586
v -0.014745 0.010791 -0.029578
v -0.017597 0.003643 -0.029494
v -0.017559 0.004757 -0.029529
v -0.017579 0.003667 -0.029491
v -0.017594 0.003738 -0.029497
v -0.017586 0.003749 -0.029496
v -0.017592 0.004079 -0.029510
v -0.017521 0.005281 -0.029540
v -0.017396 0.001484 -0.029359
v -0.017608 0.002240 -0.029441
v -0.017596 0.003688 -0.029496
v -0.017521 0.005311 -0.029538
v -0.017607 0.003759 -0.029501
v -0.017468 0.001484 -0.029166
v -0.017618 0.004754 -0.029338
v -0.017639 0.003667 -0.029293
v -0.017654 0.003740 -0.029299
v -0.017591 0.005156 -0.029348
v -0.017652 0.004079 -0.029314
v -0.017591 0.005132 -0.029349
v -0.017657 0.003643 -0.029296
v -0.017672 0.002241 -0.029236
v -0.017657 0.003688 -0.029297
v -0.017667 0.003761 -0.029303
v -0.017646 0.003751 -0.029298
v -0.017565 0.005122 -0.029347
v -0.017497 0.005277 -0.029537
v 0.022794 0.001871 -0.028950
v 0.022800 0.001922 -0.028910
v 0.022947 0.001911 -0.027973
v 0.022954 0.001860 -0.027935
v 0.022952 0.001896 -0.027946
v 0.022800 0.001789 -0.028911
v 0.022794 0.001841 -0.028950
v 0.022954 0.001830 -0.027935
v 0.022947 0.001779 -0.027975
v 0.022952 0.001794 -0.027947
v 0.022795 0.001898 -0.028941
v 0.022797 0.001911 -0.028930
v 0.022797 0.001801 -0.028931
v 0.022795 0.001814 -0.028942
v 0.022861 0.001828 -0.028925
v 0.022838 0.001814 -0.028941
v 0.022857 0.001821 -0.028933
v 0.022849 0.001816 -0.028939
v 0.022862 0.001822 -0.028920
v 0.022840 0.001801 -0.028931
v 0.022858 0.001811 -0.028925
v 0.022850 0.001803 -0.028929
v 0.022862 0.001890 -0.028919
v 0.022840 0.001911 -0.028930
v 0.022858 0.001900 -0.028924
v 0.022850 0.001908 -0.028928
v 0.022838 0.001898 -0.028940
v 0.022861 0.001883 -0.028924
v 0.022849 0.001896 -0.028938
v 0.022857 0.001891 -0.028932
v 0.023013 0.001813 -0.027960
v 0.022995 0.001793 -0.027946
v 0.023011 0.001803 -0.027953
v 0.023005 0.001796 -0.027948
v 0.023010 0.001804 -0.027978
v 0.022990 0.001779 -0.027974
v 0.023008 0.001791 -0.027976
v 0.023000 0.001782 -0.027975
v 0.022997 0.001830 -0.027934
v 0.023014 0.001835 -0.027953
v 0.023006 0.001830 -0.027937
v 0.023013 0.001832 -0.027944
v 0.022860 0.001846 -0.028930
v 0.022837 0.001841 -0.028949
v 0.022856 0.001844 -0.028940
v 0.022847 0.001842 -0.028947
v 0.022843 0.001789 -0.028910
v 0.022864 0.001814 -0.028906
v 0.022853 0.001793 -0.028910
v 0.022861 0.001802 -0.028908
v 0.023013 0.001877 -0.027960
v 0.022995 0.001896 -0.027945
v 0.023011 0.001886 -0.027952
v 0.023005 0.001893 -0.027947
v 0.023014 0.001855 -0.027953
v 0.022997 0.001860 -0.027934
v 0.023013 0.001857 -0.027943
v 0.023006 0.001859 -0.027936
v 0.022990 0.001911 -0.027973
v 0.023010 0.001886 -0.027977
v 0.023000 0.001908 -0.027973
v 0.023008 0.001899 -0.027975
v 0.022864 0.001897 -0.028905
v 0.022843 0.001922 -0.028909
v 0.022861 0.001909 -0.028907
v 0.022853 0.001919 -0.028908
v 0.022860 0.001866 -0.028930
v 0.022837 0.001871 -0.028949
v 0.022856 0.001868 -0.028939
v 0.022847 0.001870 -0.028946
v 0.018014 0.007990 -0.029995
v 0.022534 0.006297 -0.029421
v 0.022527 0.003246 -0.029465
v 0.022512 0.002977 -0.029529
v 0.022580 0.003512 -0.029226
v 0.022560 0.003452 -0.029317
v 0.022536 0.003431 -0.029421
v 0.022578 0.005631 -0.029228
v 0.022561 0.005696 -0.029303
v 0.022539 0.005720 -0.029402
v 0.022515 0.005718 -0.029508
v 0.022494 0.005695 -0.029605
v 0.022488 0.005641 -0.029667
v 0.022513 0.003431 -0.029526
v 0.022489 0.003448 -0.029631
v 0.022473 0.003500 -0.029703
v 0.022559 0.003535 -0.029207
v 0.022531 0.003434 -0.029422
v 0.022555 0.003455 -0.029318
v 0.022557 0.005614 -0.029215
v 0.022556 0.005694 -0.029304
v 0.022534 0.005717 -0.029403
v 0.022511 0.005715 -0.029507
v 0.022489 0.005693 -0.029604
v 0.022470 0.005649 -0.029684
v 0.022508 0.003433 -0.029525
v 0.022484 0.003451 -0.029630
v 0.022469 0.003502 -0.029701
v 0.022480 0.005448 -0.029706
v 0.022491 0.005554 -0.029681
v 0.022484 0.005508 -0.029699
v 0.022498 0.003592 -0.029667
v 0.022485 0.003717 -0.029697
v 0.022489 0.003651 -0.029688
v 0.022458 0.005603 -0.029735
v 0.022443 0.005464 -0.029773
v 0.022447 0.005537 -0.029762
v 0.022448 0.003696 -0.029764
v 0.022462 0.003548 -0.029729
v 0.022452 0.003619 -0.029754
v 0.022454 0.005602 -0.029732
v 0.022439 0.005463 -0.029771
v 0.022443 0.005536 -0.029759
v 0.022458 0.003549 -0.029726
v 0.022444 0.003697 -0.029762
v 0.022448 0.003619 -0.029751
v 0.022588 0.003534 -0.029236
v 0.022561 0.003525 -0.029357
v 0.022545 0.003518 -0.029429
v 0.022586 0.005614 -0.029238
v 0.022561 0.005632 -0.029352
v 0.022547 0.005639 -0.029411
v 0.022528 0.005637 -0.029499
v 0.022514 0.005622 -0.029573
v 0.022500 0.005593 -0.029645
v 0.022524 0.003517 -0.029520
v 0.022505 0.003530 -0.029603
v 0.022500 0.003564 -0.029651
v 0.022461 0.003712 -0.029756
v 0.022465 0.003635 -0.029745
v 0.022475 0.003564 -0.029720
v 0.022460 0.005527 -0.029753
v 0.022456 0.005453 -0.029765
v 0.022471 0.005592 -0.029726
v 0.022570 0.005673 -0.029260
v 0.022570 0.003468 -0.029271
v 0.022508 0.005486 -0.029598
v 0.022578 0.005656 -0.029267
v 0.022578 0.003491 -0.029279
v 0.022557 0.003479 -0.029263
v 0.022556 0.005666 -0.029254
v 0.022567 0.005617 -0.029322
v 0.022568 0.003540 -0.029324
v 0.022524 0.003651 -0.029519
v 0.022545 0.003617 -0.029428
v 0.022527 0.005518 -0.029503
v 0.022548 0.005550 -0.029410
v 0.022183 0.005335 -0.030036
v 0.022307 0.005386 -0.029964
v 0.022420 0.005447 -0.029827
v 0.022757 0.006538 -0.028307
v 0.022720 0.006561 -0.028310
v 0.022746 0.006574 -0.028310
v 0.022689 0.006561 -0.028503
v 0.022714 0.006574 -0.028505
v 0.022726 0.006538 -0.028505
v 0.021059 0.010922 -0.029771
v 0.021017 0.010908 -0.029774
v 0.021036 0.010916 -0.029753
v 0.021911 0.010889 -0.029768
v 0.020771 0.012296 -0.028472
v 0.020771 0.012194 -0.028915
v 0.020771 0.011955 -0.029292
v 0.020770 0.011513 -0.029578
v 0.020771 0.012382 -0.027371
v 0.020962 0.012296 -0.028472
v 0.020962 0.011955 -0.029292
v 0.020962 0.012382 -0.027371
v 0.020962 0.012194 -0.028915
v 0.020962 0.011513 -0.029578
v 0.022644 0.011219 -0.025000
v 0.022520 0.011105 -0.028502
v 0.022562 0.010256 -0.028577
v 0.022682 0.010381 -0.026166
v 0.022638 0.011202 -0.026131
v 0.022565 0.011061 -0.028111
v 0.022609 0.011144 -0.027319
v 0.022828 0.007956 -0.025000
v 0.022761 0.009302 -0.025000
v 0.022870 0.006956 -0.025000
v 0.022855 0.007351 -0.025000
v 0.022649 0.010381 -0.027332
v 0.022558 0.010381 -0.028570
v 0.022487 0.010419 -0.028999
v 0.022699 0.010256 -0.025000
v 0.022859 0.006826 -0.026021
v 0.022814 0.006820 -0.027223
v 0.022748 0.006945 -0.027881
v 0.022725 0.006951 -0.028060
v 0.022661 0.006905 -0.028391
v 0.022641 0.007007 -0.028542
v 0.022626 0.007100 -0.028630
v 0.022687 0.006848 -0.028240
v 0.022597 0.007920 -0.028795
v 0.022562 0.009318 -0.028815
v 0.022612 0.007291 -0.028709
v 0.010934 0.012226 -0.025000
v 0.002740 0.012226 -0.025000
v 0.010934 0.012224 -0.025464
v 0.010934 0.012213 -0.028300
v 0.010934 0.012220 -0.026333
v 0.010934 0.012217 -0.027355
v 0.002740 0.012211 -0.028300
v 0.002740 0.012224 -0.025464
v 0.002740 0.012215 -0.027355
v 0.002740 0.012220 -0.026333
v 0.003193 0.012209 -0.028766
v 0.002800 0.012209 -0.028567
v 0.002966 0.012209 -0.028713
v 0.010481 0.012210 -0.028766
v 0.010707 0.012211 -0.028713
v 0.010873 0.012211 -0.028567
v 0.010933 0.012458 -0.025000
v 0.010847 0.012533 -0.025000
v 0.010922 0.012495 -0.025000
v 0.010890 0.012523 -0.025000
v 0.002826 0.012533 -0.025000
v 0.002740 0.012458 -0.025000
v 0.002783 0.012523 -0.025000
v 0.002751 0.012495 -0.025000
v 0.010934 0.012333 -0.028301
v 0.010847 0.012409 -0.028301
v 0.010922 0.012371 -0.028301
v 0.010890 0.012399 -0.028301
v 0.010847 0.012531 -0.025466
v 0.010933 0.012456 -0.025466
v 0.010890 0.012521 -0.025466
v 0.010922 0.012494 -0.025466
v 0.010847 0.012468 -0.027403
v 0.010934 0.012393 -0.027389
v 0.010890 0.012458 -0.027401
v 0.010922 0.012430 -0.027396
v 0.010847 0.012513 -0.026289
v 0.010890 0.012503 -0.026290
v 0.002740 0.012455 -0.025466
v 0.002826 0.012531 -0.025466
v 0.002751 0.012493 -0.025466
v 0.002783 0.012521 -0.025466
v 0.002826 0.012407 -0.028301
v 0.002740 0.012331 -0.028301
v 0.002783 0.012397 -0.028301
v 0.002751 0.012369 -0.028301
v 0.002826 0.012512 -0.026289
v 0.002826 0.012466 -0.027403
v 0.002740 0.012392 -0.027389
v 0.002783 0.012456 -0.027401
v 0.002751 0.012429 -0.027396
v 0.010469 0.012376 -0.028693
v 0.010481 0.012295 -0.028767
v 0.010475 0.012363 -0.028730
v 0.010479 0.012333 -0.028758
v 0.010795 0.012390 -0.028531
v 0.010873 0.012311 -0.028568
v 0.010834 0.012378 -0.028550
v 0.010862 0.012349 -0.028564
v 0.010663 0.012380 -0.028648
v 0.010707 0.012299 -0.028714
v 0.010685 0.012367 -0.028681
v 0.010701 0.012338 -0.028705
v 0.003204 0.012374 -0.028693
v 0.003193 0.012293 -0.028767
v 0.003198 0.012361 -0.028730
v 0.003194 0.012331 -0.028758
v 0.003011 0.012378 -0.028648
v 0.002966 0.012297 -0.028714
v 0.002988 0.012365 -0.028681
v 0.002972 0.012336 -0.028705
v 0.002878 0.012388 -0.028531
v 0.002800 0.012309 -0.028568
v 0.002839 0.012376 -0.028550
v 0.002811 0.012347 -0.028564
v 0.010470 0.012531 -0.025466
v 0.010470 0.012533 -0.025000
v 0.010469 0.012468 -0.027403
v 0.010469 0.012409 -0.028301
v 0.010469 0.012513 -0.026289
v 0.003204 0.012531 -0.025466
v 0.003204 0.012407 -0.028301
v 0.003204 0.012512 -0.026289
v 0.003204 0.012533 -0.025000
v 0.003204 0.012467 -0.027403
v 0.005497 0.012209 -0.028766
v 0.005497 0.012294 -0.028767
v 0.005497 0.012332 -0.028758
v 0.005497 0.012362 -0.028730
v 0.005498 0.012375 -0.028693
v 0.005498 0.012533 -0.025000
v 0.005498 0.012467 -0.027403
v 0.005498 0.012531 -0.025466
v 0.005498 0.012408 -0.028301
v 0.005498 0.012512 -0.026289
v 0.004407 0.012209 -0.028766
v 0.004407 0.012293 -0.028767
v 0.004410 0.012531 -0.025466
v 0.004410 0.012408 -0.028301
v 0.004407 0.012332 -0.028758
v 0.004409 0.012362 -0.028730
v 0.004410 0.012375 -0.028693
v 0.004410 0.012533 -0.025000
v 0.004410 0.012467 -0.027403
v 0.010922 0.012475 -0.026294
v 0.010933 0.012437 -0.026300
v 0.002783 0.012502 -0.026290
v 0.002751 0.012474 -0.026294
v 0.002740 0.012436 -0.026300
v 0.004410 0.012512 -0.026289
v -0.015303 0.010975 -0.020412
v -0.016555 0.005859 -0.019938
v -0.016361 0.005782 -0.019935
v -0.016750 0.005806 -0.019935
v -0.014955 0.010930 -0.020241
v -0.014557 0.011067 -0.020266
v -0.006277 0.006444 -0.019928
v -0.006277 0.005285 -0.019928
v -0.009219 0.005285 -0.019928
v -0.011682 0.003364 -0.019928
v -0.011481 0.003987 -0.019928
v -0.011797 0.002236 -0.019928
v 0.011965 0.006444 -0.019944
v 0.011965 0.002240 -0.019943
v -0.000180 0.002240 -0.019943
v -0.000204 0.002236 -0.019928
v -0.012302 0.002236 -0.019928
v -0.006277 0.002236 -0.019928
v -0.006253 0.002240 -0.019943
v 0.018038 0.002240 -0.019943
v 0.011989 0.002236 -0.019928
v 0.012347 0.002620 -0.019928
v 0.017478 0.002620 -0.019928
v 0.016384 0.004844 -0.019928
v 0.017175 0.003987 -0.019928
v 0.012973 0.004482 -0.019928
v 0.012651 0.003987 -0.019928
v 0.013442 0.004844 -0.019928
v 0.014913 0.005237 -0.019928
v 0.014913 0.005141 -0.019928
v 0.015745 0.005065 -0.019928
v -0.007280 0.004482 -0.019928
v -0.007748 0.004844 -0.019928
v -0.006654 0.002620 -0.019928
v -0.006641 0.002236 -0.019928
v -0.009219 0.005237 -0.019928
v -0.009219 0.005141 -0.019928
v -0.012302 0.005237 -0.019928
v -0.012302 0.003667 -0.019928
v -0.010690 0.004844 -0.019928
v -0.017439 0.005925 -0.020316
v -0.017150 0.006106 -0.020049
v -0.006277 0.003018 -0.019928
v -0.011797 0.002219 -0.019850
v -0.011571 0.001475 -0.020052
v -0.011565 0.001475 -0.022104
v -0.011448 0.003310 -0.019848
v -0.011263 0.003883 -0.019848
v -0.010980 0.004318 -0.019848
v -0.008437 0.004830 -0.019848
v -0.007208 0.003837 -0.022104
v -0.007175 0.003883 -0.019848
v -0.006867 0.001475 -0.020076
v 0.017491 0.002236 -0.019928
v 0.012334 0.002216 -0.019850
v 0.012567 0.001475 -0.023066
v 0.012901 0.003837 -0.023067
v 0.012684 0.003310 -0.019848
v 0.012868 0.003883 -0.019848
v 0.014131 0.004830 -0.019848
v 0.015694 0.004830 -0.019848
v 0.017141 0.003310 -0.019848
v 0.017258 0.001475 -0.023067
v -0.000180 0.001482 -0.022105
v -0.000180 0.001484 -0.020078
v 0.017265 0.001475 -0.020075
v -0.017553 0.001484 -0.021062
v -0.017856 0.001484 -0.022629
v -0.016912 0.007171 -0.020075
v -0.016638 0.006227 -0.019967
v -0.015740 0.002238 -0.019928
v -0.015716 0.002241 -0.019947
v -0.016281 0.001484 -0.022102
v -0.016562 0.001484 -0.020050
v -0.014044 0.002235 -0.019928
v 0.011965 0.006866 -0.020355
v 0.011965 0.006867 -0.019960
v 0.005892 0.005261 -0.019944
v 0.005892 0.006444 -0.019944
v 0.005892 0.006866 -0.020355
v 0.005892 0.006866 -0.019960
v 0.005892 0.001484 -0.020350
v 0.005911 0.001484 -0.020078
v 0.011965 0.001484 -0.020078
v 0.017717 0.007213 -0.019953
v 0.018014 0.007337 -0.019958
v -0.015445 0.011081 -0.020760
v -0.015475 0.011057 -0.020698
v 0.005892 0.006913 -0.019962
v 0.008929 0.011039 -0.020281
v 0.011965 0.006913 -0.020356
v 0.011941 0.006913 -0.020336
v 0.011941 0.006866 -0.020336
v 0.005868 0.006889 -0.020374
v 0.011989 0.006890 -0.019961
v 0.011989 0.006915 -0.019943
v -0.017545 0.002239 -0.020355
v -0.015663 0.011083 -0.021201
v -0.016308 0.006126 -0.020066
v -0.017160 0.007279 -0.021098
v -0.017443 0.006035 -0.020426
v -0.017396 0.006185 -0.020360
v -0.017057 0.007279 -0.020510
v -0.017129 0.007301 -0.020360
v 0.017717 0.010727 -0.020205
v -0.015217 0.011019 -0.020924
v -0.015899 0.011007 -0.022630
v -0.017430 0.007279 -0.022640
v -0.016902 0.007279 -0.020510
v -0.015372 0.011019 -0.020924
v 0.000140 0.007207 -0.020335
v 0.005572 0.007208 -0.020684
v -0.006574 0.007205 -0.020337
v 0.011645 0.007209 -0.020681
v -0.000501 0.010720 -0.020667
v -0.012646 0.010810 -0.020657
v -0.012005 0.010720 -0.020667
v 0.012286 0.007210 -0.020677
v 0.011498 0.007127 -0.020443
v 0.009398 0.007127 -0.020443
v 0.008460 0.007127 -0.020443
v -0.014710 0.012296 -0.021528
v -0.014649 0.012194 -0.021083
v -0.015015 0.012066 -0.021151
v -0.015083 0.012147 -0.021567
v -0.014741 0.011907 -0.020748
v -0.014832 0.011419 -0.020428
v -0.015100 0.011254 -0.020484
v -0.015027 0.011797 -0.020844
v -0.015172 0.012211 -0.022630
v -0.014811 0.012360 -0.022629
v -0.016074 0.009292 -0.020276
v -0.015770 0.009295 -0.020138
v -0.016867 0.005268 -0.019935
v -0.017201 0.005387 -0.020065
v -0.014438 0.012359 -0.022629
v -0.014337 0.012296 -0.021528
v -0.014473 0.011472 -0.020417
v -0.014277 0.012194 -0.021083
v -0.014368 0.011943 -0.020718
v -0.017033 0.006774 -0.020053
v -0.017978 0.003643 -0.022629
v -0.017766 0.003643 -0.021062
v -0.016554 0.002239 -0.019928
v -0.012302 0.011521 -0.020427
v -0.006253 0.011067 -0.020266
v -0.012302 0.011067 -0.020266
v -0.012302 0.012194 -0.021083
v -0.012302 0.011955 -0.020708
v -0.012350 0.011067 -0.020266
v 0.011989 0.006444 -0.019928
v 0.011989 0.006867 -0.019941
v 0.012334 0.002236 -0.019928
v 0.005916 0.011067 -0.020266
v -0.000204 0.006444 -0.019928
v -0.012350 0.012362 -0.022629
v -0.016540 0.005879 -0.019955
v -0.016359 0.005805 -0.019951
v -0.012326 0.011039 -0.020281
v -0.012326 0.005807 -0.019954
v -0.006277 0.006864 -0.019941
v -0.012302 0.005784 -0.019935
v 0.018014 0.006869 -0.019941
v 0.011965 0.011067 -0.020266
v -0.000180 0.011067 -0.020266
v -0.006253 0.011039 -0.020281
v -0.015087 0.010778 -0.020227
v -0.015064 0.010770 -0.020234
v -0.016659 0.006000 -0.019947
v -0.014801 0.011031 -0.020259
v -0.006253 0.001484 -0.020078
v 0.018020 0.001484 -0.020077
v -0.000156 0.002236 -0.019928
v -0.000156 0.005237 -0.019928
v 0.005868 0.005237 -0.019928
v -0.006229 0.002236 -0.019928
v -0.013996 0.003667 -0.019928
v -0.000204 0.005285 -0.019928
v 0.018038 0.011039 -0.020281
v -0.017533 0.003643 -0.020294
v -0.017516 0.003667 -0.020302
v -0.016952 0.003643 -0.019928
v -0.016947 0.003667 -0.019943
v -0.012326 0.012277 -0.021530
v -0.012302 0.012362 -0.022629
v -0.012302 0.012296 -0.021528
v -0.006253 0.006444 -0.019944
v -0.012350 0.011521 -0.020427
v -0.012326 0.011512 -0.020444
v -0.012350 0.011955 -0.020708
v -0.012350 0.012194 -0.021083
v -0.012326 0.012176 -0.021090
v -0.012326 0.011941 -0.020721
v -0.012350 0.005784 -0.019935
v -0.006277 0.005237 -0.019928
v -0.006253 0.005261 -0.019944
v -0.012350 0.005261 -0.019928
v -0.012350 0.002236 -0.019928
v 0.018038 0.005261 -0.019944
v 0.018014 0.005237 -0.019928
v 0.018014 0.002996 -0.019928
v 0.018014 0.006444 -0.019928
v 0.005892 0.011039 -0.020281
v -0.000156 0.006866 -0.019941
v -0.000156 0.006444 -0.019928
v 0.005868 0.006866 -0.019941
v 0.005868 0.006444 -0.019928
v -0.006229 0.006864 -0.019941
v -0.006229 0.006444 -0.019928
v -0.006253 0.006887 -0.019963
v -0.000204 0.006865 -0.019941
v -0.000180 0.006444 -0.019944
v -0.012350 0.012296 -0.021528
v -0.012326 0.012343 -0.022630
v -0.012326 0.005261 -0.019944
v 0.018038 0.009293 -0.020116
v 0.011965 0.005261 -0.019944
v 0.005911 0.002240 -0.019943
v 0.005888 0.002236 -0.019928
v -0.000180 0.005261 -0.019944
v -0.006229 0.005237 -0.019928
v -0.000204 0.005237 -0.019928
v -0.012326 0.002240 -0.019943
v 0.018014 0.002236 -0.019928
v -0.017959 0.003667 -0.022631
v -0.009219 0.005261 -0.019944
v -0.012350 0.003667 -0.019928
v -0.012326 0.003667 -0.019944
v 0.014913 0.005125 -0.019944
v 0.014913 0.005285 -0.019928
v 0.018014 0.005285 -0.019928
v -0.012302 0.005285 -0.019928
v 0.011989 0.005285 -0.019928
v -0.000156 0.005285 -0.019928
v 0.005868 0.005285 -0.019928
v -0.006229 0.005285 -0.019928
v -0.017088 0.007305 -0.020223
v -0.015141 0.011738 -0.020927
v -0.015207 0.012032 -0.021562
v -0.017445 0.005426 -0.020294
v -0.017672 0.005724 -0.021062
v -0.017362 0.006139 -0.020246
v -0.017360 0.006131 -0.020220
v -0.017228 0.006881 -0.020235
v -0.017227 0.006885 -0.020209
v -0.017090 0.007299 -0.020248
v -0.015409 0.011055 -0.020586
v -0.016202 0.009293 -0.020401
v -0.015220 0.011399 -0.020687
v -0.015147 0.011718 -0.020950
v -0.015280 0.012109 -0.022629
v -0.017489 0.005780 -0.020448
v -0.015181 0.011927 -0.021188
v -0.015212 0.012002 -0.021565
v -0.017550 0.005721 -0.020632
v 0.011989 0.003005 -0.019928
v 0.011989 0.005237 -0.019928
v -0.017533 0.003688 -0.020294
v -0.016953 0.003689 -0.019922
v -0.017766 0.003688 -0.021062
v -0.017748 0.003667 -0.021066
v -0.017978 0.003688 -0.022629
v -0.011810 0.001482 -0.020050
v -0.011546 0.002599 -0.019848
v -0.011558 0.002211 -0.019851
v -0.011682 0.003364 -0.019848
v -0.011481 0.003987 -0.019848
v -0.010051 0.005065 -0.019848
v -0.010001 0.004830 -0.019848
v -0.009219 0.004901 -0.019848
v -0.008387 0.005065 -0.019848
v -0.007748 0.004844 -0.019848
v -0.007863 0.004631 -0.019848
v -0.007458 0.004318 -0.019848
v -0.006756 0.003364 -0.019848
v -0.006990 0.003310 -0.019848
v -0.006654 0.002620 -0.019848
v -0.006628 0.001482 -0.020073
v -0.006880 0.002208 -0.019852
v -0.006641 0.002216 -0.019850
v 0.012573 0.002208 -0.019852
v 0.012560 0.001475 -0.020076
v 0.012321 0.001482 -0.020073
v 0.012450 0.003364 -0.019848
v 0.013151 0.004318 -0.019848
v 0.013557 0.004631 -0.019848
v 0.014080 0.005065 -0.019848
v 0.014913 0.005141 -0.019848
v 0.014913 0.004901 -0.019848
v 0.015745 0.005065 -0.019848
v 0.016384 0.004844 -0.019848
v 0.016852 0.004482 -0.019848
v 0.016674 0.004318 -0.019848
v 0.016957 0.003883 -0.019848
v 0.017375 0.003364 -0.019848
v 0.017239 0.002599 -0.019848
v 0.017252 0.002208 -0.019852
v 0.017491 0.002216 -0.019850
v 0.017504 0.001482 -0.020073
v -0.010051 0.005065 -0.019928
v -0.010690 0.004844 -0.019848
v -0.011158 0.004482 -0.019848
v -0.011158 0.004482 -0.019928
v -0.011784 0.002620 -0.019848
v -0.011784 0.002620 -0.019928
v -0.010575 0.004631 -0.019848
v -0.010575 0.004631 -0.022104
v -0.006892 0.002599 -0.019848
v -0.006756 0.003364 -0.019928
v -0.006957 0.003987 -0.019848
v -0.006957 0.003987 -0.019928
v -0.007280 0.004482 -0.019848
v -0.008387 0.005065 -0.019928
v -0.009219 0.005141 -0.019848
v 0.017478 0.002620 -0.019848
v 0.017375 0.003364 -0.019928
v 0.017175 0.003987 -0.019848
v 0.016852 0.004482 -0.019928
v 0.014080 0.005065 -0.019928
v 0.013442 0.004844 -0.019848
v 0.012973 0.004482 -0.019848
v 0.012651 0.003987 -0.019848
v 0.012450 0.003364 -0.019928
v 0.012347 0.002620 -0.019848
v 0.012586 0.002599 -0.019848
v 0.012586 0.002599 -0.023067
v 0.016268 0.004631 -0.019848
v 0.016268 0.004631 -0.023067
v -0.017884 0.005724 -0.022629
v -0.012308 0.001484 -0.022108
v -0.012308 0.001484 -0.020055
v -0.011546 0.002599 -0.022104
v -0.006873 0.002599 -0.022104
v -0.006848 0.001475 -0.022103
v 0.016924 0.003837 -0.023067
v 0.017239 0.002599 -0.023067
v -0.011230 0.003837 -0.022104
v -0.015740 0.005261 -0.019928
v -0.015692 0.002235 -0.019928
v -0.015740 0.005783 -0.019935
v -0.014020 0.001487 -0.020062
v -0.015716 0.001484 -0.020057
v -0.015716 0.003667 -0.019963
v -0.015740 0.003643 -0.019928
v -0.015692 0.003667 -0.019928
v -0.015716 0.005261 -0.019948
v -0.015740 0.003691 -0.019928
v -0.015692 0.005783 -0.019935
v -0.014044 0.005783 -0.019935
v -0.015692 0.005261 -0.019928
v -0.014044 0.005261 -0.019928
v -0.014044 0.003667 -0.019928
v -0.013996 0.005783 -0.019935
v -0.013996 0.005261 -0.019928
v -0.014020 0.005261 -0.019948
v -0.014020 0.003667 -0.019946
v -0.014020 0.002240 -0.019947
v -0.013996 0.002235 -0.019928
v 0.005916 0.001878 -0.020330
v -0.016613 0.006225 -0.019974
v -0.012302 0.011021 -0.020254
v -0.006277 0.006912 -0.019943
v -0.014020 0.005806 -0.019953
v -0.000156 0.011021 -0.020254
v -0.000180 0.006888 -0.019961
v -0.000180 0.006888 -0.019961
v -0.006229 0.011021 -0.020254
v -0.006229 0.006912 -0.019943
v -0.016633 0.006006 -0.019962
v -0.014567 0.011041 -0.020277
v -0.006277 0.009296 -0.020137
v -0.006253 0.009293 -0.020152
v -0.012302 0.006233 -0.019958
v -0.012326 0.006231 -0.019974
v -0.012302 0.005831 -0.019937
v 0.018014 0.009296 -0.020100
v 0.018014 0.011021 -0.020254
v 0.011989 0.011021 -0.020254
v 0.018014 0.006917 -0.019943
v 0.005868 0.009296 -0.020132
v 0.005892 0.009293 -0.020148
v -0.000180 0.009293 -0.020149
v -0.000156 0.006913 -0.019943
v -0.000180 0.011039 -0.020281
v -0.000180 0.009293 -0.020151
v -0.006229 0.009296 -0.020137
v -0.000204 0.006912 -0.019943
v -0.000204 0.009296 -0.020135
v -0.000204 0.011021 -0.020254
v -0.015285 0.012078 -0.022631
v -0.015242 0.012000 -0.021565
v -0.015412 0.011047 -0.020615
v -0.016204 0.009286 -0.020426
v -0.015186 0.011899 -0.021200
v -0.015218 0.011897 -0.021200
v -0.015229 0.011375 -0.020709
v -0.017865 0.005748 -0.022631
v -0.017884 0.005772 -0.022629
v -0.017653 0.005748 -0.021066
v -0.017431 0.005936 -0.020332
v -0.017451 0.005956 -0.020340
v -0.017398 0.006146 -0.020256
v -0.017263 0.006886 -0.020244
v -0.017551 0.005772 -0.020634
v -0.017532 0.005748 -0.020636
v -0.017497 0.005820 -0.020471
v -0.017475 0.005798 -0.020466
v -0.012302 0.009296 -0.020139
v -0.012005 0.009296 -0.020139
v -0.006574 0.010727 -0.020207
v -0.006277 0.011021 -0.020254
v -0.012005 0.010727 -0.020207
v -0.000156 0.009296 -0.020134
v 0.000141 0.009296 -0.020134
v 0.000141 0.007210 -0.019953
v 0.005868 0.006914 -0.019943
v 0.005868 0.011021 -0.020254
v -0.005932 0.010727 -0.020207
v -0.005932 0.009296 -0.020137
v -0.000502 0.007209 -0.019954
v -0.017120 0.007305 -0.020253
v -0.016233 0.009293 -0.020432
v -0.015441 0.011056 -0.020622
v -0.015253 0.011377 -0.020716
v -0.015234 0.011670 -0.021000
v -0.015180 0.011714 -0.020953
v -0.015285 0.011929 -0.021575
v -0.015357 0.012004 -0.022631
v -0.015315 0.012076 -0.022629
v -0.017672 0.005855 -0.021062
v -0.017672 0.005772 -0.021062
v -0.017507 0.005897 -0.020501
v -0.017418 0.006175 -0.020320
v -0.017288 0.006889 -0.020310
v -0.017145 0.007310 -0.020319
v -0.016250 0.009285 -0.020538
v -0.016263 0.009297 -0.020496
v -0.015297 0.011337 -0.020834
v -0.015299 0.011361 -0.020786
v -0.015237 0.011632 -0.021039
v -0.015265 0.011786 -0.021247
v -0.015267 0.011834 -0.021225
v -0.015279 0.011878 -0.021583
v -0.017884 0.005855 -0.022629
v -0.017640 0.005897 -0.021069
v -0.017523 0.005897 -0.020653
v -0.017554 0.005855 -0.020641
v -0.017480 0.005935 -0.020524
v -0.017467 0.006011 -0.020392
v -0.017270 0.006883 -0.020351
v -0.012005 0.006128 -0.019952
v -0.006574 0.007208 -0.019954
v -0.006574 0.009296 -0.020137
v 0.012287 0.010727 -0.020205
v 0.012287 0.007212 -0.019953
v 0.005571 0.007211 -0.019953
v 0.005571 0.009296 -0.020132
v 0.005571 0.010727 -0.020206
v 0.005571 0.010727 -0.020335
v 0.000141 0.010727 -0.020206
v -0.000502 0.009296 -0.020135
v -0.000502 0.010727 -0.020207
v -0.005932 0.007208 -0.019954
v 0.011965 0.001484 -0.020350
v 0.008929 0.001484 -0.020350
v 0.011941 0.001878 -0.020330
v 0.008905 0.011015 -0.020257
v 0.011965 0.011039 -0.020281
v 0.011941 0.011015 -0.020257
v 0.008905 0.001878 -0.020330
v 0.008905 0.006866 -0.020336
v 0.008953 0.001878 -0.020330
v 0.008929 0.006889 -0.020355
v 0.005868 0.006889 -0.019961
v 0.005916 0.006866 -0.020336
v 0.008953 0.006913 -0.020336
v 0.005892 0.006913 -0.020356
v 0.011965 0.006914 -0.019962
v 0.008953 0.006866 -0.020336
v 0.011989 0.006889 -0.020374
v 0.011498 0.007127 -0.020330
v 0.008953 0.011015 -0.020257
v 0.009396 0.010727 -0.020257
v 0.005916 0.006913 -0.020336
v 0.005916 0.011015 -0.020257
v 0.006360 0.007127 -0.020330
v 0.008462 0.010727 -0.020257
v 0.008905 0.006913 -0.020336
v 0.008462 0.007127 -0.020330
v 0.009396 0.007127 -0.020330
v 0.011498 0.010727 -0.020257
v 0.009396 0.010727 -0.020393
v 0.006360 0.010727 -0.020393
v 0.006360 0.007127 -0.020443
v 0.006360 0.010727 -0.020257
v -0.017765 0.002243 -0.021062
v -0.017976 0.002303 -0.022629
v -0.015724 0.011038 -0.021201
v -0.015697 0.011080 -0.021191
v -0.015484 0.011078 -0.020762
v -0.015890 0.011086 -0.022627
v -0.015486 0.011000 -0.020741
v -0.015709 0.011007 -0.021205
v -0.015509 0.011031 -0.020751
v -0.015915 0.011038 -0.022629
v -0.015855 0.011089 -0.022631
v -0.015350 0.011951 -0.022634
v -0.015815 0.011166 -0.022719
v -0.015397 0.011877 -0.022721
v -0.015263 0.011820 -0.022826
v -0.015263 0.011248 -0.022823
v 0.005821 0.002640 -0.019851
v 0.005866 0.002585 -0.019945
v 0.005821 0.002845 -0.019851
v 0.005866 0.002900 -0.019945
v -0.006224 0.002900 -0.019945
v -0.006205 0.002845 -0.019851
v -0.006205 0.002640 -0.019851
v -0.006224 0.002585 -0.019945
v -0.009328 0.006459 -0.020027
v -0.009328 0.006452 -0.020091
v -0.009251 0.006452 -0.020091
v -0.009251 0.006459 -0.020027
v -0.009328 0.010747 -0.020375
v -0.009328 0.010759 -0.020298
v -0.009251 0.010747 -0.020375
v -0.009251 0.010759 -0.020298
v -0.003256 0.007195 -0.020027
v -0.003256 0.007189 -0.020091
v -0.003178 0.007189 -0.020091
v -0.003178 0.007195 -0.020027
v -0.003256 0.010759 -0.020298
v -0.003178 0.010747 -0.020375
v -0.003256 0.010747 -0.020375
v -0.003178 0.010759 -0.020298
v 0.002817 0.007195 -0.020027
v 0.002817 0.007189 -0.020091
v 0.002895 0.007189 -0.020091
v 0.002895 0.007195 -0.020027
v 0.002817 0.010759 -0.020298
v 0.002895 0.010747 -0.020375
v 0.002817 0.010747 -0.020375
v 0.002895 0.010759 -0.020298
v 0.014963 0.007195 -0.020027
v 0.014963 0.007189 -0.020091
v 0.015040 0.007189 -0.020091
v 0.015040 0.007195 -0.020027
v 0.014963 0.010747 -0.020375
v 0.014963 0.010759 -0.020298
v 0.015040 0.010747 -0.020375
v 0.015040 0.010759 -0.020298
v -0.015580 0.009302 -0.020303
v -0.012646 0.008963 -0.020236
v -0.017851 0.005897 -0.022632
v -0.006574 0.008963 -0.020503
v 0.012286 0.010721 -0.020656
v 0.000140 0.010720 -0.020667
v -0.000501 0.007206 -0.020335
v -0.000501 0.008963 -0.020502
v -0.014877 0.010680 -0.020726
v 0.006213 0.010720 -0.020680
v -0.015993 0.009275 -0.020687
v -0.016148 0.009275 -0.020687
v -0.015603 0.009253 -0.020567
v -0.012005 0.008962 -0.020502
v -0.012646 0.008963 -0.020494
v -0.012646 0.006126 -0.020327
v -0.005933 0.008963 -0.020503
v -0.005933 0.010720 -0.020667
v 0.000140 0.008964 -0.020502
v 0.006213 0.007208 -0.020681
v -0.012005 0.006125 -0.020335
v -0.006574 0.010720 -0.020667
v 0.005572 0.010720 -0.020667
v 0.011645 0.010720 -0.020656
v 0.011498 0.010727 -0.020393
v -0.005933 0.007205 -0.020337
v 0.008462 0.010727 -0.020393
v 0.017639 0.007953 -0.020756
v 0.017568 0.007027 -0.020705
v 0.016991 0.007039 -0.020705
v 0.017277 0.007998 -0.020756
v -0.003990 0.007998 -0.024629
v -0.004276 0.007039 -0.024739
v -0.003699 0.007027 -0.024739
v -0.003699 0.007027 -0.020509
v -0.004276 0.007039 -0.020509
v -0.003628 0.007953 -0.024629
v -0.003628 0.007953 -0.020600
v -0.003990 0.007998 -0.020600
v 0.003209 0.007039 -0.024739
v 0.003494 0.007998 -0.024629
v 0.003494 0.007998 -0.020600
v 0.003786 0.007027 -0.024739
v 0.003786 0.007027 -0.020509
v 0.003209 0.007039 -0.020509
v 0.003857 0.007953 -0.024629
v 0.003857 0.007953 -0.020600
v -0.008013 0.006694 -0.020677
v -0.008591 0.006707 -0.022481
v -0.008013 0.006694 -0.022481
v -0.007942 0.007953 -0.022434
v -0.008591 0.006707 -0.020677
v -0.007942 0.007953 -0.020722
v -0.008305 0.007998 -0.020722
v -0.008305 0.007998 -0.022434
v -0.012369 0.005787 -0.023250
v -0.012288 0.005787 -0.023191
v -0.012288 0.011065 -0.023191
v -0.012369 0.011065 -0.023250
v -0.012319 0.005787 -0.023096
v -0.012319 0.011065 -0.023096
v -0.012419 0.011065 -0.023096
v -0.012419 0.005787 -0.023096
v -0.012450 0.005787 -0.023191
v -0.012450 0.011065 -0.023191
v -0.007618 0.006865 -0.023822
v -0.007618 0.011065 -0.023822
v -0.007537 0.006865 -0.023763
v -0.007568 0.006865 -0.023668
v -0.007568 0.011065 -0.023668
v -0.007537 0.011065 -0.023763
v -0.007668 0.006865 -0.023668
v -0.007668 0.011065 -0.023668
v -0.007699 0.006865 -0.023763
v -0.007699 0.011065 -0.023763
v 0.005335 0.006865 -0.022523
v 0.005335 0.011065 -0.022523
v 0.005254 0.011065 -0.022582
v 0.005304 0.006865 -0.022428
v 0.005304 0.011065 -0.022428
v 0.005204 0.006865 -0.022428
v 0.005204 0.011065 -0.022428
v 0.005173 0.006865 -0.022523
v 0.005173 0.011065 -0.022523
v 0.005254 0.006865 -0.022582
v 0.011004 0.006865 -0.022582
v 0.011085 0.006865 -0.022523
v 0.011085 0.011065 -0.022523
v 0.011004 0.011065 -0.022582
v 0.011054 0.006865 -0.022428
v 0.011054 0.011065 -0.022428
v 0.010954 0.011065 -0.022428
v 0.010954 0.006865 -0.022428
v 0.010923 0.006865 -0.022523
v 0.010923 0.011065 -0.022523
v 0.013557 0.004631 -0.023067
v 0.014913 0.004853 -0.023067
v -0.009219 0.004853 -0.022104
v -0.007863 0.004631 -0.022104
v -0.016648 0.001484 -0.022102
v 0.005869 0.011955 -0.020708
v 0.005869 0.012194 -0.021084
v 0.005869 0.012296 -0.021528
v 0.005869 0.012374 -0.022629
v 0.005869 0.011516 -0.020424
v 0.005916 0.011955 -0.020708
v 0.005916 0.012374 -0.022629
v 0.005916 0.011516 -0.020424
v 0.005916 0.012194 -0.021084
v 0.005916 0.012296 -0.021528
v 0.005869 0.011067 -0.020266
v 0.005892 0.012267 -0.021547
v 0.005892 0.012166 -0.021105
v 0.005892 0.011928 -0.020731
v 0.005892 0.012345 -0.022642
v 0.005892 0.011492 -0.020449
v 0.018038 0.011067 -0.020266
v 0.018040 0.011514 -0.020422
v 0.018041 0.011955 -0.020708
v -0.000180 0.012194 -0.021084
v -0.000180 0.012371 -0.022629
v -0.000180 0.011518 -0.020424
v -0.000180 0.012194 -0.021083
v -0.000180 0.012296 -0.021528
v -0.000180 0.011955 -0.020708
v -0.000180 0.011519 -0.020425
v -0.017318 0.001484 -0.020433
v 0.021199 0.007174 -0.019952
v 0.020973 0.007342 -0.019958
v 0.021109 0.007005 -0.019945
v 0.021174 0.002236 -0.019928
v 0.021246 0.007153 -0.019951
v 0.020919 0.011023 -0.020253
v 0.020768 0.011067 -0.020266
v 0.020956 0.006870 -0.019941
v 0.021911 0.006899 -0.019942
v 0.021142 0.006962 -0.019945
v 0.020792 0.010807 -0.020218
v 0.021095 0.010783 -0.020214
v 0.020771 0.011019 -0.020254
v 0.021172 0.002992 -0.019928
v 0.021911 0.002976 -0.019928
v 0.021911 0.012296 -0.021528
v 0.021911 0.012382 -0.022629
v 0.021911 0.011513 -0.020422
v 0.021911 0.012194 -0.021085
v 0.023042 0.001482 -0.022629
v 0.018062 0.007338 -0.019958
v 0.018062 0.006468 -0.019928
v 0.021271 0.007342 -0.019958
v 0.020769 0.011040 -0.020276
v 0.021119 0.010783 -0.020234
v 0.021221 0.007160 -0.019958
v 0.021295 0.007341 -0.019973
v 0.021318 0.007342 -0.019958
v 0.020908 0.011000 -0.020266
v 0.021122 0.006981 -0.019955
v 0.020953 0.006893 -0.019958
v 0.021146 0.010774 -0.020215
v 0.020951 0.006919 -0.019943
v 0.018062 0.006917 -0.019943
v 0.020900 0.010982 -0.020244
v 0.018062 0.006869 -0.019941
v 0.021911 0.002236 -0.019928
v 0.021167 0.005261 -0.019928
v 0.021165 0.006420 -0.019928
v 0.018062 0.002236 -0.019928
v 0.021911 0.006420 -0.019928
v 0.021911 0.011955 -0.020708
v 0.021911 0.006468 -0.019928
v 0.021911 0.007343 -0.019958
v 0.021932 0.011040 -0.020276
v 0.021911 0.011041 -0.020257
v 0.021911 0.005261 -0.019928
v 0.018062 0.011021 -0.020254
v 0.018038 0.006444 -0.019944
v 0.018062 0.005261 -0.019928
v 0.021162 0.006468 -0.019928
v 0.021165 0.006444 -0.019944
v 0.018062 0.006420 -0.019928
v 0.018038 0.006892 -0.019961
v 0.018038 0.007336 -0.019973
v 0.018038 0.002996 -0.019944
v 0.022479 0.001482 -0.020134
v 0.021474 0.001480 -0.022717
v 0.021935 0.001481 -0.022688
v 0.021471 0.001484 -0.020077
v 0.022761 0.001482 -0.020757
v 0.022776 0.001482 -0.020734
v 0.021171 0.003342 -0.019928
v 0.018062 0.002996 -0.019928
v 0.021911 0.003329 -0.019928
v 0.022859 0.001482 -0.021198
v 0.018043 0.012296 -0.021528
v 0.018042 0.012194 -0.021085
v 0.021911 0.012389 -0.023815
v 0.021935 0.001481 -0.023844
v 0.021474 0.001480 -0.023859
v 0.018043 0.012380 -0.022629
v 0.018062 0.009294 -0.020100
v 0.020934 0.009293 -0.020098
v 0.021355 0.009293 -0.020098
v 0.021403 0.009294 -0.020098
v 0.021379 0.009291 -0.020114
v 0.021911 0.009294 -0.020094
v 0.020969 0.007960 -0.019991
v 0.018062 0.007967 -0.019997
v 0.018038 0.007988 -0.020021
v 0.021518 0.007960 -0.019991
v 0.021542 0.007959 -0.020007
v 0.021566 0.007960 -0.019991
v 0.021911 0.007961 -0.019991
v 0.022916 0.001482 -0.021556
v -0.015496 0.001484 -0.022103
v -0.016394 0.009706 -0.019136
v -0.016331 0.009706 -0.018963
v -0.016233 0.009564 -0.018693
v -0.016496 0.009582 -0.019431
v -0.016394 0.007585 -0.019136
v -0.016331 0.007585 -0.018963
v -0.016512 0.007661 -0.018924
v -0.016459 0.007608 -0.018929
v -0.016504 0.007641 -0.018923
v -0.016485 0.007621 -0.018925
v -0.016561 0.009660 -0.019060
v -0.016515 0.009703 -0.019084
v -0.016556 0.009677 -0.019066
v -0.016539 0.009692 -0.019074
v -0.016628 0.009537 -0.019245
v -0.016607 0.009549 -0.019338
v -0.016633 0.009538 -0.019279
v -0.016626 0.009543 -0.019313
v -0.016435 0.009537 -0.018714
v -0.016359 0.009549 -0.018656
v -0.016417 0.009538 -0.018685
v -0.016389 0.009543 -0.018664
v -0.016461 0.009702 -0.018935
v -0.016514 0.009659 -0.018932
v -0.016487 0.009691 -0.018931
v -0.016507 0.009676 -0.018930
v -0.016510 0.007608 -0.019069
v -0.016554 0.007661 -0.019040
v -0.016533 0.007621 -0.019057
v -0.016549 0.007641 -0.019046
v -0.016214 0.009582 -0.018658
v -0.016387 0.009740 -0.019133
v -0.016323 0.009740 -0.018955
v -0.016387 0.007562 -0.019133
v -0.016323 0.007562 -0.018955
v -0.016492 0.009564 -0.019406
v -0.016245 0.009571 -0.018681
v -0.016504 0.009571 -0.019393
v -0.016406 0.009713 -0.019123
v -0.016343 0.009713 -0.018951
v -0.016406 0.007592 -0.019123
v -0.016343 0.007592 -0.018951
v -0.016486 0.009612 -0.019388
v -0.016475 0.009647 -0.019358
v -0.016240 0.009612 -0.018712
v -0.016250 0.009647 -0.018741
v -0.016600 0.009603 -0.019318
v -0.016589 0.009640 -0.019288
v -0.016610 0.009628 -0.019194
v -0.016621 0.009590 -0.019225
v -0.016607 0.009633 -0.019263
v -0.016618 0.009597 -0.019293
v -0.016615 0.009629 -0.019228
v -0.016626 0.009592 -0.019258
v -0.016443 0.009590 -0.018735
v -0.016454 0.009628 -0.018766
v -0.016377 0.009640 -0.018706
v -0.016366 0.009603 -0.018677
v -0.016436 0.009629 -0.018736
v -0.016425 0.009592 -0.018706
v -0.016408 0.009634 -0.018714
v -0.016397 0.009597 -0.018684
v -0.016232 0.009672 -0.018707
v -0.016222 0.009636 -0.018678
v -0.016488 0.009636 -0.019410
v -0.016477 0.009672 -0.019381
v -0.016487 0.009654 -0.019346
v -0.016498 0.009619 -0.019375
v -0.016262 0.009654 -0.018728
v -0.016252 0.009619 -0.018699
v -0.016263 0.009669 -0.018776
v -0.016294 0.009695 -0.018860
v -0.016462 0.009669 -0.019323
v -0.016432 0.009695 -0.019239
v -0.016582 0.009654 -0.019118
v -0.016572 0.009668 -0.019241
v -0.016542 0.009695 -0.019157
v -0.016608 0.009642 -0.019208
v -0.016577 0.009670 -0.019125
v -0.016593 0.009658 -0.019223
v -0.016563 0.009685 -0.019139
v -0.016482 0.009652 -0.018843
v -0.016426 0.009694 -0.018838
v -0.016394 0.009668 -0.018754
v -0.016443 0.009642 -0.018756
v -0.016474 0.009668 -0.018840
v -0.016422 0.009658 -0.018754
v -0.016453 0.009684 -0.018839
v -0.016460 0.009701 -0.019333
v -0.016430 0.009728 -0.019249
v -0.016280 0.009728 -0.018839
v -0.016250 0.009701 -0.018755
v -0.016444 0.009702 -0.019227
v -0.016474 0.009676 -0.019311
v -0.016305 0.009702 -0.018847
v -0.016275 0.009676 -0.018763
v -0.016433 0.007579 -0.019259
v -0.016458 0.007602 -0.019326
v -0.016471 0.007643 -0.019347
v -0.016484 0.007686 -0.019383
v -0.016252 0.007602 -0.018762
v -0.016277 0.007579 -0.018829
v -0.016241 0.007686 -0.018716
v -0.016254 0.007643 -0.018752
v -0.016462 0.007691 -0.018787
v -0.016486 0.007669 -0.018854
v -0.016397 0.007643 -0.018761
v -0.016422 0.007620 -0.018828
v -0.016449 0.007673 -0.018774
v -0.016474 0.007650 -0.018841
v -0.016426 0.007655 -0.018764
v -0.016450 0.007632 -0.018831
v -0.016442 0.007746 -0.018734
v -0.016455 0.007702 -0.018770
v -0.016368 0.007715 -0.018682
v -0.016381 0.007671 -0.018717
v -0.016425 0.007737 -0.018708
v -0.016438 0.007693 -0.018743
v -0.016398 0.007725 -0.018689
v -0.016411 0.007681 -0.018724
v -0.016578 0.007668 -0.019105
v -0.016602 0.007691 -0.019173
v -0.016545 0.007620 -0.019167
v -0.016570 0.007643 -0.019234
v -0.016601 0.007673 -0.019190
v -0.016577 0.007650 -0.019123
v -0.016589 0.007655 -0.019213
v -0.016565 0.007632 -0.019146
v -0.016585 0.007671 -0.019277
v -0.016598 0.007715 -0.019313
v -0.016608 0.007702 -0.019189
v -0.016621 0.007746 -0.019225
v -0.016617 0.007725 -0.019288
v -0.016604 0.007681 -0.019253
v -0.016625 0.007737 -0.019256
v -0.016612 0.007693 -0.019221
v -0.016473 0.007631 -0.019370
v -0.016486 0.007675 -0.019405
v -0.016265 0.007623 -0.018782
v -0.016290 0.007600 -0.018849
v -0.016223 0.007675 -0.018683
v -0.016236 0.007631 -0.018718
v -0.016436 0.007600 -0.019250
v -0.016460 0.007623 -0.019317
v -0.016302 0.007606 -0.018837
v -0.016277 0.007630 -0.018769
v -0.016472 0.007630 -0.019305
v -0.016447 0.007606 -0.019237
v -0.016266 0.007649 -0.018739
v -0.016253 0.007693 -0.018703
v -0.016496 0.007693 -0.019370
v -0.016483 0.007649 -0.019334
v -0.016492 0.007724 -0.019421
v -0.016496 0.007791 -0.019431
v -0.016233 0.007794 -0.018693
v -0.016237 0.007728 -0.018703
v -0.016629 0.007847 -0.019245
v -0.016625 0.007781 -0.019235
v -0.016604 0.007765 -0.019328
v -0.016607 0.007832 -0.019338
v -0.016633 0.007845 -0.019279
v -0.016630 0.007779 -0.019269
v -0.016626 0.007840 -0.019313
v -0.016622 0.007773 -0.019303
v -0.016359 0.007832 -0.018656
v -0.016363 0.007765 -0.018667
v -0.016439 0.007781 -0.018724
v -0.016435 0.007847 -0.018714
v -0.016393 0.007773 -0.018674
v -0.016389 0.007840 -0.018664
v -0.016421 0.007779 -0.018695
v -0.016417 0.007845 -0.018685
v -0.016214 0.007791 -0.018658
v -0.016218 0.007724 -0.018668
v -0.016492 0.007794 -0.019406
v -0.016489 0.007728 -0.019396
v -0.016501 0.007735 -0.019383
v -0.016504 0.007801 -0.019393
v -0.016248 0.007735 -0.018691
v -0.016245 0.007801 -0.018681
v -0.016428 0.009952 -0.018934
v -0.016371 0.009887 -0.018975
v -0.016486 0.009946 -0.018975
v -0.015732 0.009946 -0.020286
v -0.015671 0.009952 -0.020250
v -0.016464 0.009877 -0.019043
v -0.015745 0.009877 -0.020261
v -0.016393 0.009841 -0.019043
v -0.015647 0.009887 -0.020203
v -0.015692 0.009841 -0.020230
v -0.016486 0.007502 -0.019013
v -0.016428 0.007507 -0.019054
v -0.016464 0.007466 -0.018945
v -0.016393 0.007449 -0.018945
v -0.016371 0.007474 -0.019013
v -0.017044 0.006660 -0.020149
v -0.016985 0.006668 -0.020180
v -0.017036 0.006604 -0.020114
v -0.016972 0.006576 -0.020124
v -0.016940 0.006616 -0.020165
v 0.005892 0.002339 -0.020349
v 0.005916 0.002334 -0.020330
v 0.008905 0.002334 -0.020330
v 0.008929 0.002339 -0.020349
v 0.008953 0.002334 -0.020330
v 0.011941 0.002334 -0.020330
v 0.011965 0.002339 -0.020350
v 0.005893 0.001479 -0.022105
v -0.015417 0.011452 -0.021161
v -0.015747 0.011452 -0.021191
v -0.015354 0.011586 -0.021197
v -0.015747 0.011658 -0.021310
v -0.015331 0.011684 -0.021295
v -0.015747 0.011690 -0.021429
v -0.015339 0.011720 -0.021429
v -0.015381 0.011684 -0.021563
v -0.015450 0.011586 -0.021661
v -0.015747 0.011452 -0.021667
v -0.015528 0.011452 -0.021697
v -0.015747 0.011333 -0.021635
v -0.015597 0.011318 -0.021661
v -0.015638 0.011220 -0.021563
v -0.015747 0.011214 -0.021429
v -0.015639 0.011184 -0.021429
v -0.015747 0.011246 -0.021310
v -0.015598 0.011220 -0.021295
v -0.015747 0.011333 -0.021223
v -0.015514 0.011318 -0.021197
v -0.015747 0.011452 -0.021209
v -0.015747 0.011562 -0.021238
v -0.015747 0.011571 -0.021223
v -0.015747 0.011643 -0.021319
v -0.015747 0.011673 -0.021429
v -0.015747 0.011643 -0.021540
v -0.015747 0.011658 -0.021548
v -0.015747 0.011562 -0.021620
v -0.015747 0.011571 -0.021635
v -0.015747 0.011246 -0.021548
v -0.015747 0.011231 -0.021429
v -0.015747 0.011261 -0.021319
v -0.015715 0.011452 -0.021232
v -0.015715 0.011551 -0.021258
v -0.015715 0.011623 -0.021331
v -0.015715 0.011649 -0.021429
v -0.015715 0.011623 -0.021528
v -0.015715 0.011551 -0.021600
v -0.015715 0.011452 -0.021626
v -0.015747 0.011452 -0.021650
v -0.015715 0.011353 -0.021600
v -0.015747 0.011342 -0.021620
v -0.015747 0.011261 -0.021540
v -0.015715 0.011281 -0.021528
v -0.015715 0.011255 -0.021429
v -0.015715 0.011281 -0.021331
v -0.015715 0.011353 -0.021258
v -0.015747 0.011342 -0.021238
v -0.015338 0.011641 -0.021240
v -0.015489 0.011521 -0.021688
v -0.015747 0.011509 -0.021216
v -0.015747 0.011620 -0.021598
v -0.015747 0.011296 -0.021585
v -0.015747 0.011682 -0.021368
v -0.015747 0.011390 -0.021659
v -0.015747 0.011222 -0.021368
v -0.015747 0.011608 -0.021273
v -0.015715 0.011591 -0.021569
v -0.015331 0.011711 -0.021360
v -0.015565 0.011383 -0.021688
v -0.015624 0.011193 -0.021360
v -0.015715 0.011503 -0.021239
v -0.015715 0.011401 -0.021239
v -0.015747 0.011284 -0.021261
v -0.015747 0.011665 -0.021372
v -0.015747 0.011239 -0.021372
v -0.015715 0.011591 -0.021290
v -0.015715 0.011503 -0.021620
v -0.015356 0.011711 -0.021499
v -0.015560 0.011263 -0.021240
v -0.015715 0.011262 -0.021480
v -0.015380 0.011521 -0.021170
v -0.015464 0.011383 -0.021170
v -0.015747 0.011665 -0.021486
v -0.015715 0.011642 -0.021378
v -0.015715 0.011401 -0.021620
v -0.015715 0.011262 -0.021378
v -0.015413 0.011641 -0.021619
v -0.015747 0.011390 -0.021199
v -0.015747 0.011395 -0.021642
v -0.015643 0.011193 -0.021499
v -0.015747 0.011608 -0.021585
v -0.015715 0.011642 -0.021480
v -0.015715 0.011313 -0.021290
v -0.015747 0.011296 -0.021273
v -0.015747 0.011222 -0.021491
v -0.015747 0.011682 -0.021491
v -0.015747 0.011509 -0.021642
v -0.015747 0.011514 -0.021199
v -0.015747 0.011284 -0.021598
v -0.015747 0.011620 -0.021261
v -0.015747 0.011514 -0.021659
v -0.015715 0.011313 -0.021569
v -0.015747 0.011395 -0.021216
v -0.015622 0.011263 -0.021619
v -0.015747 0.011239 -0.021486
v -0.016917 0.001484 -0.020111
v -0.017127 0.001484 -0.020225
v -0.016943 0.002239 -0.019988
v -0.017229 0.002239 -0.020100
v -0.017279 0.003643 -0.020080
v -0.017273 0.003667 -0.020083
v -0.006253 0.012194 -0.021083
v -0.006253 0.012296 -0.021528
v -0.006253 0.011955 -0.020708
v -0.006253 0.012365 -0.022629
v -0.006253 0.011520 -0.020426
v 0.018014 0.002616 -0.019928
v 0.021173 0.002614 -0.019928
v 0.021911 0.002606 -0.019928
v 0.021934 0.002608 -0.019943
v 0.018038 0.002618 -0.019943
v 0.018062 0.002616 -0.019928
v -0.012302 0.004470 -0.019928
v -0.014044 0.004470 -0.019928
v -0.012350 0.004470 -0.019928
v -0.014020 0.004470 -0.019947
v -0.012326 0.004470 -0.019944
v -0.016926 0.004470 -0.019925
v -0.015692 0.004470 -0.019928
v -0.013996 0.004470 -0.019928
v -0.015740 0.004470 -0.019928
v -0.015716 0.004470 -0.019955
v -0.017289 0.003689 -0.020066
v -0.017921 0.004900 -0.022629
v -0.017533 0.004079 -0.020294
v -0.017276 0.004080 -0.020066
v -0.017766 0.004079 -0.021062
v -0.017777 0.003765 -0.021063
v -0.017777 0.004073 -0.021139
v -0.017546 0.003757 -0.020296
v -0.017685 0.004888 -0.020923
v -0.017799 0.003761 -0.021224
v -0.017366 0.005446 -0.020220
v -0.017440 0.004079 -0.020220
v -0.017471 0.003876 -0.020230
v -0.017483 0.003817 -0.020239
v -0.017510 0.003775 -0.020263
v -0.017395 0.005426 -0.020233
v -0.017459 0.005405 -0.020292
v -0.017790 0.003740 -0.021252
v -0.017764 0.003744 -0.021062
v -0.017531 0.003736 -0.020294
v -0.017675 0.004900 -0.020941
v -0.017468 0.004079 -0.020233
v -0.017457 0.003806 -0.020228
v -0.017444 0.003873 -0.020217
v -0.017489 0.003757 -0.020256
v -0.017365 0.005436 -0.020227
v -0.017436 0.005409 -0.020293
v -0.017756 0.004076 -0.021149
v -0.017779 0.003750 -0.021238
v -0.017756 0.003754 -0.021063
v -0.017523 0.003747 -0.020295
v -0.017665 0.004894 -0.020932
v -0.017439 0.004079 -0.020227
v -0.017455 0.003811 -0.020233
v -0.017442 0.003874 -0.020223
v -0.017484 0.003766 -0.020259
v -0.017936 0.004759 -0.022629
v -0.017722 0.004729 -0.021066
v -0.017504 0.004759 -0.020294
v -0.017247 0.004759 -0.020065
v -0.017707 0.004759 -0.021002
v -0.017412 0.004759 -0.020220
v -0.017717 0.004750 -0.020983
v -0.017439 0.004760 -0.020233
v -0.017410 0.004759 -0.020227
v -0.017697 0.004754 -0.020992
v -0.017769 0.004079 -0.021183
v -0.017796 0.003688 -0.021280
v -0.017798 0.003718 -0.021306
v -0.017977 0.003718 -0.022630
v -0.017938 0.004729 -0.022629
v -0.017714 0.004759 -0.021025
v -0.017773 0.004086 -0.021211
v -0.017961 0.004174 -0.022629
v -0.017960 0.004205 -0.022629
v -0.017766 0.004079 -0.021159
v -0.017763 0.004174 -0.021160
v -0.017766 0.004182 -0.021188
v -0.017764 0.004213 -0.021181
v -0.017753 0.003716 -0.021310
v -0.017931 0.003716 -0.022634
v -0.017893 0.004727 -0.022633
v -0.017727 0.004084 -0.021216
v -0.017919 0.004077 -0.022634
v -0.017677 0.004727 -0.021070
v -0.017721 0.004180 -0.021192
v -0.017916 0.004172 -0.022634
v -0.017915 0.004203 -0.022634
v -0.017719 0.004211 -0.021185
v -0.016502 0.003667 -0.019945
v -0.016503 0.003643 -0.019928
v -0.016405 0.005261 -0.019928
v -0.016474 0.004470 -0.019928
v -0.016501 0.003691 -0.019928
v -0.017976 0.002243 -0.022629
v -0.017976 0.002773 -0.022629
v -0.017875 0.002303 -0.021881
v -0.017860 0.002392 -0.021770
v -0.017869 0.002316 -0.021833
v -0.017863 0.002348 -0.021793
v -0.017861 0.002773 -0.021772
v -0.017851 0.002685 -0.021702
v -0.017855 0.002760 -0.021730
v -0.017852 0.002728 -0.021705
v -0.017901 0.002303 -0.022629
v -0.017901 0.002773 -0.022629
v -0.017800 0.002303 -0.021881
v -0.017794 0.002316 -0.021833
v -0.017788 0.002348 -0.021793
v -0.017785 0.002392 -0.021770
v -0.017780 0.002760 -0.021730
v -0.017785 0.002773 -0.021772
v -0.017776 0.002685 -0.021702
v -0.017776 0.002728 -0.021705
v -0.017777 0.003667 -0.021284
v -0.017796 0.003643 -0.021280
v -0.017875 0.002243 -0.021881
v -0.017711 0.001484 -0.021881
v 0.018062 0.003360 -0.019928
v 0.018038 0.003358 -0.019944
v 0.018014 0.003360 -0.019928
v 0.011965 0.001885 -0.020350
v -0.014044 0.004031 -0.019928
v -0.015716 0.004058 -0.019960
v -0.012350 0.004002 -0.019928
v -0.012302 0.004001 -0.019928
v -0.015692 0.004060 -0.019928
v -0.013996 0.004030 -0.019928
v -0.014020 0.004030 -0.019946
v -0.016488 0.004073 -0.019928
v -0.016939 0.004081 -0.019924
v -0.015740 0.004060 -0.019928
v -0.012326 0.004000 -0.019944
v 0.021932 0.010748 -0.020227
v 0.021911 0.010738 -0.020206
v 0.015505 0.012997 -0.023793
v 0.015435 0.012989 -0.023827
v 0.015509 0.013058 -0.023839
v 0.015456 0.013001 -0.023805
v 0.015467 0.013032 -0.023815
v 0.015459 0.013038 -0.023833
v 0.015507 0.013040 -0.023813
v 0.017574 0.012428 -0.023778
v 0.017697 0.012428 -0.023816
v 0.017661 0.012428 -0.023792
v 0.015397 0.012428 -0.023695
v 0.015466 0.012428 -0.023663
v 0.015417 0.012428 -0.023671
v 0.016169 0.012994 -0.023797
v 0.016171 0.013058 -0.023839
v 0.016171 0.013039 -0.023814
v 0.017144 0.012707 -0.023787
v 0.017178 0.012762 -0.023828
v 0.017168 0.012746 -0.023803
v 0.016405 0.012972 -0.023796
v 0.016416 0.013036 -0.023838
v 0.016413 0.013017 -0.023813
v 0.016674 0.012910 -0.023794
v 0.016693 0.012972 -0.023836
v 0.016687 0.012953 -0.023811
v 0.016933 0.012817 -0.023790
v 0.016961 0.012875 -0.023832
v 0.016953 0.012858 -0.023807
v -0.015956 0.011013 -0.023815
v -0.015973 0.011044 -0.023814
v -0.014505 0.012377 -0.023815
v -0.012302 0.012378 -0.023815
v -0.014880 0.012377 -0.023815
v -0.012350 0.012378 -0.023815
v -0.015236 0.012227 -0.023815
v -0.015871 0.011172 -0.023859
v -0.015441 0.011908 -0.023861
v -0.015263 0.011248 -0.023912
v -0.015360 0.012108 -0.023815
v -0.015948 0.011092 -0.023814
v -0.015395 0.011983 -0.023817
v -0.012326 0.012359 -0.023815
v -0.015402 0.012036 -0.023815
v -0.015326 0.012141 -0.023815
v -0.015330 0.012111 -0.023815
v -0.015913 0.011095 -0.023815
v -0.015263 0.011820 -0.023913
v -0.014877 0.010675 -0.022830
v -0.000180 0.012368 -0.022629
v -0.009340 0.012380 -0.023718
v -0.009340 0.012389 -0.024547
v -0.004151 0.012380 -0.023718
v -0.004151 0.012390 -0.024547
v 0.021935 0.002240 -0.019943
v 0.022456 0.007343 -0.020326
v 0.022469 0.006894 -0.020311
v 0.022473 0.002976 -0.020297
v 0.022589 0.011933 -0.022629
v 0.021957 0.011517 -0.020431
v 0.021957 0.011042 -0.020265
v 0.022175 0.011033 -0.020301
v 0.022184 0.011501 -0.020464
v 0.021958 0.012188 -0.021087
v 0.021958 0.011950 -0.020712
v 0.022196 0.011923 -0.020739
v 0.022225 0.012152 -0.021101
v 0.021958 0.012291 -0.021528
v 0.022252 0.012251 -0.021534
v 0.022533 0.011856 -0.021651
v 0.022649 0.001482 -0.020297
v 0.022295 0.012341 -0.022629
v 0.022459 0.011255 -0.020818
v 0.022473 0.011527 -0.020993
v 0.022501 0.011779 -0.021249
v 0.022167 0.007343 -0.019994
v 0.021958 0.007343 -0.019961
v 0.022179 0.006894 -0.019978
v 0.021958 0.006894 -0.019945
v 0.021958 0.006444 -0.019931
v 0.022183 0.006444 -0.019965
v 0.022584 0.006685 -0.020670
v 0.022603 0.006890 -0.020699
v 0.023003 0.002236 -0.022629
v 0.022609 0.002236 -0.020297
v 0.021935 0.001484 -0.020077
v 0.022862 0.006538 -0.022624
v 0.021934 0.012363 -0.022630
v 0.021932 0.011941 -0.020721
v 0.021933 0.012176 -0.021092
v 0.021932 0.011513 -0.020441
v 0.021933 0.012277 -0.021531
v 0.021959 0.012379 -0.022629
v 0.021933 0.007342 -0.019973
v 0.021933 0.006893 -0.019958
v 0.021959 0.002236 -0.019928
v 0.021933 0.002976 -0.019944
v 0.021958 0.005261 -0.019931
v 0.021933 0.005261 -0.019944
v 0.022183 0.002976 -0.019964
v 0.021958 0.002976 -0.019931
v 0.022473 0.006444 -0.020297
v 0.021933 0.006444 -0.019942
v 0.022652 0.002889 -0.020890
v 0.022312 0.002236 -0.019964
v 0.022337 0.001483 -0.020075
v 0.022580 0.001482 -0.020211
v 0.022378 0.010964 -0.020547
v 0.022284 0.011012 -0.020385
v 0.022455 0.012251 -0.022629
v 0.022550 0.012090 -0.022629
v 0.022403 0.007343 -0.020204
v 0.022290 0.007343 -0.020066
v 0.022377 0.012180 -0.021544
v 0.022480 0.012009 -0.021598
v 0.022293 0.011462 -0.020542
v 0.022394 0.011387 -0.020690
v 0.022408 0.011744 -0.020911
v 0.022305 0.011862 -0.020797
v 0.022447 0.011921 -0.021195
v 0.022336 0.012073 -0.021133
v 0.022416 0.006894 -0.020188
v 0.022303 0.006894 -0.020050
v 0.022307 0.006444 -0.020036
v 0.022422 0.006444 -0.020176
v 0.022307 0.002976 -0.020036
v 0.022420 0.002976 -0.020172
v 0.022556 0.002236 -0.020172
v 0.022442 0.002236 -0.020038
v 0.022783 0.001482 -0.020773
v 0.022743 0.002236 -0.020774
v 0.021933 0.003329 -0.019944
v 0.022183 0.003329 -0.019964
v 0.021958 0.003329 -0.019931
v 0.022307 0.003368 -0.020036
v 0.022473 0.003369 -0.020297
v 0.022424 0.003369 -0.020178
v 0.022714 0.002745 -0.021207
v 0.022819 0.002236 -0.021198
v 0.022681 0.006538 -0.021213
v 0.022793 0.006538 -0.021916
v 0.022933 0.002236 -0.021914
v 0.022973 0.001482 -0.021914
v 0.022580 0.011297 -0.021763
v 0.022559 0.011248 -0.021770
v 0.022763 0.006674 -0.021913
v 0.022734 0.006728 -0.021913
v 0.022629 0.011383 -0.022629
v 0.022608 0.011333 -0.022621
v 0.022863 0.006672 -0.022743
v 0.022834 0.006725 -0.022739
v 0.022507 0.011055 -0.021066
v 0.022488 0.011016 -0.021089
v 0.022793 0.006672 -0.022101
v 0.022765 0.006725 -0.022102
v 0.022688 0.006771 -0.021503
v 0.022655 0.006923 -0.021289
v 0.022666 0.006822 -0.021532
v 0.022639 0.006949 -0.021343
v 0.022498 0.010420 -0.020806
v 0.022493 0.010920 -0.020937
v 0.022441 0.010919 -0.020699
v 0.022493 0.010758 -0.020854
v 0.022476 0.010894 -0.020973
v 0.022482 0.010398 -0.020848
v 0.022476 0.010737 -0.020895
v 0.022527 0.011167 -0.021233
v 0.022549 0.011240 -0.021435
v 0.022529 0.011192 -0.021448
v 0.022507 0.011121 -0.021248
v 0.022620 0.011939 -0.023815
v 0.022911 0.006538 -0.023800
v 0.021959 0.012386 -0.023815
v 0.021934 0.012370 -0.023815
v 0.023052 0.002236 -0.023815
v 0.022332 0.012346 -0.023815
v 0.023091 0.001482 -0.023815
v 0.022481 0.012258 -0.023815
v 0.022576 0.012096 -0.023815
v 0.022943 0.003259 -0.023800
v 0.022909 0.006678 -0.023928
v 0.022879 0.006731 -0.023910
v 0.022637 0.011391 -0.023793
v 0.022658 0.011441 -0.023815
v 0.022425 0.009295 -0.020489
v 0.022160 0.009294 -0.020111
v 0.021932 0.009291 -0.020156
v 0.021958 0.009294 -0.020079
v 0.022273 0.009295 -0.020183
v 0.022371 0.009295 -0.020366
v 0.022496 0.009300 -0.020647
v 0.022551 0.009302 -0.020869
v 0.022534 0.009299 -0.020911
v 0.022556 0.007337 -0.020583
v 0.022444 0.007960 -0.020360
v 0.022535 0.007957 -0.020597
v 0.022391 0.007961 -0.020238
v 0.021958 0.007961 -0.019995
v 0.022164 0.007960 -0.020028
v 0.022283 0.007960 -0.020100
v 0.021933 0.007959 -0.020007
v 0.022647 0.007100 -0.021248
v 0.022618 0.007111 -0.021213
v 0.022876 0.002236 -0.021556
v 0.022700 0.006751 -0.021723
v 0.022726 0.006699 -0.021716
v 0.022715 0.009302 -0.022668
v 0.022642 0.009302 -0.021734
v 0.022752 0.009302 -0.023834
v 0.022603 0.009302 -0.021433
v 0.022539 0.009307 -0.021062
v 0.022812 0.006945 -0.022777
v 0.022744 0.006820 -0.022118
v 0.022690 0.010256 -0.023834
v 0.022628 0.011305 -0.023863
v 0.022656 0.010256 -0.022667
v 0.022599 0.010256 -0.021723
v 0.022855 0.006951 -0.023978
v 0.022603 0.010381 -0.021886
v 0.022715 0.006827 -0.021932
v 0.022598 0.011246 -0.022667
v 0.022549 0.011159 -0.021809
v 0.022514 0.010256 -0.021132
v 0.022681 0.007016 -0.021663
v 0.022665 0.007103 -0.021536
v 0.022656 0.007170 -0.021472
v 0.022702 0.006970 -0.021787
v 0.022480 0.010731 -0.021043
v 0.022478 0.010866 -0.021107
v 0.022487 0.010957 -0.021200
v 0.022502 0.011041 -0.021323
v 0.022635 0.007096 -0.021164
v 0.022905 0.006758 -0.023930
v 0.022860 0.006752 -0.022747
v 0.022791 0.006752 -0.022103
v 0.022761 0.006754 -0.021913
v 0.022668 0.011362 -0.023812
v 0.022589 0.011218 -0.021777
v 0.022638 0.011304 -0.022631
v 0.022695 0.006838 -0.021557
v 0.022671 0.006955 -0.021382
v 0.022726 0.006773 -0.021732
v 0.022518 0.010405 -0.020895
v 0.022511 0.010737 -0.020941
v 0.022510 0.010887 -0.021014
v 0.022521 0.010994 -0.021119
v 0.022538 0.011092 -0.021263
v 0.022559 0.011163 -0.021457
v 0.022570 0.009301 -0.020959
v 0.022840 0.007351 -0.023926
v 0.022593 0.011194 -0.021782
v 0.022587 0.011162 -0.021795
v 0.022754 0.006804 -0.021925
v 0.022763 0.006776 -0.021915
v 0.022635 0.011248 -0.022642
v 0.022642 0.011280 -0.022633
v 0.022851 0.006802 -0.022753
v 0.022862 0.006774 -0.022748
v 0.022524 0.010954 -0.021173
v 0.022527 0.010977 -0.021141
v 0.022792 0.006774 -0.022103
v 0.022783 0.006802 -0.022110
v 0.022699 0.006854 -0.021572
v 0.022694 0.006876 -0.021595
v 0.022673 0.006982 -0.021437
v 0.022677 0.006966 -0.021405
v 0.022515 0.010858 -0.021077
v 0.022517 0.010875 -0.021040
v 0.022525 0.010404 -0.020926
v 0.022522 0.010402 -0.020968
v 0.022516 0.010720 -0.021010
v 0.022519 0.010730 -0.020970
v 0.022558 0.011109 -0.021483
v 0.022564 0.011139 -0.021465
v 0.022544 0.011071 -0.021278
v 0.022539 0.011043 -0.021303
v 0.022906 0.006779 -0.023931
v 0.022896 0.006808 -0.023935
v 0.022672 0.011337 -0.023815
v 0.022665 0.011305 -0.023819
v 0.022575 0.009302 -0.021030
v 0.022577 0.009302 -0.020989
v 0.022662 0.007098 -0.021294
v 0.022699 0.007351 -0.021609
v 0.022729 0.006792 -0.021739
v 0.022722 0.006817 -0.021753
v 0.022901 0.006747 -0.023928
v 0.022856 0.006742 -0.022746
v 0.022787 0.006742 -0.022102
v 0.022756 0.006744 -0.021913
v 0.022662 0.011374 -0.023810
v 0.022584 0.011230 -0.021775
v 0.022633 0.011316 -0.022629
v 0.022690 0.006830 -0.021549
v 0.022665 0.006950 -0.021371
v 0.022722 0.006764 -0.021728
v 0.022511 0.010405 -0.020880
v 0.022504 0.010740 -0.020926
v 0.022504 0.010892 -0.021001
v 0.022514 0.011003 -0.021108
v 0.022554 0.011175 -0.021452
v 0.022532 0.011103 -0.021257
v 0.022563 0.009301 -0.020944
v 0.022660 0.007097 -0.021337
v 0.022473 0.002236 -0.020297
v 0.022179 0.002236 -0.019964
v 0.022772 0.002236 -0.022629
v 0.021959 0.002606 -0.019929
v 0.022306 0.002236 -0.020037
v 0.022420 0.002236 -0.020172
v 0.022592 0.002236 -0.020775
v 0.022669 0.002236 -0.021200
v 0.022734 0.002236 -0.021913
v 0.022804 0.002236 -0.023815
v 0.022704 0.002236 -0.021557
v 0.022357 0.001860 -0.020019
v 0.022649 0.001859 -0.020297
v 0.023042 0.001859 -0.022629
v 0.022480 0.001859 -0.020086
v 0.022588 0.001859 -0.020192
v 0.022783 0.001859 -0.020773
v 0.022859 0.001859 -0.021198
v 0.022973 0.001859 -0.021914
v 0.023091 0.001859 -0.023815
v 0.022916 0.001859 -0.021556
v 0.022171 0.010726 -0.020249
v 0.022375 0.010634 -0.020490
v 0.022281 0.010693 -0.020331
v 0.022436 0.010582 -0.020639
v 0.021957 0.010751 -0.020216
v 0.022637 0.003109 -0.020816
v 0.022617 0.006341 -0.020880
v 0.022643 0.006466 -0.021019
v 0.022599 0.006184 -0.020812
v 0.022644 0.002991 -0.020840
v 0.022625 0.007935 -0.021326
v 0.022633 0.007957 -0.021129
v 0.022669 0.007956 -0.021499
v 0.022589 0.007968 -0.021050
v 0.022618 0.007959 -0.021083
v 0.022815 0.007956 -0.023881
v 0.022630 0.007957 -0.021171
v 0.022625 0.007958 -0.021099
v 0.022774 0.007956 -0.022714
v 0.022606 0.007956 -0.021007
v 0.022707 0.007956 -0.021770
v 0.022654 0.007099 -0.021263
v 0.022797 0.007351 -0.022760
v 0.022730 0.007351 -0.021821
v 0.022620 0.007325 -0.021086
v 0.022603 0.007337 -0.021132
v 0.022633 0.007328 -0.021166
v 0.022647 0.007326 -0.021212
v 0.022645 0.007326 -0.021254
v 0.022640 0.007327 -0.021181
v 0.022644 0.007351 -0.021408
v 0.022606 0.011632 -0.022629
v 0.022556 0.011552 -0.021716
v 0.022481 0.011141 -0.020921
v 0.022465 0.010881 -0.020790
v 0.022499 0.011341 -0.021100
v 0.022526 0.011490 -0.021352
v 0.022636 0.011668 -0.023815
v 0.022283 0.010852 -0.020358
v 0.022173 0.010880 -0.020275
v 0.022377 0.010799 -0.020519
v 0.022439 0.010750 -0.020669
v 0.021932 0.010885 -0.020250
v 0.021957 0.010896 -0.020241
v 0.022465 0.010497 -0.020689
v 0.022458 0.010703 -0.020725
v 0.022551 0.006511 -0.020568
v 0.022691 0.002764 -0.021077
v 0.022868 0.003261 -0.022378
v 0.022846 0.003242 -0.022150
v 0.022821 0.003109 -0.021899
v 0.022665 0.002824 -0.020964
v 0.022769 0.002817 -0.021555
v 0.022706 0.003251 -0.022391
v 0.022780 0.003250 -0.023814
v 0.022667 0.006574 -0.021205
v 0.022643 0.006561 -0.021205
v 0.022899 0.006574 -0.023833
v 0.022874 0.006561 -0.023823
v 0.022850 0.006574 -0.022648
v 0.022825 0.006561 -0.022639
v 0.022781 0.006574 -0.021906
v 0.022756 0.006561 -0.021910
v 0.022645 0.002722 -0.021201
v 0.022619 0.002744 -0.021077
v 0.022625 0.006492 -0.020982
v 0.022602 0.006484 -0.020994
v 0.022580 0.003122 -0.020774
v 0.022559 0.003116 -0.020794
v 0.022576 0.006198 -0.020771
v 0.022554 0.006190 -0.020784
v 0.022588 0.002980 -0.020805
v 0.022566 0.002980 -0.020821
v 0.022596 0.006362 -0.020836
v 0.022574 0.006354 -0.020849
v 0.022584 0.002865 -0.020880
v 0.022576 0.002867 -0.020883
v 0.022672 0.003099 -0.021914
v 0.022686 0.003232 -0.022159
v 0.022595 0.002795 -0.020960
v 0.022588 0.002796 -0.020964
v 0.022662 0.002808 -0.021571
v 0.022741 0.002765 -0.021379
v 0.022659 0.002751 -0.021384
v 0.022573 0.005587 -0.020700
v 0.022546 0.003454 -0.020577
v 0.022574 0.003569 -0.020702
v 0.022523 0.003453 -0.020475
v 0.022570 0.005680 -0.020692
v 0.022569 0.003474 -0.020679
v 0.022549 0.005702 -0.020596
v 0.022526 0.005701 -0.020493
v 0.022506 0.005679 -0.020407
v 0.022475 0.005651 -0.020314
v 0.022485 0.003520 -0.020303
v 0.022500 0.003470 -0.020373
v 0.022505 0.003682 -0.020397
v -0.010400 0.012568 -0.023505
v -0.010543 0.012568 -0.023360
v -0.010419 0.012568 -0.023432
v -0.010471 0.012568 -0.023379
v -0.012995 0.012568 -0.023360
v -0.013138 0.012568 -0.023505
v -0.013066 0.012568 -0.023379
v -0.013119 0.012568 -0.023432
v -0.010490 0.012354 -0.023296
v -0.010346 0.012354 -0.023441
v -0.010418 0.012354 -0.023316
v -0.010366 0.012354 -0.023369
v -0.013191 0.012354 -0.023441
v -0.013048 0.012354 -0.023296
v -0.013172 0.012354 -0.023369
v -0.013120 0.012354 -0.023316
v -0.013884 0.006126 -0.020068
v -0.014156 0.006126 -0.020102
v -0.015579 0.006126 -0.020078
v -0.015852 0.006126 -0.020074
v -0.016308 0.006126 -0.020325
v -0.016571 0.008535 -0.020364
v -0.016599 0.008540 -0.020429
v -0.015810 0.008433 -0.020246
v -0.016394 0.008484 -0.020200
v -0.016077 0.008132 -0.020084
v -0.016101 0.008126 -0.020073
v -0.016339 0.008514 -0.020619
v -0.015747 0.008617 -0.020518
v -0.016542 0.008528 -0.020358
v -0.016540 0.008535 -0.020333
v -0.016494 0.008514 -0.020619
v -0.016585 0.008529 -0.020470
v -0.014663 0.010810 -0.020424
v -0.014663 0.010810 -0.020736
v -0.014745 0.010791 -0.020735
v -0.014822 0.010744 -0.020419
v -0.014822 0.010744 -0.020731
v -0.013885 0.010810 -0.020706
v -0.013884 0.010810 -0.020426
v -0.014778 0.011004 -0.020271
v -0.015759 0.009254 -0.020138
v -0.016590 0.006227 -0.019958
v -0.012350 0.011021 -0.020254
v -0.014020 0.011040 -0.020278
v -0.016523 0.005899 -0.019940
v -0.015043 0.010766 -0.020214
v -0.014932 0.010913 -0.020257
v -0.014918 0.010896 -0.020235
v -0.016351 0.005830 -0.019937
v -0.014578 0.011020 -0.020254
v -0.014772 0.010983 -0.020248
v -0.012326 0.009293 -0.020155
v -0.012350 0.006233 -0.019958
v -0.012350 0.009296 -0.020139
v -0.016610 0.006020 -0.019947
v -0.016335 0.005913 -0.019941
v -0.015825 0.005913 -0.019941
v -0.015740 0.005830 -0.019937
v -0.012350 0.005831 -0.019937
v -0.012433 0.009296 -0.020139
v -0.013911 0.010938 -0.020241
v -0.014742 0.010905 -0.020236
v -0.014973 0.010719 -0.020207
v -0.015607 0.009343 -0.020129
v -0.016509 0.006206 -0.019956
v -0.016524 0.006043 -0.019948
v -0.016470 0.005967 -0.019944
v -0.012433 0.005914 -0.019941
v -0.012433 0.006233 -0.019958
v -0.012433 0.010938 -0.020241
v -0.014570 0.010937 -0.020241
v -0.014865 0.010832 -0.020225
v -0.015810 0.008841 -0.020103
v -0.015724 0.009318 -0.020138
v -0.015692 0.005830 -0.019937
v -0.014129 0.005914 -0.019941
v -0.014044 0.011020 -0.020254
v -0.014129 0.010937 -0.020241
v -0.013996 0.005831 -0.019937
v -0.013911 0.005914 -0.019941
v -0.013906 0.009292 -0.020117
v -0.015607 0.005913 -0.019941
v -0.014129 0.009293 -0.020129
v -0.015716 0.005805 -0.019952
v -0.014020 0.009290 -0.020149
v -0.013996 0.009293 -0.020129
v -0.014044 0.009293 -0.020129
v -0.014044 0.005831 -0.019937
v -0.013996 0.011020 -0.020254
v -0.015580 0.009302 -0.020303
v -0.012646 0.006126 -0.020068
v -0.012646 0.010810 -0.020345
v -0.013884 0.009289 -0.020286
v -0.014156 0.010810 -0.020424
v -0.014156 0.009289 -0.020286
v -0.015747 0.009307 -0.020152
v -0.016532 0.005889 -0.019948
v -0.016355 0.005817 -0.019944
v -0.016602 0.006226 -0.019966
v -0.016621 0.006013 -0.019954
v -0.015728 0.005818 -0.019944
v -0.014877 0.010680 -0.020414
v -0.014745 0.010791 -0.020422
v -0.017597 0.003643 -0.020506
v -0.017559 0.004757 -0.020471
v -0.017579 0.003667 -0.020509
v -0.017594 0.003738 -0.020503
v -0.017586 0.003749 -0.020504
v -0.017592 0.004079 -0.020490
v -0.017521 0.005281 -0.020460
v -0.017396 0.001484 -0.020641
v -0.017608 0.002240 -0.020559
v -0.017596 0.003688 -0.020504
v -0.017521 0.005311 -0.020462
v -0.017607 0.003759 -0.020499
v -0.017468 0.001484 -0.020834
v -0.017618 0.004754 -0.020662
v -0.017639 0.003667 -0.020707
v -0.017654 0.003740 -0.020701
v -0.017591 0.005156 -0.020652
v -0.017652 0.004079 -0.020686
v -0.017591 0.005132 -0.020651
v -0.017657 0.003643 -0.020704
v -0.017672 0.002241 -0.020764
v -0.017657 0.003688 -0.020703
v -0.017667 0.003761 -0.020697
v -0.017646 0.003751 -0.020702
v -0.017565 0.005122 -0.020653
v -0.017497 0.005277 -0.020463
v 0.022794 0.001871 -0.021050
v 0.022800 0.001922 -0.021090
v 0.022947 0.001911 -0.022027
v 0.022954 0.001860 -0.022065
v 0.022952 0.001896 -0.022054
v 0.022800 0.001789 -0.021089
v 0.022794 0.001841 -0.021050
v 0.022954 0.001830 -0.022065
v 0.022947 0.001779 -0.022025
v 0.022952 0.001794 -0.022053
v 0.022795 0.001898 -0.021059
v 0.022797 0.001911 -0.021070
v 0.022797 0.001801 -0.021069
v 0.022795 0.001814 -0.021058
v 0.022861 0.001828 -0.021075
v 0.022838 0.001814 -0.021059
v 0.022857 0.001821 -0.021067
v 0.022849 0.001816 -0.021061
v 0.022862 0.001822 -0.021080
v 0.022840 0.001801 -0.021069
v 0.022858 0.001811 -0.021075
v 0.022850 0.001803 -0.021071
v 0.022862 0.001890 -0.021081
v 0.022840 0.001911 -0.021070
v 0.022858 0.001900 -0.021076
v 0.022850 0.001908 -0.021072
v 0.022838 0.001898 -0.021060
v 0.022861 0.001883 -0.021076
v 0.022849 0.001896 -0.021062
v 0.022857 0.001891 -0.021068
v 0.023013 0.001813 -0.022040
v 0.022995 0.001793 -0.022054
v 0.023011 0.001803 -0.022047
v 0.023005 0.001796 -0.022052
v 0.023010 0.001804 -0.022022
v 0.022990 0.001779 -0.022026
v 0.023008 0.001791 -0.022024
v 0.023000 0.001782 -0.022025
v 0.022997 0.001830 -0.022066
v 0.023014 0.001835 -0.022047
v 0.023006 0.001830 -0.022063
v 0.023013 0.001832 -0.022056
v 0.022860 0.001846 -0.021070
v 0.022837 0.001841 -0.021051
v 0.022856 0.001844 -0.021060
v 0.022847 0.001842 -0.021053
v 0.022843 0.001789 -0.021090
v 0.022864 0.001814 -0.021094
v 0.022853 0.001793 -0.021090
v 0.022861 0.001802 -0.021092
v 0.023013 0.001877 -0.022040
v 0.022995 0.001896 -0.022055
v 0.023011 0.001886 -0.022048
v 0.023005 0.001893 -0.022053
v 0.023014 0.001855 -0.022047
v 0.022997 0.001860 -0.022066
v 0.023013 0.001857 -0.022057
v 0.023006 0.001859 -0.022064
v 0.022990 0.001911 -0.022027
v 0.023010 0.001886 -0.022023
v 0.023000 0.001908 -0.022027
v 0.023008 0.001899 -0.022025
v 0.022864 0.001897 -0.021095
v 0.022843 0.001922 -0.021091
v 0.022861 0.001909 -0.021093
v 0.022853 0.001919 -0.021092
v 0.022860 0.001866 -0.021070
v 0.022837 0.001871 -0.021051
v 0.022856 0.001868 -0.021061
v 0.022847 0.001870 -0.021054
v 0.018014 0.007990 -0.020005
v 0.022534 0.006297 -0.020579
v 0.022527 0.003246 -0.020535
v 0.022512 0.002977 -0.020471
v 0.022580 0.003512 -0.020774
v 0.022560 0.003452 -0.020683
v 0.022536 0.003431 -0.020579
v 0.022578 0.005631 -0.020772
v 0.022561 0.005696 -0.020697
v 0.022539 0.005720 -0.020598
v 0.022515 0.005718 -0.020492
v 0.022494 0.005695 -0.020395
v 0.022488 0.005641 -0.020333
v 0.022513 0.003431 -0.020474
v 0.022489 0.003448 -0.020369
v 0.022473 0.003500 -0.020297
v 0.022559 0.003535 -0.020793
v 0.022531 0.003434 -0.020578
v 0.022555 0.003455 -0.020682
v 0.022557 0.005614 -0.020785
v 0.022556 0.005694 -0.020696
v 0.022534 0.005717 -0.020597
v 0.022511 0.005715 -0.020493
v 0.022489 0.005693 -0.020396
v 0.022470 0.005649 -0.020316
v 0.022508 0.003433 -0.020475
v 0.022484 0.003451 -0.020370
v 0.022469 0.003502 -0.020299
v 0.022480 0.005448 -0.020294
v 0.022491 0.005554 -0.020319
v 0.022484 0.005508 -0.020301
v 0.022498 0.003592 -0.020333
v 0.022485 0.003717 -0.020303
v 0.022489 0.003651 -0.020312
v 0.022458 0.005603 -0.020265
v 0.022443 0.005464 -0.020227
v 0.022447 0.005537 -0.020238
v 0.022448 0.003696 -0.020236
v 0.022462 0.003548 -0.020271
v 0.022452 0.003619 -0.020246
v 0.022454 0.005602 -0.020268
v 0.022439 0.005463 -0.020229
v 0.022443 0.005536 -0.020241
v 0.022458 0.003549 -0.020274
v 0.022444 0.003697 -0.020238
v 0.022448 0.003619 -0.020249
v 0.022588 0.003534 -0.020764
v 0.022561 0.003525 -0.020643
v 0.022545 0.003518 -0.020571
v 0.022586 0.005614 -0.020762
v 0.022561 0.005632 -0.020648
v 0.022547 0.005639 -0.020589
v 0.022528 0.005637 -0.020501
v 0.022514 0.005622 -0.020427
v 0.022500 0.005593 -0.020355
v 0.022524 0.003517 -0.020480
v 0.022505 0.003530 -0.020397
v 0.022500 0.003564 -0.020349
v 0.022461 0.003712 -0.020244
v 0.022465 0.003635 -0.020255
v 0.022475 0.003564 -0.020280
v 0.022460 0.005527 -0.020247
v 0.022456 0.005453 -0.020235
v 0.022471 0.005592 -0.020274
v 0.022570 0.005673 -0.020740
v 0.022570 0.003468 -0.020729
v 0.022508 0.005486 -0.020402
v 0.022578 0.005656 -0.020733
v 0.022578 0.003491 -0.020721
v 0.022557 0.003479 -0.020737
v 0.022556 0.005666 -0.020746
v 0.022567 0.005617 -0.020678
v 0.022568 0.003540 -0.020676
v 0.022524 0.003651 -0.020481
v 0.022545 0.003617 -0.020572
v 0.022527 0.005518 -0.020497
v 0.022548 0.005550 -0.020590
v 0.022183 0.005335 -0.019964
v 0.022307 0.005386 -0.020036
v 0.022420 0.005447 -0.020173
v 0.022757 0.006538 -0.021693
v 0.022720 0.006561 -0.021690
v 0.022746 0.006574 -0.021690
v 0.022689 0.006561 -0.021497
v 0.022714 0.006574 -0.021495
v 0.022726 0.006538 -0.021495
v 0.021059 0.010922 -0.020229
v 0.021017 0.010908 -0.020226
v 0.021036 0.010916 -0.020247
v 0.021911 0.010889 -0.020232
v 0.020771 0.012296 -0.021528
v 0.020771 0.012194 -0.021085
v 0.020771 0.011955 -0.020708
v 0.020770 0.011513 -0.020422
v 0.020771 0.012382 -0.022629
v 0.020962 0.012296 -0.021528
v 0.020962 0.011955 -0.020708
v 0.020962 0.012382 -0.022629
v 0.020962 0.012194 -0.021085
v 0.020962 0.011513 -0.020422
v 0.022520 0.011105 -0.021498
v 0.022562 0.010256 -0.021423
v 0.022682 0.010381 -0.023834
v 0.022638 0.011202 -0.023869
v 0.022565 0.011061 -0.021889
v 0.022609 0.011144 -0.022681
v 0.022649 0.010381 -0.022668
v 0.022558 0.010381 -0.021430
v 0.022487 0.010419 -0.021001
v 0.022859 0.006826 -0.023979
v 0.022814 0.006820 -0.022777
v 0.022748 0.006945 -0.022119
v 0.022725 0.006951 -0.021940
v 0.022661 0.006905 -0.021609
v 0.022641 0.007007 -0.021458
v 0.022626 0.007100 -0.021370
v 0.022687 0.006848 -0.021760
v 0.022597 0.007920 -0.021205
v 0.022562 0.009318 -0.021185
v 0.022612 0.007291 -0.021291
v 0.010934 0.012224 -0.024536
v 0.010934 0.012213 -0.021700
v 0.010934 0.012220 -0.023667
v 0.010934 0.012217 -0.022645
v 0.002740 0.012211 -0.021700
v 0.002740 0.012224 -0.024536
v 0.002740 0.012215 -0.022645
v 0.002740 0.012220 -0.023667
v 0.003193 0.012209 -0.021234
v 0.002800 0.012209 -0.021433
v 0.002966 0.012209 -0.021287
v 0.010481 0.012210 -0.021234
v 0.010707 0.012211 -0.021287
v 0.010873 0.012211 -0.021433
v 0.010934 0.012333 -0.021699
v 0.010847 0.012409 -0.021699
v 0.010922 0.012371 -0.021699
v 0.010890 0.012399 -0.021699
v 0.010847 0.012531 -0.024534
v 0.010933 0.012456 -0.024534
v 0.010890 0.012521 -0.024534
v 0.010922 0.012494 -0.024534
v 0.010847 0.012468 -0.022597
v 0.010934 0.012393 -0.022611
v 0.010890 0.012458 -0.022599
v 0.010922 0.012430 -0.022604
v 0.010847 0.012513 -0.023712
v 0.010890 0.012503 -0.023710
v 0.002740 0.012455 -0.024534
v 0.002826 0.012531 -0.024534
v 0.002751 0.012493 -0.024534
v 0.002783 0.012521 -0.024534
v 0.002826 0.012407 -0.021699
v 0.002740 0.012331 -0.021699
v 0.002783 0.012397 -0.021699
v 0.002751 0.012369 -0.021699
v 0.002826 0.012512 -0.023712
v 0.002826 0.012466 -0.022597
v 0.002740 0.012392 -0.022611
v 0.002783 0.012456 -0.022599
v 0.002751 0.012429 -0.022604
v 0.010469 0.012376 -0.021307
v 0.010481 0.012295 -0.021233
v 0.010475 0.012363 -0.021270
v 0.010479 0.012333 -0.021242
v 0.010795 0.012390 -0.021469
v 0.010873 0.012311 -0.021432
v 0.010834 0.012378 -0.021450
v 0.010862 0.012349 -0.021436
v 0.010663 0.012380 -0.021352
v 0.010707 0.012299 -0.021286
v 0.010685 0.012367 -0.021319
v 0.010701 0.012338 -0.021295
v 0.003204 0.012374 -0.021307
v 0.003193 0.012293 -0.021233
v 0.003198 0.012361 -0.021270
v 0.003194 0.012331 -0.021242
v 0.003011 0.012378 -0.021352
v 0.002966 0.012297 -0.021286
v 0.002988 0.012365 -0.021319
v 0.002972 0.012336 -0.021295
v 0.002878 0.012388 -0.021469
v 0.002800 0.012309 -0.021432
v 0.002839 0.012376 -0.021450
v 0.002811 0.012347 -0.021436
v 0.010470 0.012531 -0.024534
v 0.010469 0.012468 -0.022597
v 0.010469 0.012409 -0.021699
v 0.010469 0.012513 -0.023712
v 0.003204 0.012531 -0.024534
v 0.003204 0.012407 -0.021699
v 0.003204 0.012512 -0.023712
v 0.003204 0.012467 -0.022597
v 0.005497 0.012209 -0.021234
v 0.005497 0.012294 -0.021233
v 0.005497 0.012332 -0.021242
v 0.005497 0.012362 -0.021270
v 0.005498 0.012375 -0.021307
v 0.005498 0.012467 -0.022597
v 0.005498 0.012531 -0.024534
v 0.005498 0.012408 -0.021699
v 0.005498 0.012512 -0.023712
v 0.004407 0.012209 -0.021234
v 0.004407 0.012293 -0.021233
v 0.004410 0.012531 -0.024534
v 0.004410 0.012408 -0.021699
v 0.004407 0.012332 -0.021242
v 0.004409 0.012362 -0.021270
v 0.004410 0.012375 -0.021307
v 0.004410 0.012467 -0.022597
v 0.010922 0.012475 -0.023706
v 0.010933 0.012437 -0.023700
v 0.002783 0.012502 -0.023710
v 0.002751 0.012474 -0.023706
v 0.002740 0.012436 -0.023700
v 0.004410 0.012512 -0.023712
v 0.021571 0.012504 -0.021719
v 0.021398 0.012500 -0.021654
v 0.021524 0.012501 -0.021675
v 0.021463 0.012499 -0.021652
v 0.021598 0.012509 -0.021778
v 0.021533 0.012524 -0.021950
v 0.021600 0.012514 -0.021842
v 0.021577 0.012520 -0.021902
v 0.021340 0.012503 -0.021681
v 0.021275 0.012518 -0.021853
v 0.021295 0.012507 -0.021728
v 0.021273 0.012513 -0.021789
v 0.021474 0.012527 -0.021976
v 0.021302 0.012523 -0.021912
v 0.021410 0.012528 -0.021979
v 0.021349 0.012526 -0.021956
v 0.021598 0.012250 -0.021713
v 0.021391 0.012235 -0.021637
v 0.021541 0.012240 -0.021661
v 0.021469 0.012235 -0.021634
v 0.021630 0.012263 -0.021782
v 0.021553 0.012301 -0.021985
v 0.021633 0.012277 -0.021858
v 0.021606 0.012290 -0.021929
v 0.021321 0.012241 -0.021668
v 0.021243 0.012279 -0.021871
v 0.021268 0.012252 -0.021724
v 0.021241 0.012265 -0.021795
v 0.021482 0.012307 -0.022017
v 0.021276 0.012292 -0.021941
v 0.021405 0.012307 -0.022019
v 0.021332 0.012302 -0.021993
v 0.021513 0.012537 -0.021685
v 0.021558 0.012540 -0.021725
v 0.021457 0.012536 -0.021666
v 0.021397 0.012537 -0.021670
v 0.021585 0.012544 -0.021778
v 0.021589 0.012549 -0.021838
v 0.021530 0.012558 -0.021939
v 0.021569 0.012554 -0.021894
v 0.021304 0.012544 -0.021741
v 0.021343 0.012539 -0.021697
v 0.021285 0.012549 -0.021798
v 0.021289 0.012554 -0.021857
v 0.021476 0.012561 -0.021965
v 0.021417 0.012562 -0.021969
v 0.021315 0.012558 -0.021911
v 0.021360 0.012561 -0.021950
v 0.021544 0.012559 -0.021737
v 0.021486 0.012598 -0.021785
v 0.021527 0.012578 -0.021752
v 0.021506 0.012592 -0.021769
v 0.021468 0.012596 -0.021770
v 0.021504 0.012557 -0.021702
v 0.021480 0.012590 -0.021747
v 0.021494 0.012576 -0.021723
v 0.021421 0.012596 -0.021764
v 0.021402 0.012557 -0.021689
v 0.021414 0.012590 -0.021739
v 0.021407 0.012575 -0.021711
v 0.021445 0.012596 -0.021762
v 0.021454 0.012556 -0.021686
v 0.021448 0.012589 -0.021736
v 0.021452 0.012575 -0.021708
v 0.021496 0.012599 -0.021807
v 0.021568 0.012563 -0.021784
v 0.021521 0.012594 -0.021800
v 0.021547 0.012581 -0.021792
v 0.021572 0.012567 -0.021837
v 0.021498 0.012601 -0.021831
v 0.021550 0.012584 -0.021836
v 0.021523 0.012597 -0.021833
v 0.021520 0.012574 -0.021928
v 0.021474 0.012605 -0.021871
v 0.021507 0.012591 -0.021912
v 0.021490 0.012602 -0.021891
v 0.021490 0.012603 -0.021853
v 0.021555 0.012571 -0.021888
v 0.021512 0.012600 -0.021866
v 0.021536 0.012588 -0.021878
v 0.021354 0.012559 -0.021712
v 0.021400 0.012598 -0.021774
v 0.021367 0.012577 -0.021731
v 0.021384 0.012591 -0.021754
v 0.021384 0.012599 -0.021792
v 0.021319 0.012563 -0.021752
v 0.021362 0.012594 -0.021779
v 0.021338 0.012580 -0.021764
v 0.021378 0.012603 -0.021839
v 0.021305 0.012571 -0.021855
v 0.021353 0.012599 -0.021845
v 0.021326 0.012587 -0.021851
v 0.021376 0.012601 -0.021815
v 0.021302 0.012567 -0.021802
v 0.021351 0.012597 -0.021811
v 0.021324 0.012584 -0.021806
v 0.021453 0.012606 -0.021882
v 0.021472 0.012577 -0.021952
v 0.021460 0.012603 -0.021906
v 0.021467 0.012593 -0.021932
v 0.021419 0.012577 -0.021955
v 0.021429 0.012607 -0.021883
v 0.021422 0.012593 -0.021935
v 0.021426 0.012604 -0.021908
v 0.021328 0.012574 -0.021903
v 0.021388 0.012605 -0.021860
v 0.021346 0.012590 -0.021891
v 0.021368 0.012602 -0.021875
v 0.021406 0.012606 -0.021876
v 0.021368 0.012577 -0.021938
v 0.021393 0.012603 -0.021897
v 0.021380 0.012593 -0.021920
vn -0.5986 -0.0000 -0.8010
vn -0.6362 -0.0545 -0.7696
vn -0.5981 -0.0000 -0.8014
vn -0.4416 0.0526 -0.8957
vn -0.1183 0.0892 -0.9890
vn -0.1343 0.0514 -0.9896
vn -0.7398 -0.6726 -0.0173
vn -0.8902 -0.4539 -0.0389
vn -0.4966 -0.8669 -0.0430
vn -0.0000 -1.0000 -0.0000
vn -0.0308 0.3697 -0.9286
vn -0.2772 0.4721 -0.8368
vn -0.0521 0.4583 -0.8873
vn 0.0007 0.0527 -0.9986
vn 0.0001 0.0168 -0.9999
vn -0.5328 0.4226 -0.7332
vn -0.3077 0.4607 -0.8325
vn -0.4243 0.3255 -0.8450
vn -0.0079 0.0202 -0.9998
vn -0.0000 -0.0000 -1.0000
vn -0.0010 0.0098 -1.0000
vn -0.0000 0.0160 -0.9999
vn -0.0000 -0.0789 -0.9969
vn -0.0019 -0.0817 -0.9967
vn -0.5513 -0.0767 -0.8308
vn -0.5552 -0.1458 -0.8188
vn -0.5507 -0.0689 -0.8319
vn -0.5519 -0.0767 -0.8303
vn -0.5559 -0.1457 -0.8184
vn -0.5513 -0.0689 -0.8314
vn 0.5553 -0.1458 -0.8188
vn 0.5512 -0.0749 -0.8310
vn 0.5506 -0.0672 -0.8321
vn -0.5507 -0.0689 -0.8318
vn 0.5552 -0.1458 -0.8188
vn 0.5512 -0.0767 -0.8308
vn 0.5507 -0.0689 -0.8319
vn -0.5544 -0.1347 -0.8213
vn 0.5513 -0.0767 -0.8308
vn 0.5507 -0.0689 -0.8318
vn 0.5538 -0.1085 -0.8256
vn 0.5508 -0.0562 -0.8327
vn 0.5506 -0.0519 -0.8332
vn 0.5555 -0.1578 -0.8164
vn 0.5517 -0.0835 -0.8299
vn 0.5511 -0.0741 -0.8312
vn -0.5437 -0.0000 -0.8393
vn -0.0020 -0.0968 -0.9953
vn -0.0000 -0.0935 -0.9956
vn 0.0020 -0.0968 -0.9953
vn -0.6838 0.0341 -0.7289
vn -0.8220 0.0130 -0.5693
vn -0.6489 0.0497 -0.7593
vn -0.3640 0.1159 -0.9242
vn -0.5621 0.1596 -0.8115
vn 0.5461 0.0001 -0.8378
vn -0.9997 0.0251 -0.0051
vn -0.9997 0.0239 -0.0053
vn -0.9999 0.0166 -0.0037
vn 0.9998 -0.0184 -0.0032
vn 0.9997 -0.0249 -0.0015
vn 0.9998 -0.0172 -0.0027
vn 0.8929 -0.4484 -0.0405
vn 0.9734 -0.2285 -0.0148
vn 0.9022 -0.4307 -0.0219
vn 0.7398 -0.6726 -0.0173
vn -0.0000 -0.9992 -0.0410
vn -0.0000 -0.9998 -0.0209
vn -0.2041 -0.9788 -0.0170
vn -0.9022 -0.4307 -0.0219
vn -0.9729 -0.2311 -0.0108
vn -0.9998 -0.0211 0.0073
vn -0.9997 -0.0245 0.0085
vn -0.9998 -0.0148 0.0094
vn 0.9999 0.0164 -0.0043
vn 0.9997 0.0236 -0.0062
vn 0.9997 0.0250 -0.0060
vn 0.9997 0.0236 -0.0061
vn -0.9997 0.0250 -0.0060
vn -0.9997 0.0236 -0.0062
vn -0.9999 0.0164 -0.0043
vn 0.9998 -0.0183 -0.0022
vn 0.9997 -0.0251 -0.0010
vn 0.9999 -0.0171 -0.0019
vn 0.8926 -0.4498 -0.0291
vn 0.9739 -0.2268 -0.0094
vn 0.9025 -0.4305 -0.0154
vn 0.7384 -0.6743 -0.0110
vn -0.0000 -0.9996 -0.0298
vn -0.0000 -0.9999 -0.0146
vn -0.2061 -0.9785 -0.0106
vn -0.8926 -0.4498 -0.0291
vn -0.9025 -0.4305 -0.0154
vn -0.9739 -0.2268 -0.0094
vn -0.9999 -0.0171 -0.0019
vn -0.9997 -0.0251 -0.0010
vn -0.9998 -0.0183 -0.0022
vn -0.0171 -0.9999 -0.0008
vn -0.0009 -1.0000 -0.0009
vn -0.0085 -1.0000 -0.0014
vn -0.7588 -0.0034 -0.6513
vn -0.7981 -0.0029 -0.6025
vn -0.8004 -0.0031 -0.5995
vn 0.0034 -1.0000 -0.0032
vn 0.0016 -1.0000 -0.0013
vn 0.0168 -0.9999 -0.0015
vn 0.0279 -0.9996 -0.0003
vn -0.0279 -0.9996 0.0001
vn 0.0159 -0.9999 -0.0009
vn 0.0039 -1.0000 -0.0009
vn 0.0279 -0.9996 0.0001
vn -0.0294 -0.9996 0.0001
vn -0.0085 -1.0000 0.0002
vn -0.0169 -0.9999 -0.0002
vn -0.0066 0.0055 -1.0000
vn 0.6292 -0.1117 -0.7691
vn -0.6504 -0.1089 -0.7517
vn -0.6461 -0.0491 -0.7617
vn -0.6453 -0.0595 -0.7616
vn 0.6368 -0.0611 -0.7686
vn 0.6361 -0.0545 -0.7697
vn 0.6400 -0.1159 -0.7595
vn -0.6400 -0.1159 -0.7595
vn -0.6369 -0.0611 -0.7685
vn -1.0000 -0.0000 -0.0000
vn 1.0000 0.0003 0.0020
vn 1.0000 -0.0000 -0.0000
vn -0.0096 -1.0000 -0.0013
vn -0.0000 -1.0000 -0.0034
vn 0.9980 0.0085 0.0627
vn 0.9988 0.0042 0.0486
vn 0.9990 0.0033 0.0439
vn 0.0009 0.0566 -0.9984
vn -0.0049 0.0592 -0.9982
vn -0.0046 0.0573 -0.9983
vn 0.0002 0.0346 -0.9994
vn -0.0035 0.0442 -0.9990
vn -0.0094 0.0585 -0.9982
vn -0.8668 0.3457 0.3594
vn -0.8687 0.4121 0.2749
vn -0.8774 0.3887 0.2812
vn 1.0000 -0.0001 0.0012
vn 1.0000 -0.0000 0.0018
vn 1.0000 -0.0000 0.0019
vn -0.5295 0.5447 -0.6503
vn 0.5295 0.5448 -0.6502
vn 0.5343 -0.4897 -0.6890
vn 0.6381 0.0239 -0.7696
vn 0.6374 0.0485 -0.7690
vn 0.6381 -0.0029 -0.7700
vn 0.6265 -0.0012 -0.7794
vn 0.6264 -0.0100 -0.7794
vn 0.6264 -0.0058 -0.7795
vn -0.6263 -0.0057 -0.7795
vn -0.6263 -0.0100 -0.7795
vn -0.6264 -0.0011 -0.7795
vn -0.6381 -0.0029 -0.7700
vn -0.6373 0.0484 -0.7691
vn -0.6380 0.0239 -0.7696
vn -0.5340 -0.4899 -0.6891
vn 0.0014 -0.3778 -0.9259
vn 0.0594 -0.3950 -0.9168
vn 0.0356 -0.3864 -0.9216
vn -0.8267 0.4943 -0.2688
vn -0.8297 0.4875 -0.2720
vn -0.7657 0.4633 -0.4462
vn -0.8620 0.4904 -0.1280
vn -0.7620 0.4948 -0.4177
vn -0.7521 0.5420 -0.3751
vn -0.0000 -1.0000 -0.0051
vn 0.0002 -0.0941 0.9956
vn 0.0002 -0.0933 0.9956
vn -0.0000 -1.0000 -0.0052
vn -0.9351 0.2849 -0.2108
vn -0.9332 0.3154 -0.1723
vn -0.9406 0.3014 -0.1564
vn -0.9481 0.2937 -0.1215
vn -0.9562 0.1887 -0.2236
vn -0.0005 1.0000 0.0008
vn -0.0002 1.0000 0.0031
vn -0.0007 1.0000 0.0011
vn -1.0000 -0.0000 0.0011
vn -1.0000 -0.0001 0.0009
vn -1.0000 -0.0001 0.0011
vn 0.0254 -0.9997 0.0003
vn 0.0155 -0.9997 -0.0171
vn 0.0274 -0.9996 0.0039
vn -0.0000 1.0000 -0.0000
vn -0.0000 -0.9990 -0.0441
vn 0.8891 0.4578 -0.0000
vn -0.0000 -1.0000 -0.0065
vn 0.0011 -1.0000 -0.0000
vn 0.0816 -0.9952 0.0537
vn -0.0000 -0.4654 -0.8851
vn -0.0000 -0.4640 -0.8858
vn -0.5063 0.7672 -0.3938
vn -0.2790 0.6607 -0.6969
vn -0.5433 0.5860 -0.6013
vn -0.1920 0.9687 -0.1576
vn -0.1789 0.8899 -0.4196
vn 0.2061 -0.9785 -0.0106
vn 0.4972 -0.8671 -0.0318
vn -0.0000 0.0068 -1.0000
vn -0.0000 0.0136 -0.9999
vn -0.1981 0.9798 -0.0256
vn -0.5409 0.8383 -0.0684
vn -0.5484 0.8352 -0.0415
vn -0.0014 -0.1516 -0.9884
vn -0.0008 -0.2911 -0.9567
vn -0.0019 -0.2915 -0.9566
vn -0.0000 -0.0895 -0.9960
vn -0.0000 0.0137 -0.9999
vn -0.8234 -0.1531 -0.5464
vn -0.9565 -0.0036 -0.2916
vn -0.8299 -0.0196 -0.5576
vn -0.0012 -0.1740 -0.9847
vn -0.0016 -0.0865 -0.9963
vn -0.0044 -0.1669 -0.9860
vn -0.0000 -0.1348 0.9909
vn -0.0000 -0.1177 0.9930
vn -0.0510 0.6896 -0.7224
vn -0.0019 0.9164 -0.4003
vn -0.0002 0.9900 -0.1408
vn -0.9557 -0.0016 -0.2942
vn -0.9792 -0.0003 -0.2029
vn -0.9792 -0.0000 -0.2028
vn -0.6281 -0.4798 -0.6126
vn -0.7018 -0.2655 -0.6610
vn -0.6274 -0.4794 -0.6137
vn -0.7990 -0.4684 -0.3770
vn -0.8504 -0.4620 -0.2516
vn -0.8512 -0.4616 -0.2497
vn -0.0000 -0.0002 -1.0000
vn -0.5153 0.0380 -0.8562
vn -0.1916 0.0282 -0.9811
vn -0.8286 0.0005 -0.5599
vn -0.8306 0.0003 -0.5568
vn -0.2653 -0.1094 -0.9579
vn -0.0806 -0.1637 -0.9832
vn -0.3255 -0.1635 -0.9313
vn -1.0000 -0.0000 -0.0003
vn -0.9999 0.0003 -0.0161
vn -0.9999 0.0003 -0.0165
vn 0.6464 0.0005 -0.7630
vn 0.6466 0.0004 -0.7628
vn 0.6464 0.0008 -0.7630
vn -0.0043 0.7080 -0.7062
vn -0.0056 0.4429 -0.8966
vn -0.0000 0.0324 -0.9995
vn -0.0000 0.0162 -0.9999
vn -0.0000 -0.0995 -0.9950
vn -0.0000 -0.1958 -0.9806
vn -0.0000 -0.0993 -0.9951
vn -0.0007 0.9993 -0.0367
vn -0.0001 0.9993 -0.0365
vn -0.0007 0.9999 -0.0143
vn -0.0000 0.9999 -0.0150
vn -0.0066 -0.1641 -0.9864
vn -0.0106 -0.1666 -0.9860
vn -0.3911 0.2378 -0.8891
vn 0.1068 0.5673 -0.8165
vn 0.3163 0.4574 -0.8311
vn 0.3250 0.4528 -0.8303
vn -0.1316 0.7453 -0.6536
vn -0.1024 0.5759 -0.8111
vn -0.1317 0.7457 -0.6532
vn -0.8635 0.4988 -0.0749
vn -0.8608 0.5042 -0.0689
vn 0.4431 0.1962 -0.8747
vn 0.2620 -0.0082 -0.9650
vn 0.2417 -0.0103 -0.9703
vn 0.4495 0.1904 -0.8727
vn 0.0022 -0.0834 -0.9965
vn -0.0687 -0.0882 -0.9937
vn -0.8301 0.3302 0.4493
vn -0.8323 0.2933 0.4704
vn -0.7968 0.3118 0.5176
vn 0.0100 -0.1936 -0.9810
vn -0.3676 -0.7159 -0.5936
vn -0.1431 -0.6974 -0.7022
vn -0.1333 -0.6950 -0.7066
vn 0.0105 0.1154 0.9933
vn 0.0052 0.1139 0.9935
vn 0.0145 0.1166 0.9931
vn -0.0000 -0.9999 -0.0155
vn 0.0003 -0.9999 -0.0109
vn 0.0002 -1.0000 -0.0071
vn 0.0011 0.0023 -1.0000
vn 0.9923 -0.1227 -0.0156
vn 0.9964 -0.0847 -0.0000
vn -0.8307 0.1947 0.5215
vn -0.7492 0.1441 0.6465
vn -0.7776 0.6247 -0.0720
vn -0.7813 0.6242 -0.0000
vn -0.7630 0.6245 -0.1669
vn -0.7538 0.6159 -0.2291
vn -0.7630 0.6247 -0.1662
vn 0.0016 -0.5833 -0.8123
vn -0.6251 0.7800 -0.0289
vn -0.6248 0.7730 -0.1105
vn -0.6954 0.2340 -0.6795
vn -0.6264 0.3440 -0.6995
vn -0.6246 0.3448 -0.7007
vn -0.6248 0.7205 -0.3010
vn -0.6247 0.7730 -0.1105
vn -0.6246 0.7206 -0.3010
vn 0.6373 0.0057 -0.7706
vn 0.5976 0.0079 -0.8018
vn 0.5964 0.0078 -0.8026
vn -0.6249 0.5541 -0.5500
vn -0.5709 0.0062 -0.8210
vn -0.6388 0.0051 -0.7694
vn -0.5691 0.0061 -0.8223
vn -0.0000 0.5526 -0.8334
vn -0.0000 0.5526 -0.8335
vn -0.5545 0.0136 -0.8321
vn -0.6080 0.0303 -0.7934
vn -0.5532 0.0135 -0.8329
vn -0.5549 0.0137 -0.8318
vn -0.6438 0.0327 -0.7645
vn -0.5526 0.0135 -0.8334
vn 0.5401 0.0130 -0.8415
vn 0.6073 0.0304 -0.7939
vn 0.6090 0.0305 -0.7926
vn 0.6246 0.7731 -0.1105
vn 0.6240 0.7809 -0.0289
vn 0.6248 0.7204 -0.3010
vn 0.6245 0.7731 -0.1105
vn -0.0000 -0.1015 -0.9948
vn -0.0242 -0.5259 -0.8502
vn -0.0000 -0.0987 -0.9951
vn 0.5526 -0.0000 -0.8335
vn -0.5531 0.0001 -0.8331
vn -0.5525 0.0001 -0.8335
vn 0.5524 0.0001 -0.8336
vn -0.7778 0.6247 -0.0688
vn -0.7812 0.6242 -0.0000
vn -0.9910 -0.0000 -0.1339
vn -0.9852 -0.0982 -0.1402
vn -0.9910 -0.0004 -0.1342
vn 0.5525 -0.0000 -0.8335
vn 0.5549 0.0137 -0.8318
vn -0.0000 0.1441 0.9896
vn -0.0251 0.5785 -0.8153
vn -0.0000 0.1401 0.9901
vn -0.0000 -0.5526 -0.8335
vn -0.5078 -0.1308 -0.8515
vn -0.2242 -0.0191 -0.9743
vn 0.5677 0.0145 -0.8231
vn 0.5677 0.0144 -0.8231
vn -0.9927 0.0754 -0.0936
vn -0.9990 0.0448 -0.0000
vn -0.9947 0.0446 -0.0922
vn -0.3272 0.1691 -0.9297
vn -0.5118 0.2457 -0.8232
vn -0.5406 0.5155 -0.6649
vn -0.6576 0.5464 -0.5187
vn -0.6460 0.6598 -0.3839
vn -0.5310 0.8310 -0.1659
vn -0.6651 0.7254 -0.1776
vn -0.6821 0.7276 -0.0735
vn -0.6893 0.7230 -0.0468
vn -0.9661 0.2242 -0.1277
vn -0.9021 0.4114 0.1299
vn -0.9671 0.2158 -0.1350
vn -0.9674 0.2524 -0.0220
vn -0.9351 0.3544 0.0082
vn -0.9306 0.3660 0.0116
vn -0.9134 0.4058 0.0331
vn -0.8972 0.4406 0.0306
vn -0.8947 0.4454 0.0337
vn -0.9158 0.4010 0.0231
vn -0.9341 0.3559 -0.0275
vn -0.9779 0.1646 -0.1288
vn -0.9780 0.1703 -0.1202
vn -0.9902 0.1337 -0.0416
vn -0.9884 0.1395 -0.0598
vn -0.0002 0.0533 -0.9986
vn -0.8025 0.5781 -0.1479
vn -0.8340 0.5487 0.0585
vn -0.8005 0.5767 -0.1633
vn -0.7650 0.6236 -0.1611
vn -0.7075 0.7067 0.0017
vn -0.7072 0.7070 0.0017
vn -0.7071 0.7071 0.0017
vn -0.8803 0.2269 0.4166
vn -0.8748 0.2817 0.3940
vn -0.9768 0.1317 -0.1688
vn -0.9839 0.1509 -0.0954
vn -0.9841 0.1510 -0.0938
vn -0.5716 -0.2843 -0.7697
vn -0.3184 -0.1172 -0.9407
vn -0.5997 -0.3144 -0.7359
vn -0.6570 -0.5227 -0.5432
vn -0.6578 -0.5297 -0.5355
vn -0.0741 0.2556 -0.9639
vn -0.0707 0.2556 -0.9642
vn -0.0669 0.2556 -0.9645
vn -0.7278 -0.6787 -0.0983
vn -0.7309 -0.6794 -0.0648
vn -0.7309 -0.6794 -0.0646
vn -0.7342 -0.6790 -0.0000
vn 0.0002 -0.0022 -1.0000
vn -0.0009 -0.0029 -1.0000
vn 0.0002 -0.1494 -0.9888
vn -0.0015 -0.1520 -0.9884
vn 0.0008 -0.2918 -0.9565
vn 0.0015 -0.1520 -0.9884
vn 0.0019 -0.2922 -0.9564
vn 0.0009 -0.0029 -1.0000
vn -0.0002 -0.1494 -0.9888
vn -0.0002 -0.0022 -1.0000
vn -0.0001 -0.0016 -1.0000
vn 0.0002 -0.1490 -0.9888
vn -0.0008 -0.2918 -0.9565
vn -0.0019 -0.2921 -0.9564
vn 0.7349 0.6781 -0.0000
vn 0.9029 0.4299 -0.0000
vn -0.9964 0.0853 -0.0005
vn 0.4966 -0.8669 -0.0430
vn 0.4758 -0.8796 -0.0000
vn -0.4758 -0.8796 -0.0000
vn -0.9913 -0.1310 -0.0086
vn -0.9964 -0.0846 0.0084
vn 0.9964 0.0853 -0.0005
vn 0.5538 0.0058 -0.8326
vn 0.6169 0.0151 -0.7869
vn 0.6185 0.0152 -0.7857
vn -0.4758 0.8796 -0.0000
vn -0.2106 0.9776 -0.0000
vn 0.9920 -0.1257 -0.0117
vn 0.9964 -0.0846 -0.0000
vn -0.4972 -0.8671 -0.0318
vn -0.9920 -0.1256 -0.0117
vn -0.9964 -0.0846 -0.0000
vn 0.0002 -1.0000 -0.0008
vn -0.0000 -1.0000 -0.0011
vn -0.0017 -1.0000 -0.0000
vn -0.0062 -1.0000 -0.0006
vn -0.8778 -0.4773 -0.0403
vn -0.8758 -0.4763 -0.0784
vn -0.0001 0.0004 -1.0000
vn -0.0003 0.0009 -1.0000
vn -0.0000 0.0002 -1.0000
vn -0.0000 0.0004 -1.0000
vn -0.0000 0.0001 -1.0000
vn 0.0001 0.0001 -1.0000
vn -0.0003 -1.0000 -0.0000
vn 0.0008 -1.0000 -0.0000
vn -0.0896 0.0915 -0.9918
vn -0.5976 0.0079 -0.8018
vn -0.6373 0.0057 -0.7706
vn -0.5964 0.0078 -0.8026
vn 0.9352 -0.3541 0.0081
vn 0.8908 -0.4544 -0.0004
vn 0.9427 -0.3328 0.0234
vn 0.5542 0.0624 -0.8301
vn 0.6252 0.0607 -0.7781
vn 0.5526 0.0623 -0.8311
vn 0.0003 -1.0000 -0.0000
vn -0.9045 0.2375 -0.3542
vn -0.9234 0.1448 -0.3554
vn -0.9060 0.2331 -0.3532
vn -0.0994 0.9950 -0.0138
vn -0.0861 0.9958 -0.0302
vn -0.0861 0.9958 -0.0306
vn -0.7996 0.5033 -0.3276
vn -0.7689 0.4592 -0.4448
vn -0.8037 0.4982 -0.3253
vn -0.9910 -0.0018 -0.1336
vn -0.9963 -0.0039 -0.0857
vn -0.9910 -0.0019 -0.1338
vn -0.0000 0.4418 -0.8971
vn -0.0000 0.7099 -0.7043
vn -0.0000 0.4415 -0.8973
vn -0.0141 -0.0755 0.9970
vn -0.0245 -0.0889 0.9957
vn -0.0275 -0.0878 0.9958
vn -0.0002 0.6170 -0.7870
vn 0.0004 0.5904 -0.8071
vn 0.0004 0.5902 -0.8073
vn -0.0000 0.0138 0.9999
vn -0.0004 0.6429 -0.7660
vn -0.0001 0.6811 -0.7322
vn -0.0004 0.6428 -0.7661
vn -0.0000 -0.4644 -0.8856
vn -0.0000 -0.4656 -0.8850
vn -0.0000 0.8310 -0.5563
vn -0.0000 0.8299 -0.5578
vn 0.7071 -0.7071 -0.0000
vn -0.0000 -0.4639 -0.8859
vn 0.2588 -0.1051 -0.9602
vn 0.3668 -0.2813 -0.8868
vn 0.3554 -0.2948 -0.8870
vn -0.4250 0.2426 -0.8721
vn -0.5735 0.3231 -0.7528
vn -0.0000 0.9760 -0.2178
vn -0.0001 0.0134 -0.9999
vn -0.0101 0.0274 -0.9996
vn -0.0000 0.0161 -0.9999
vn -0.5458 -0.0000 -0.8379
vn -0.2092 0.1468 -0.9668
vn -0.0030 0.3359 -0.9419
vn 0.6263 0.3441 -0.6996
vn 0.6953 0.2341 -0.6796
vn 0.6245 0.3448 -0.7008
vn 0.6249 0.5541 -0.5501
vn 0.6246 0.7206 -0.3011
vn -0.5526 -0.0000 -0.8335
vn 0.0229 -0.5274 -0.8493
vn 0.0233 -0.5361 -0.8438
vn 0.5978 -0.0000 -0.8016
vn 0.5973 -0.0000 -0.8020
vn -0.6135 0.0305 -0.7891
vn -0.5540 0.0135 -0.8324
vn -0.6162 0.0307 -0.7870
vn -0.7692 0.6189 -0.1589
vn -0.7822 0.6189 -0.0724
vn 0.5541 0.0444 -0.8313
vn 0.6072 0.0231 -0.7942
vn 0.5528 0.0449 -0.8321
vn 0.6242 0.7812 -0.0111
vn 0.0004 0.5892 -0.8080
vn 0.0004 0.5894 -0.8078
vn 0.6438 0.0327 -0.7645
vn 0.6466 0.0329 -0.7621
vn -0.0000 -0.5525 -0.8335
vn 0.5501 0.0036 -0.8351
vn -0.0000 -0.5526 -0.8334
vn -0.7776 -0.6247 -0.0720
vn -0.7646 -0.6247 -0.1588
vn 0.0267 0.5800 -0.8142
vn 0.0263 0.5705 -0.8208
vn -0.5526 0.0134 -0.8334
vn -0.0000 0.5525 -0.8335
vn -0.0000 0.5527 -0.8334
vn -0.1873 0.4334 -0.8815
vn -0.4528 0.4843 -0.7486
vn -0.0006 -1.0000 -0.0000
vn -0.0004 -1.0000 -0.0017
vn -0.9895 -0.1406 -0.0340
vn -0.9889 -0.1412 -0.0455
vn -0.7349 0.6781 -0.0000
vn 0.2846 -0.2519 0.9250
vn 0.2585 -0.1897 0.9472
vn 0.2770 -0.1978 0.9403
vn -0.8492 0.5093 -0.1395
vn -0.8523 0.5047 -0.1372
vn 0.6304 0.0001 -0.7763
vn 0.8268 0.0065 -0.5624
vn 0.8286 0.0066 -0.5598
vn 0.4758 0.8796 -0.0000
vn 0.2041 -0.9788 -0.0170
vn -0.7792 0.4929 -0.3872
vn -0.8274 0.4835 -0.2859
vn -0.7773 0.4962 -0.3867
vn -0.9475 0.0039 -0.3197
vn -0.9476 0.0076 -0.3195
vn 0.2106 0.9776 -0.0000
vn 0.9749 0.2226 -0.0000
vn -0.7384 -0.6743 -0.0110
vn 0.0028 0.1879 -0.9822
vn 0.0041 0.2507 -0.9680
vn 0.0037 0.1614 -0.9869
vn 0.0003 -0.2634 -0.9647
vn 0.0010 -0.1365 -0.9906
vn 0.0013 -0.2637 -0.9646
vn -0.9761 0.1317 -0.1728
vn -0.0000 0.9899 -0.1417
vn -0.5650 0.0158 -0.8249
vn -0.6174 0.0115 -0.7866
vn -0.6208 0.0112 -0.7839
vn -1.0000 -0.0002 0.0019
vn -1.0000 -0.0002 0.0020
vn 0.6388 0.0051 -0.7694
vn 0.5711 0.0062 -0.8209
vn 0.5692 0.0061 -0.8222
vn 0.1159 -0.6459 -0.7545
vn 0.1003 -0.5546 -0.8260
vn 0.1160 -0.6461 -0.7544
vn -0.0000 -0.0503 -0.9987
vn -0.0000 -0.0256 -0.9997
vn -0.0000 0.8321 -0.5546
vn -0.0000 0.8318 -0.5550
vn -0.0000 -0.4642 -0.8858
vn -0.0002 -0.5790 -0.8153
vn 0.0001 -0.6183 -0.7860
vn 0.0001 -0.6185 -0.7858
vn 0.0001 -0.5793 -0.8151
vn 0.0001 -0.5790 -0.8153
vn -0.5541 0.0522 -0.8308
vn -0.5529 0.0468 -0.8319
vn -0.5545 0.0465 -0.8309
vn -0.5548 0.0621 -0.8297
vn -0.7246 0.0505 -0.6873
vn -0.5531 0.0619 -0.8308
vn 0.5539 0.0670 -0.8299
vn 0.7202 0.0651 -0.6907
vn 0.7214 0.0650 -0.6894
vn 0.7243 0.0523 -0.6875
vn 0.7256 0.0522 -0.6862
vn -0.6323 0.0606 -0.7724
vn -0.5552 0.0622 -0.8294
vn -0.5536 0.0621 -0.8304
vn 0.5542 0.0622 -0.8300
vn 0.6317 0.0611 -0.7728
vn 0.5527 0.0620 -0.8311
vn 1.0000 -0.0002 0.0019
vn 1.0000 -0.0001 0.0017
vn 1.0000 -0.0001 0.0020
vn -0.6682 0.0585 -0.7417
vn -0.6688 0.0584 -0.7412
vn 0.7242 0.0511 -0.6877
vn 0.7254 0.0510 -0.6864
vn -0.0722 0.9825 -0.1718
vn -0.0783 0.9955 -0.0533
vn -0.0720 0.9810 -0.1803
vn -0.1483 0.2569 -0.9550
vn -0.1524 0.1653 -0.9744
vn -0.1526 0.1637 -0.9746
vn -0.1016 0.9948 -0.0100
vn -0.1035 0.9946 -0.0000
vn -0.0635 0.8979 -0.4355
vn -0.0649 0.8893 -0.4527
vn -0.1850 0.4779 -0.8587
vn -0.1461 0.2685 -0.9521
vn -0.7286 -0.6103 -0.3109
vn -0.7281 -0.6100 -0.3126
vn 0.0027 0.0045 1.0000
vn -0.0179 0.0007 0.9998
vn 0.0058 0.0050 1.0000
vn -0.1954 0.9795 -0.0501
vn -0.7962 0.4790 -0.3695
vn -0.8211 0.4076 -0.3997
vn -0.8212 0.4073 -0.3996
vn -0.7681 0.5053 -0.3933
vn -0.7947 0.4811 -0.3702
vn -0.7692 0.4596 -0.4440
vn -0.8635 0.4994 -0.0701
vn -0.8637 0.4991 -0.0701
vn -0.8641 0.5012 -0.0467
vn -0.9373 0.0547 -0.3443
vn -0.9357 0.0682 -0.3463
vn -0.9235 0.1374 -0.3582
vn -0.8604 0.3563 -0.3643
vn -0.9954 -0.0764 -0.0584
vn -0.9988 0.0488 -0.0072
vn -0.9987 0.0512 -0.0077
vn -0.9900 -0.1376 -0.0303
vn -0.7791 0.6093 -0.1474
vn -0.7694 0.6186 -0.1589
vn -0.8270 0.5608 0.0397
vn -0.8307 0.5523 0.0696
vn -0.8722 0.3026 0.3844
vn -0.8472 0.4539 0.2760
vn -0.2653 0.0691 -0.9617
vn -0.3136 -0.1418 -0.9389
vn -0.8498 0.3068 0.4287
vn -1.0000 -0.0001 0.0017
vn -0.1950 0.9808 0.0043
vn -0.1950 0.9808 0.0078
vn -0.1950 0.9808 0.0039
vn -0.0006 1.0000 0.0028
vn -0.0002 1.0000 0.0085
vn -0.0002 1.0000 0.0029
vn -0.0000 -0.9999 -0.0150
vn -0.0000 -1.0000 -0.0050
vn -0.0469 -0.9989 -0.0050
vn 0.0011 -1.0000 -0.0041
vn 0.0010 -1.0000 -0.0007
vn 0.1237 0.9923 -0.0000
vn -0.1096 0.6962 -0.7094
vn -0.1810 0.4978 -0.8482
vn -0.0004 1.0000 0.0045
vn -0.0002 1.0000 0.0014
vn -0.0000 -0.9999 -0.0157
vn -0.0000 -0.9979 0.0651
vn -0.0000 -0.9999 -0.0153
vn -0.7852 0.6192 -0.0000
vn -0.0002 0.6425 -0.7663
vn 0.0004 0.6181 -0.7861
vn 0.0004 0.6179 -0.7863
vn -0.6370 0.0006 -0.7709
vn -0.6370 0.0005 -0.7709
vn -0.0001 0.6422 -0.7665
vn -0.0001 0.6424 -0.7664
vn 0.5543 0.0621 -0.8300
vn 0.6682 0.0585 -0.7417
vn 0.5525 0.0619 -0.8312
vn -0.7641 0.6247 -0.1609
vn 0.0222 0.0582 -0.9981
vn -0.0212 0.0586 -0.9981
vn 0.0208 0.0583 -0.9981
vn -0.0081 0.0691 -0.9976
vn -0.0001 0.0682 -0.9977
vn 0.0076 0.0692 -0.9976
vn 0.0190 0.0571 -0.9982
vn -0.0002 0.0683 -0.9977
vn -0.0415 0.1126 -0.9928
vn -0.0416 0.1112 -0.9929
vn 0.0447 0.1123 -0.9927
vn 0.0407 0.1117 -0.9929
vn -0.0214 0.0548 -0.9983
vn -0.7254 0.0530 -0.6863
vn -0.6262 0.0589 -0.7774
vn -0.7257 0.0530 -0.6859
vn -0.0436 0.1175 -0.9921
vn 0.0457 0.1173 -0.9920
vn -0.0460 0.1175 -0.9920
vn 0.0220 0.0572 -0.9981
vn -0.0209 0.0576 -0.9981
vn 0.0206 0.0573 -0.9981
vn 0.0077 0.0695 -0.9976
vn -0.0001 0.0686 -0.9976
vn 0.0411 0.1148 -0.9925
vn -0.0081 0.0693 -0.9976
vn -0.0001 0.0683 -0.9977
vn -0.0417 0.1145 -0.9926
vn 0.0410 0.1129 -0.9928
vn 0.0077 0.0693 -0.9976
vn -0.0001 0.0684 -0.9977
vn -0.0021 -0.0262 -0.9997
vn 0.0041 -0.0232 -0.9997
vn -0.0041 -0.0232 -0.9997
vn -0.0000 0.8312 -0.5560
vn 0.0167 0.0540 -0.9984
vn -0.6212 0.4717 -0.6258
vn -0.5403 0.3026 -0.7851
vn -0.6498 0.3410 -0.6794
vn 0.5541 0.0136 -0.8324
vn 0.6135 0.0306 -0.7891
vn 0.6162 0.0308 -0.7870
vn -0.0002 -1.0000 -0.0020
vn -0.8298 0.4037 -0.3853
vn -0.8594 0.3575 -0.3656
vn 0.1787 -0.2911 -0.9399
vn -0.1611 0.1173 -0.9799
vn -0.2623 0.0733 -0.9622
vn -0.9140 0.4048 0.0289
vn -0.7812 -0.6242 -0.0000
vn -0.7133 -0.0128 -0.7008
vn -0.7135 -0.0128 -0.7005
vn 0.0001 -0.5795 -0.8150
vn 0.0001 -0.5794 -0.8150
vn -0.0001 0.6425 -0.7663
vn -0.0001 0.6423 -0.7665
vn -0.0000 0.7071 -0.7072
vn -0.0000 0.7071 -0.7071
vn -0.0000 0.7072 -0.7070
vn -0.6369 -0.0001 -0.7709
vn -0.6354 0.0006 -0.7722
vn -0.6355 0.0005 -0.7721
vn 0.6355 0.0006 -0.7721
vn 0.6369 -0.0001 -0.7709
vn 0.6355 0.0005 -0.7721
vn -0.5993 -0.0143 -0.8004
vn -0.7130 -0.0136 -0.7010
vn -0.7138 -0.0136 -0.7002
vn 0.7068 0.7074 -0.0000
vn 0.7071 0.7071 -0.0000
vn -0.0034 0.8444 -0.5357
vn -0.0035 0.8452 -0.5345
vn -0.0001 0.6124 -0.7905
vn -0.0000 0.6079 -0.7940
vn -0.7065 -0.7077 -0.0017
vn -0.7070 -0.7072 -0.0017
vn 0.0001 -0.6124 -0.7905
vn 0.0034 -0.8444 -0.5357
vn 0.0035 -0.8452 -0.5344
vn -0.0055 -0.0089 -0.9999
vn -0.0080 -0.0123 -0.9999
vn 0.0021 -0.0262 -0.9997
vn 0.0055 -0.0089 -0.9999
vn 0.0080 -0.0123 -0.9999
vn 1.0000 -0.0000 -0.0003
vn 0.9999 0.0003 -0.0161
vn -0.0000 0.4510 -0.8925
vn -0.0001 0.9825 -0.1860
vn 0.9726 0.0002 0.2324
vn -0.0760 0.9962 -0.0421
vn -0.0758 0.9962 -0.0421
vn -0.7248 0.0494 -0.6872
vn -0.7261 0.0494 -0.6859
vn 0.0019 -0.0961 -0.9954
vn 0.0063 -0.1925 -0.9813
vn -0.0000 -0.0931 -0.9957
vn 0.5539 0.0135 -0.8325
vn 0.6073 0.0300 -0.7939
vn 0.6090 0.0301 -0.7926
vn 0.5526 0.0134 -0.8333
vn -0.5532 -0.0000 -0.8331
vn -1.0000 -0.0026 -0.0000
vn -0.9924 -0.0719 -0.0996
vn -0.9999 -0.0121 -0.0000
vn -0.8565 0.3450 0.3839
vn -0.2674 0.0980 0.9586
vn -0.4472 0.0491 0.8931
vn -0.2011 0.1145 0.9729
vn -0.0871 0.9957 -0.0304
vn -0.0947 0.9955 -0.0000
vn -0.0870 0.9957 -0.0304
vn -0.8362 0.4999 -0.2253
vn -0.8838 0.4605 -0.0831
vn -0.1386 0.9903 -0.0084
vn -0.1272 0.9918 -0.0073
vn -0.1209 0.9927 -0.0039
vn 0.7245 0.0505 -0.6874
vn 0.7257 0.0504 -0.6861
vn -0.8759 -0.4761 -0.0783
vn -0.8852 0.4630 -0.0455
vn -0.8855 0.4646 -0.0000
vn -0.8625 0.5041 -0.0451
vn -0.8623 0.5043 -0.0467
vn -0.8630 0.5031 -0.0467
vn -0.8636 0.5041 -0.0000
vn -0.8630 0.5031 -0.0468
vn -0.4281 0.0534 -0.9021
vn -0.9458 0.0260 -0.3238
vn -0.4153 0.0537 -0.9081
vn -0.9957 -0.0000 -0.0922
vn -0.6274 -0.6634 -0.4078
vn -0.7135 -0.6663 -0.2166
vn -0.6403 -0.6622 -0.3892
vn -0.9964 0.0854 -0.0000
vn -0.9749 0.2226 -0.0000
vn -0.9702 0.2424 -0.0000
vn -0.9572 0.2701 -0.1042
vn -0.9495 0.2796 -0.1426
vn 0.9572 0.2701 -0.1042
vn 0.9702 0.2424 -0.0000
vn 0.9495 0.2795 -0.1426
vn -0.7250 0.0516 -0.6868
vn -0.7812 0.2924 0.5516
vn -0.8224 0.3005 0.4830
vn 0.6183 -0.0000 -0.7859
vn 0.6378 0.0057 -0.7701
vn -0.6143 0.0364 -0.7882
vn -0.9884 0.1397 -0.0599
vn 0.7131 -0.0128 -0.7009
vn 0.7561 -0.0032 -0.6544
vn 0.7588 -0.0034 -0.6513
vn -0.0004 -0.1341 -0.9910
vn 0.0008 -0.0022 -1.0000
vn -0.8973 0.4183 0.1410
vn -0.8292 0.5566 0.0502
vn -0.0000 0.0007 -1.0000
vn -0.9029 0.4299 -0.0000
vn -0.0000 -1.0000 -0.0007
vn 0.0002 -1.0000 -0.0002
vn 0.0008 -1.0000 -0.0001
vn -0.0000 -0.8620 -0.5068
vn 0.9011 -0.0000 -0.4337
vn -0.0000 0.8620 -0.5068
vn -0.9804 -0.0000 -0.1969
vn -0.9418 0.2855 0.1772
vn -0.9424 0.2842 0.1762
vn -0.1529 0.1558 -0.9759
vn -0.1529 0.1557 -0.9759
vn -0.0000 -0.0795 0.9968
vn -0.0000 0.0758 -0.9971
vn -0.5878 -0.0000 0.8090
vn -0.0000 0.0629 -0.9980
vn 0.5878 -0.0000 0.8090
vn -0.8082 -0.2619 -0.5274
vn -0.9511 -0.0000 -0.3090
vn -0.8479 0.4613 0.2612
vn -0.0458 0.1151 -0.9923
vn 0.5480 0.0002 -0.8365
vn 0.5482 0.0002 -0.8363
vn 0.9699 -0.2383 -0.0504
vn -0.1622 0.5564 -0.8149
vn 0.0015 0.5801 -0.8145
vn -0.1728 0.5487 -0.8179
vn -0.8722 0.0036 0.4891
vn -0.8531 0.0070 0.5217
vn -0.8732 0.0034 0.4873
vn 0.0007 0.0060 1.0000
vn 0.0051 0.0068 1.0000
vn -0.0000 0.0059 1.0000
vn -0.0108 -0.1937 -0.9810
vn -0.0147 -0.1953 -0.9806
vn -0.9275 0.3161 -0.1996
vn -0.9490 0.3001 -0.0969
vn 1.0000 -0.0002 0.0020
vn -0.0409 -0.9991 -0.0093
vn -0.0000 -0.9999 -0.0141
vn -0.0456 0.1132 -0.9925
vn 0.0002 1.0000 -0.0000
vn -0.0000 -0.0880 0.9961
vn 0.1226 -0.1114 0.9862
vn 0.1992 -0.1562 0.9674
vn 0.1956 -0.1743 0.9651
vn -0.0122 -0.0589 0.9982
vn -0.0124 -0.0761 0.9970
vn 0.0001 -0.0949 0.9955
vn 0.8541 0.0069 0.5200
vn 0.8903 0.0001 0.4553
vn -0.0000 -0.0943 0.9955
vn -0.0000 -0.0935 0.9956
vn -0.0000 0.0322 -0.9995
vn -0.0000 0.0321 -0.9995
vn -0.9527 0.2912 -0.0873
vn -0.9561 0.2929 -0.0000
vn -1.0000 -0.0002 -0.0000
vn -1.0000 -0.0001 0.0001
vn -1.0000 -0.0000 0.0002
vn -0.0007 0.9967 -0.0814
vn -0.0000 0.0325 -0.9995
vn -0.0000 0.0163 -0.9999
vn -0.1950 0.9808 -0.0000
vn -0.0004 1.0000 -0.0000
vn -0.7559 -0.5786 -0.3063
vn -1.0000 -0.0000 0.0023
vn -0.0008 1.0000 -0.0000
vn -0.9904 -0.1343 -0.0320
vn -0.1105 0.7033 -0.7023
vn -0.0000 -0.0927 0.9957
vn 0.5993 -0.0143 -0.8004
vn 0.7130 -0.0136 -0.7010
vn 0.5988 -0.0143 -0.8007
vn -0.9584 0.2854 -0.0000
vn 0.9984 -0.0563 -0.0000
vn 0.0014 0.0349 -0.9994
vn 0.0035 0.0354 -0.9994
vn 0.0044 0.0356 -0.9994
vn -0.9764 0.2160 -0.0000
vn 0.0036 0.0364 0.9993
vn 0.0014 0.0359 0.9994
vn 0.0046 0.0366 0.9993
vn 0.0024 0.0531 -0.9986
vn 0.0049 0.0538 -0.9985
vn 0.0068 0.0544 -0.9985
vn 0.9971 -0.0764 -0.0000
vn 0.0043 0.0946 -0.9955
vn 0.0087 0.0959 -0.9954
vn 0.0121 0.0969 -0.9952
vn 0.0105 0.1155 0.9933
vn 0.9511 -0.0000 -0.3090
vn 0.9510 -0.0000 -0.3091
vn 0.0010 -0.1748 -0.9846
vn 0.0012 -0.0870 -0.9962
vn -0.9510 -0.0000 -0.3090
vn -0.0000 0.0014 -1.0000
vn 0.6247 0.5542 -0.5501
vn -0.6187 -0.0000 -0.7856
vn -0.6078 0.0005 -0.7941
vn -0.6073 0.0005 -0.7944
vn -0.0001 -0.9999 -0.0144
vn -0.0000 -0.7407 -0.6718
vn -0.0032 -1.0000 -0.0000
vn -0.0062 0.0545 -0.9985
vn -0.3837 -0.7153 -0.5840
vn -0.8633 0.5026 -0.0447
vn -0.0000 0.9227 -0.3854
vn -0.0000 0.7104 -0.7038
vn -0.0000 0.7102 -0.7040
vn -0.0003 0.9992 -0.0394
vn -0.0002 0.9891 -0.1474
vn -0.0000 0.9893 -0.1461
vn -0.0000 0.9228 -0.3853
vn 0.8128 0.2660 -0.5183
vn 0.8291 0.3940 -0.3966
vn 0.8075 0.2489 -0.5347
vn 0.7755 0.6309 -0.0214
vn 0.7724 0.6351 -0.0000
vn -0.0003 0.9991 -0.0417
vn -0.0005 1.0000 -0.0000
vn -0.0001 1.0000 -0.0000
vn -0.0000 0.4401 -0.8980
vn -0.0000 0.7108 -0.7034
vn -0.8200 0.5236 -0.2313
vn -0.8291 0.3940 -0.3966
vn -0.8166 0.5383 -0.2083
vn -0.7772 0.6285 -0.0288
vn -0.7894 0.6087 -0.0793
vn -0.7758 0.6306 -0.0214
vn -0.7943 0.5992 -0.0996
vn 0.7770 0.6288 -0.0288
vn 0.7894 0.6087 -0.0793
vn 0.7943 0.5992 -0.0996
vn 0.8166 0.5383 -0.2083
vn 0.8200 0.5236 -0.2313
vn -0.0000 0.8317 -0.5552
vn -0.0000 0.8316 -0.5554
vn -0.0001 0.3320 -0.9433
vn -0.0000 0.4407 -0.8977
vn -0.0000 0.3315 -0.9435
vn 0.8293 0.3991 -0.3910
vn -0.7724 0.6351 -0.0000
vn -0.8128 0.2659 -0.5182
vn -0.8294 0.3991 -0.3910
vn -0.8075 0.2489 -0.5348
vn -0.7093 0.2446 -0.6612
vn -0.7053 0.2463 -0.6647
vn 0.7108 0.2439 -0.6597
vn 0.7069 0.2456 -0.6633
vn -0.0003 0.9992 -0.0401
vn -0.0001 0.9886 -0.1508
vn -0.0000 0.9890 -0.1476
vn -0.0000 0.9229 -0.3851
vn -0.0000 0.3301 -0.9439
vn -0.0000 0.3314 -0.9435
vn 0.0016 -1.0000 -0.0000
vn -0.0000 0.4410 -0.8975
vn -0.0000 0.9227 -0.3856
vn -0.0000 0.7100 -0.7042
vn -0.0003 0.9993 -0.0385
vn -0.0002 0.9895 -0.1445
vn -0.0001 0.9897 -0.1431
vn -0.0001 0.3338 -0.9426
vn -0.0000 0.3333 -0.9428
vn -0.9437 -0.1503 -0.2946
vn 0.0017 0.0366 -0.9993
vn -0.0029 0.0361 -0.9993
vn -0.0002 0.0449 -0.9990
vn -0.0000 -0.0990 -0.9951
vn -0.0000 -0.1951 -0.9808
vn -0.0000 -0.0980 -0.9952
vn -0.0009 0.0383 -0.9993
vn -0.0006 0.0332 -0.9995
vn -0.0002 0.0337 -0.9994
vn -0.0002 0.0339 -0.9994
vn -0.0204 0.1201 -0.9926
vn -0.0098 0.1172 -0.9931
vn -0.0363 0.1683 -0.9851
vn -0.0110 0.1640 -0.9864
vn -0.0023 0.0347 -0.9994
vn -0.0001 0.0470 -0.9989
vn 0.5553 -0.1452 -0.8189
vn 0.5514 -0.0764 -0.8307
vn 0.5512 -0.0686 -0.8316
vn -0.5506 -0.0694 -0.8319
vn -0.5546 -0.1328 -0.8215
vn -0.5502 -0.0631 -0.8326
vn -0.5476 -0.0138 -0.8366
vn -0.5517 0.1418 -0.8219
vn -0.5477 -0.0154 -0.8365
vn 0.1051 -0.4834 -0.8691
vn -0.0006 -0.5785 -0.8157
vn 0.1254 -0.4738 -0.8717
vn -0.0058 0.0924 -0.9957
vn -0.0008 0.0481 -0.9988
vn -0.0000 0.4393 -0.8983
vn 0.6915 0.0667 -0.7193
vn 0.9436 0.0310 -0.3296
vn 0.9434 0.0314 -0.3303
vn 0.5616 0.0008 -0.8274
vn 0.5789 0.0008 -0.8154
vn 0.5793 0.0008 -0.8151
vn 0.0007 -1.0000 -0.0001
vn 0.0007 -1.0000 -0.0005
vn 0.0009 -1.0000 -0.0000
vn 0.2571 -0.0863 -0.9625
vn 0.5257 -0.1550 -0.8365
vn 0.5369 -0.1619 -0.8279
vn 0.5779 0.0275 -0.8156
vn 0.5446 0.0295 -0.8382
vn 0.5788 0.0277 -0.8150
vn 0.5335 -0.0013 -0.8458
vn 0.5789 -0.0000 -0.8154
vn 0.5792 -0.0000 -0.8152
vn 0.2904 -0.2415 -0.9259
vn 0.2654 -0.2751 -0.9240
vn -0.2244 0.2712 -0.9360
vn -0.1281 0.5534 -0.8230
vn -0.1563 0.5602 -0.8135
vn -0.0002 0.0327 -0.9995
vn -0.5971 -0.1120 -0.7943
vn 0.0002 0.0428 -0.9991
vn -0.0001 0.0449 -0.9990
vn -0.0080 0.0781 -0.9969
vn -0.0053 0.1200 -0.9928
vn -0.0075 0.0780 -0.9969
vn -0.0000 0.0330 -0.9995
vn 0.5522 0.1494 -0.8202
vn 0.6251 0.2831 -0.7274
vn 0.5516 0.1464 -0.8211
vn -0.1022 -0.3807 -0.9190
vn -0.2824 -0.3884 -0.8771
vn -0.2728 -0.3875 -0.8806
vn -0.2533 0.1680 -0.9527
vn -0.5308 0.2448 -0.8113
vn -0.5428 0.2518 -0.8012
vn 0.4966 0.5573 -0.6654
vn 0.6175 0.3197 -0.7187
vn 0.4676 0.5893 -0.6588
vn 0.0920 0.7360 -0.6707
vn 0.2446 0.7119 -0.6582
vn 0.2488 0.7072 -0.6618
vn -0.0010 0.6416 -0.7670
vn 0.6491 0.3503 -0.6753
vn 0.6664 0.5305 -0.5239
vn 0.6669 0.5307 -0.5231
vn 0.6592 0.6941 -0.2893
vn 0.6505 0.7507 -0.1155
vn 0.6504 0.7508 -0.1152
vn 0.6429 0.7652 -0.0322
vn 0.6418 0.7669 -0.0043
vn 0.6430 0.7652 -0.0323
vn 0.5924 0.0529 -0.8039
vn 0.5829 0.0366 -0.8117
vn 0.5853 0.0535 -0.8090
vn 0.5828 0.0364 -0.8118
vn 0.6555 0.3187 -0.6847
vn 0.6635 0.1911 -0.7234
vn 0.6643 0.1802 -0.7254
vn 0.5793 -0.0000 -0.8151
vn -0.5526 -0.0000 -0.8334
vn 0.6594 0.6937 -0.2900
vn 0.3404 0.0569 -0.9386
vn 0.1552 0.0776 -0.9848
vn 0.3497 0.0759 -0.9338
vn -0.0000 -0.5393 -0.8421
vn -0.0020 -0.4958 -0.8684
vn -0.0020 -0.4951 -0.8689
vn -0.0000 0.5551 -0.8318
vn -0.0000 0.5556 -0.8314
vn -0.0020 0.5121 -0.8589
vn -0.0000 0.5557 -0.8314
vn -0.0010 0.0652 -0.9979
vn 0.0007 -1.0000 -0.0009
vn -0.0000 -0.5398 -0.8418
vn -0.0014 0.8306 -0.5568
vn 0.0726 0.7364 -0.6726
vn -0.0006 0.0676 -0.9977
vn -0.0013 0.0703 -0.9975
vn -0.5184 -0.3293 -0.7892
vn -0.6042 -0.2057 -0.7699
vn -0.4848 -0.3788 -0.7883
vn 0.6789 0.0909 -0.7285
vn 0.6683 0.1230 -0.7336
vn 0.6684 0.1230 -0.7335
vn -0.6080 0.0265 -0.7935
vn -0.5661 0.0312 -0.8237
vn -0.5646 0.0314 -0.8247
vn -0.5564 0.0403 -0.8300
vn -0.6072 0.0231 -0.7942
vn -0.6089 0.0229 -0.7929
vn 0.5476 -0.0245 -0.8364
vn -0.2238 0.2618 -0.9388
vn -0.5483 0.0002 -0.8363
vn -0.5525 0.0002 -0.8335
vn -0.5480 0.0002 -0.8364
vn -0.5522 0.1189 -0.8252
vn -0.0000 0.9885 -0.1515
vn -0.0000 -1.0000 -0.0014
vn -0.0014 -1.0000 -0.0012
vn -0.0000 0.4400 -0.8980
vn -0.0001 0.9885 -0.1514
vn -0.0003 0.9991 -0.0419
vn -0.0004 1.0000 -0.0055
vn -0.0004 0.9991 -0.0420
vn -0.0004 0.9991 -0.0418
vn -0.0860 -0.3783 -0.9217
vn -0.0000 -0.4651 -0.8852
vn 0.0026 -1.0000 -0.0017
vn 0.6408 0.7677 -0.0000
vn -0.0003 0.0788 -0.9969
vn -0.0009 0.0788 -0.9969
vn -0.0060 0.0816 -0.9966
vn -0.5484 0.0675 -0.8335
vn -0.7203 0.0651 -0.6906
vn -0.5483 0.0673 -0.8335
vn -0.6801 0.0557 -0.7310
vn -0.6800 0.0542 -0.7312
vn -0.5528 0.0407 -0.8323
vn 0.5525 0.0001 -0.8335
vn 0.5526 0.0001 -0.8335
vn -0.3232 -0.9448 -0.0534
vn -0.4629 -0.8856 0.0376
vn -0.3898 -0.9168 -0.0863
vn -0.4519 0.8590 0.2406
vn -0.6230 0.6833 0.3808
vn -0.5629 0.7062 0.4294
vn -0.8946 0.0245 -0.4463
vn -0.9681 0.0753 -0.2388
vn -0.8947 0.0760 -0.4402
vn -0.7298 0.0754 -0.6795
vn -0.4528 0.3681 -0.8121
vn -0.4331 0.1270 -0.8924
vn -0.7117 0.4493 0.5400
vn -0.6581 0.1921 0.7280
vn -0.6388 0.4783 0.6026
vn -0.7382 0.1610 0.6551
vn -0.9110 -0.0517 0.4092
vn -0.7373 -0.0676 0.6721
vn 0.4360 0.8958 0.0858
vn 0.5069 0.8620 0.0019
vn 0.5299 0.8476 -0.0270
vn -0.9081 -0.1399 -0.3947
vn -0.9368 -0.1623 -0.3100
vn -0.9702 -0.0263 -0.2408
vn -0.8929 0.1760 -0.4144
vn -0.9339 0.2004 -0.2960
vn -0.9183 0.1996 -0.3419
vn 0.9629 0.1822 0.1991
vn 0.9465 0.2170 0.2388
vn 0.9473 0.2158 0.2370
vn 0.7702 0.2122 -0.6014
vn 0.7696 0.4005 -0.4974
vn 0.7681 0.1909 -0.6112
vn -0.6680 -0.2236 0.7098
vn -0.7325 -0.4190 0.5366
vn -0.6602 -0.4535 0.5988
vn -0.0362 0.1921 -0.9807
vn -0.1973 0.4497 -0.8711
vn -0.1020 0.4783 -0.8723
vn 0.8857 0.0331 0.4631
vn 0.8880 0.0662 0.4550
vn 0.8856 0.0310 0.4635
vn -0.2317 0.6837 -0.6921
vn -0.1916 0.8590 -0.4748
vn -0.1552 0.7062 -0.6908
vn -0.8701 0.3670 0.3291
vn -0.9960 0.0749 0.0493
vn -0.9063 0.1265 0.4033
vn -0.3557 -0.9165 -0.1832
vn -0.7407 -0.1990 -0.6417
vn -0.8978 -0.0264 -0.4396
vn -0.7388 -0.0895 -0.6680
vn -0.3012 0.9414 -0.1518
vn -0.2633 0.9637 -0.0449
vn -0.2367 0.9615 -0.1395
vn 0.8922 0.1341 0.4312
vn 0.8956 0.1649 0.4132
vn 0.8914 0.1148 0.4384
vn 0.9769 -0.0859 0.1957
vn 0.9860 -0.0452 0.1606
vn 0.9889 -0.0257 0.1462
vn 0.9049 0.2109 0.3697
vn 0.9095 0.2259 0.3491
vn 0.9026 0.1968 0.3830
vn 0.9397 -0.0000 0.3420
vn 0.3565 0.9183 0.1722
vn 0.4159 0.9029 0.1085
vn -0.3421 -0.9209 -0.1871
vn -0.2679 -0.9280 -0.2589
vn -0.3622 -0.9171 -0.1662
vn 0.9208 -0.1472 0.3611
vn 0.9252 -0.1554 0.3462
vn 0.9260 -0.1561 0.3438
vn -0.9800 -0.1985 0.0142
vn -0.9954 -0.0893 0.0354
vn -0.7757 -0.4979 -0.3878
vn -0.5504 -0.7979 -0.2458
vn -0.7921 -0.5218 -0.3168
vn -0.7501 -0.3385 -0.5682
vn -0.5126 -0.6837 -0.5195
vn -0.7596 -0.4348 -0.4838
vn -0.7987 0.5780 -0.1671
vn -0.5035 0.8531 -0.1366
vn -0.7636 0.5971 -0.2457
vn -0.7493 0.5918 -0.2972
vn -0.9071 0.2031 -0.3687
vn -0.5639 0.8253 -0.0294
vn -0.3223 0.9443 -0.0661
vn -0.4840 0.8487 -0.2132
vn -0.9232 0.2035 -0.3259
vn -0.0555 -0.2236 -0.9731
vn -0.2158 -0.4191 -0.8819
vn -0.1652 -0.2015 -0.9654
vn -0.4709 -0.3360 -0.8157
vn -0.4496 -0.1581 -0.8791
vn -0.7353 -0.0289 -0.6772
vn -0.9188 0.3945 -0.0099
vn -0.8579 0.5094 -0.0680
vn -0.9511 0.1725 -0.2561
vn -0.6552 0.7486 0.1021
vn -0.7768 0.5859 0.2308
vn -0.3927 0.9183 0.0506
vn -0.3449 0.9347 0.0860
vn -0.4573 0.8278 -0.3251
vn 0.9397 0.0001 0.3420
vn 0.9397 -0.0001 0.3420
vn -0.2540 0.8459 -0.4689
vn -0.4445 0.5873 -0.6764
vn -0.4348 0.7530 -0.4940
vn -0.5797 -0.7983 -0.1636
vn -0.8444 -0.4969 -0.2003
vn -0.8107 -0.5220 -0.2652
vn -0.8856 -0.3357 0.3210
vn -0.9101 -0.1580 0.3830
vn -0.6425 -0.7640 -0.0597
vn -0.4978 0.8440 0.1998
vn -0.7300 0.2276 -0.6444
vn -0.9738 0.2262 0.0222
vn -0.9720 0.0243 -0.2339
vn -0.7475 -0.2015 0.6330
vn -0.1437 0.1611 -0.9764
vn -0.4332 -0.0518 -0.8998
vn -0.8975 -0.0086 -0.4409
vn -0.7226 0.5821 -0.3729
vn -0.9237 -0.1666 -0.3449
vn -0.9016 -0.1118 -0.4178
vn -0.4981 -0.5437 -0.6755
vn -0.3069 -0.8054 -0.5071
vn -0.5615 -0.8050 0.1917
vn -0.8163 -0.5431 0.1966
vn -0.7275 -0.6827 0.0685
vn -0.9400 -0.3377 -0.0477
vn -0.8934 -0.4335 -0.1178
vn -0.9593 -0.1115 -0.2596
vn -0.9494 -0.1393 -0.2815
vn -0.2785 0.9187 -0.2802
vn -0.2135 0.9340 -0.2866
vn -0.7082 0.3966 -0.5840
vn -0.6992 0.5153 -0.4955
vn -0.9986 -0.0288 0.0444
vn 0.2487 0.9277 0.2786
vn 0.3311 0.9225 0.1983
vn -0.7604 -0.1328 0.6358
vn -0.7158 0.0536 0.6963
vn -0.7029 0.0922 0.7053
vn -0.9294 -0.1668 -0.3291
vn -0.1321 -0.0676 -0.9889
vn -0.0164 -0.0851 -0.9962
vn -0.5309 -0.7647 -0.3652
vn -0.6395 0.2429 0.7294
vn -0.5374 0.4202 0.7312
vn -0.4389 0.5499 0.7106
vn -0.4917 -0.8706 -0.0189
vn -0.4270 -0.8991 -0.0960
vn -0.5135 -0.8580 0.0089
vn 0.9301 -0.1591 0.3310
vn 0.9307 -0.1594 0.3293
vn 0.9496 -0.1483 0.2761
vn 0.9627 -0.1247 0.2402
vn 0.9624 -0.1259 0.2408
vn 0.9059 -0.1014 0.4112
vn 0.9120 -0.1248 0.3909
vn 0.9131 -0.1277 0.3872
vn 0.9112 0.2288 0.3427
vn 0.9173 0.2360 0.3208
vn 0.6254 0.7633 -0.1622
vn 0.7058 0.6394 -0.3049
vn 0.7104 0.6294 -0.3150
vn -0.3316 -0.8858 -0.3247
vn -0.2827 -0.9445 -0.1675
vn -0.1528 0.7984 0.5824
vn 0.0015 0.8766 0.4812
vn 0.0793 0.9022 0.4239
vn -0.2729 -0.6580 -0.7018
vn -0.2292 -0.8300 -0.5085
vn 0.5078 -0.4621 -0.7271
vn 0.6441 -0.2334 -0.7285
vn 0.4200 -0.5713 -0.7052
vn -0.6605 -0.6578 0.3620
vn -0.5025 -0.8300 0.2422
vn -0.5945 -0.6882 0.4159
vn 0.9817 0.1069 0.1576
vn 0.9896 0.0503 0.1344
vn 0.9820 0.1056 0.1567
vn -0.7663 -0.4288 0.4784
vn -0.7682 -0.1912 0.6110
vn -0.6529 -0.0851 0.7526
vn 0.8888 -0.0201 0.4578
vn 0.8851 0.0106 0.4653
vn 0.8901 -0.0269 0.4549
vn 0.6898 -0.1272 -0.7127
vn 0.7451 0.0546 -0.6647
vn -0.9708 -0.0085 -0.2397
vn 0.8976 -0.0630 0.4364
vn 0.8974 -0.0629 0.4368
vn -0.9170 -0.1629 -0.3642
vn -0.4103 -0.9047 -0.1146
vn -0.0272 -0.8869 -0.4612
vn 0.1348 -0.8105 -0.5700
vn -0.1014 -0.9092 -0.4037
vn -0.7641 -0.4432 0.4687
vn -0.7005 -0.6489 0.2972
vn -0.7052 -0.6390 0.3074
vn 0.9044 -0.0944 0.4162
vn 0.9748 -0.0920 0.2031
vn 0.2474 -0.7340 -0.6325
vn 0.9382 -0.1570 0.3085
vn 0.9378 -0.1573 0.3094
vn -0.5976 -0.7924 0.1227
vn -0.6135 -0.7760 0.1463
vn 0.9484 -0.1494 0.2796
vn 0.9190 -0.1423 0.3678
vn -0.2184 -0.9274 -0.3037
vn -0.8969 -0.0628 -0.4377
vn -0.9683 -0.0626 -0.2417
vn -0.2551 -0.9107 -0.3249
vn -0.1881 -0.6882 -0.7008
vn -0.4040 -0.9108 0.0853
vn 0.9671 0.1679 0.1910
vn 0.8977 0.1737 0.4048
vn 0.8888 0.0739 0.4523
vn 0.9310 0.2320 0.2818
vn 0.9295 0.2334 0.2857
vn 0.7670 0.4208 -0.4844
vn 0.1988 0.9248 0.3243
vn 0.6123 0.7778 -0.1417
vn -0.2538 0.7268 0.6383
vn 0.9186 0.2370 0.3162
vn 0.7515 0.0846 -0.6543
vn 0.8851 0.0108 0.4653
vn 0.9914 0.0169 0.1296
vn 0.9895 0.0525 0.1346
vn -0.6607 0.1977 0.7242
vn 0.9914 0.0175 0.1295
vn 0.5728 -0.0117 -0.8196
vn 0.0125 0.0120 -0.9999
vn 0.5788 -0.0120 -0.8154
vn -0.5961 -0.0119 -0.8028
vn -0.9464 0.0117 -0.3227
vn -0.5868 -0.0123 -0.8096
vn -0.4377 -0.8613 0.2582
vn 0.5702 -0.7494 -0.3364
vn 0.5703 -0.7494 -0.3365
vn -0.2106 -0.7344 -0.6452
vn -0.1831 -0.7450 -0.6414
vn -0.1824 -0.7453 -0.6413
vn -0.3444 0.8264 0.4455
vn -0.3754 0.8233 0.4256
vn -0.3763 0.8232 0.4251
vn 0.8033 -0.5939 -0.0456
vn 0.8051 -0.5916 -0.0428
vn 0.8032 -0.5940 -0.0457
vn 0.6724 0.3947 0.6262
vn 0.6765 0.3902 0.6245
vn 0.6723 0.3948 0.6263
vn -0.0824 0.9955 0.0474
vn -0.0825 0.9955 0.0475
vn -0.8615 -0.0070 0.5078
vn -0.8487 0.2025 0.4886
vn -0.8612 -0.0162 0.5081
vn 0.7133 0.5607 -0.4204
vn 0.7903 0.4103 -0.4550
vn 0.7919 0.4064 -0.4557
vn -0.9206 0.1016 -0.3770
vn -0.9237 0.1196 -0.3639
vn -0.9238 0.1199 -0.3636
vn 0.5789 -0.0048 0.8154
vn 0.0111 0.0048 0.9999
vn 0.0025 0.0049 1.0000
vn 0.9559 -0.0120 0.2936
vn 0.9540 0.0122 -0.2997
vn 0.9535 -0.0123 0.3012
vn 0.6555 0.0010 -0.7552
vn 0.6554 0.0009 -0.7553
vn -0.6074 0.0009 -0.7944
vn -0.6073 0.0009 -0.7944
vn 0.6074 0.0009 -0.7944
vn -0.6376 -0.0000 -0.7703
vn 0.0034 0.8444 -0.5357
vn 0.0001 0.6124 -0.7905
vn 0.0035 0.8452 -0.5345
vn 0.2710 0.0159 -0.9625
vn 0.4474 -0.0750 -0.8912
vn 0.4491 -0.0764 -0.8902
vn 0.2553 -0.0913 -0.9625
vn 0.5843 -0.1937 -0.7881
vn 0.5719 -0.1414 -0.8081
vn 0.1412 -0.3108 -0.9399
vn -0.0013 -1.0000 -0.0004
vn -0.0030 -1.0000 -0.0065
vn -0.0034 -1.0000 -0.0024
vn -0.0040 -1.0000 0.0011
vn -0.0041 -1.0000 0.0011
vn -0.0850 0.7565 0.6485
vn -0.0849 0.8641 0.4961
vn -0.0939 0.7064 0.7016
vn -0.1798 -0.4081 0.8951
vn -0.1743 -0.2449 0.9537
vn -0.2080 -0.4794 0.8526
vn -0.1484 -0.1562 0.9765
vn -0.1458 0.0083 0.9893
vn -0.0961 -0.1489 -0.9842
vn -0.0965 0.0046 -0.9953
vn -0.0850 0.0923 -0.9921
vn -0.1140 -0.2504 -0.9614
vn -0.1141 -0.3879 -0.9146
vn -0.1390 -0.4869 -0.8624
vn -0.2100 -0.8406 -0.4993
vn -0.2196 -0.9198 -0.3252
vn -0.2461 -0.9338 -0.2597
vn -0.2560 -0.9659 -0.0380
vn -0.2700 -0.9629 -0.0032
vn -0.2697 -0.9294 0.2519
vn -0.2771 -0.9281 0.2487
vn -0.2677 -0.8323 0.4853
vn -0.0723 0.8640 -0.4983
vn -0.0724 0.7229 -0.6872
vn -0.0743 0.7058 -0.7045
vn -0.5933 -0.7776 -0.2084
vn -0.5934 -0.8049 -0.0000
vn -0.5933 -0.7776 -0.2083
vn -0.5933 -0.7776 0.2084
vn -0.5933 -0.7776 0.2083
vn -0.0744 0.5379 -0.8397
vn -0.0783 0.4999 -0.8625
vn -0.1244 0.1027 0.9869
vn -0.1233 0.2630 0.9569
vn -1.0000 0.0002 0.0001
vn -1.0000 0.0003 -0.0000
vn -0.1066 0.3499 0.9307
vn -0.1063 0.5012 0.8587
vn -0.1410 -0.6104 -0.7794
vn -0.1718 -0.6881 -0.7049
vn -0.1777 -0.7948 -0.5803
vn -0.0783 0.3235 -0.9430
vn -0.0852 0.2606 -0.9617
vn -0.0724 0.9970 -0.0278
vn -0.0723 0.9633 -0.2586
vn -0.0745 0.9972 -0.0010
vn -0.0717 0.8679 -0.4916
vn -0.0787 0.8931 0.4429
vn -0.0786 0.9634 0.2564
vn -0.0747 0.9742 0.2131
vn -0.2521 -0.8158 0.5204
vn -0.2422 -0.6793 0.6927
vn -0.2167 -0.6354 0.7411
vn -1.0000 0.0002 -0.0000
vn -1.0000 -0.0003 -0.0000
vn -1.0000 -0.0003 0.0002
vn -1.0000 -0.0001 -0.0003
vn -1.0000 -0.0000 0.0001
vn -1.0000 -0.0002 -0.0002
vn -1.0000 -0.0003 -0.0002
vn -1.0000 -0.0000 -0.0001
vn -0.5933 -0.6971 0.4025
vn -0.5933 0.6971 0.4025
vn -0.5932 0.7776 0.2084
vn -0.5933 0.7776 0.2084
vn -0.5933 0.8050 -0.0000
vn -0.5933 -0.4025 0.6971
vn -0.5933 -0.2083 0.7776
vn -0.5933 -0.2084 0.7776
vn -0.5934 -0.0000 0.8049
vn -0.5933 0.2084 0.7776
vn -0.5934 0.4025 0.6971
vn -0.5934 -0.4025 -0.6971
vn -0.5932 -0.5692 -0.5692
vn -0.5932 -0.5693 -0.5692
vn -0.5933 -0.6971 -0.4025
vn -0.5933 0.6971 -0.4025
vn -0.5932 0.5692 -0.5692
vn -0.5932 0.5693 -0.5693
vn -0.5934 0.4025 -0.6971
vn -0.5933 0.5692 0.5692
vn -1.0000 0.0002 -0.0001
vn -1.0000 0.0002 -0.0002
vn -1.0000 -0.0002 0.0002
vn -1.0000 -0.0004 0.0002
vn -1.0000 -0.0001 0.0003
vn -0.5934 -0.0000 -0.8049
vn -0.5933 -0.2083 -0.7776
vn -0.5933 -0.2083 -0.7775
vn -0.5933 0.7776 -0.2084
vn -0.5932 -0.5693 0.5692
vn -0.5933 0.2083 -0.7776
vn -0.5933 0.2084 -0.7776
vn -0.0940 0.5725 0.8145
vn -0.5914 -0.1906 -0.7835
vn -0.0000 0.9226 -0.3857
vn -0.0004 0.9993 -0.0373
vn -0.0000 0.7097 -0.7045
vn -0.0000 0.9227 -0.3855
vn -0.0000 0.4412 -0.8974
vn 0.5607 0.0008 -0.8280
vn -0.0000 -0.0997 -0.9950
vn 0.5524 0.0002 -0.8336
vn 0.5525 0.0002 -0.8335
vn -0.5397 -0.0313 -0.8413
vn -0.6378 0.0057 -0.7701
vn 0.5526 0.0057 -0.8334
vn 0.8274 -0.0052 -0.5615
vn 0.8003 -0.0031 -0.5996
vn 0.8289 -0.0055 -0.5593
vn 0.6067 0.0005 -0.7949
vn -0.5525 -0.0000 -0.8335
vn -0.5526 0.0001 -0.8335
vn -0.7561 -0.0032 -0.6544
vn -0.8338 0.0287 -0.5514
vn -0.6844 0.0234 -0.7287
vn -0.5501 0.0186 -0.8349
vn -0.9763 0.0336 -0.2138
vn -0.9561 0.0330 -0.2911
vn -0.9765 0.0336 -0.2128
vn 0.0443 0.9990 -0.0000
vn 0.0440 0.9990 0.0039
vn -0.9768 0.0336 -0.2114
vn -0.9902 0.0432 -0.1331
vn -0.9770 0.0410 -0.2093
vn -0.2185 0.0117 -0.9758
vn -0.2181 0.0145 -0.9758
vn -0.2181 0.0147 -0.9758
vn -0.0438 -0.9990 -0.0061
vn -0.0440 -0.9990 -0.0041
vn -0.8683 0.0324 -0.4951
vn -0.9559 0.0378 -0.2911
vn -0.8485 0.0335 -0.5281
vn -0.9541 0.0608 -0.2931
vn -0.9541 0.0502 -0.2952
vn -0.9551 0.0515 -0.2917
vn -0.4448 0.2514 0.8597
vn -0.4542 0.3282 0.8282
vn -0.4447 0.2527 0.8593
vn -0.9750 0.0962 -0.2001
vn -0.9812 0.0768 -0.1773
vn -0.9666 0.0520 0.2508
vn -0.9677 0.0265 0.2508
vn -0.9666 0.0532 0.2508
vn -0.0443 -0.9990 -0.0000
vn -0.9796 0.0406 -0.1969
vn -0.9904 0.0341 -0.1338
vn -0.9896 0.0341 -0.1400
vn -0.5460 0.0213 -0.8375
vn -0.6838 0.0384 -0.7287
vn -0.5391 0.0352 -0.8415
vn 0.2138 0.7241 0.6557
vn -0.4490 0.6242 0.6393
vn 0.2198 0.7217 0.6564
vn 0.0437 0.9990 0.0067
vn -0.7231 -0.1149 -0.6811
vn -0.6896 -0.1272 -0.7130
vn -0.7233 -0.1138 -0.6811
vn -0.6846 0.0372 -0.7280
vn -0.7954 0.0534 -0.6038
vn -0.6830 0.0452 -0.7290
vn -0.8507 0.0293 -0.5249
vn -0.6845 0.0234 -0.7286
vn -0.6844 0.0235 -0.7288
vn -0.6845 0.0235 -0.7286
vn -0.6844 0.0236 -0.7287
vn -0.5401 -0.4618 -0.7036
vn -0.6817 -0.3006 -0.6670
vn -0.5325 -0.4799 -0.6973
vn -0.7241 -0.1335 -0.6766
vn -0.7563 0.6482 -0.0886
vn -0.7498 0.6436 -0.1537
vn -0.7484 0.6422 -0.1659
vn -0.7517 0.6165 -0.2341
vn -0.9434 0.0550 -0.3270
vn -0.9561 0.0571 -0.2876
vn -0.9440 0.0385 -0.3278
vn -0.1940 0.0155 -0.9809
vn -0.9375 0.3338 0.0983
vn -0.9656 0.1322 0.2240
vn -0.9089 0.4168 0.0119
vn -0.8196 0.5320 -0.2126
vn -0.7540 0.5539 -0.3530
vn -0.9672 0.1094 0.2293
vn -0.9677 0.0260 0.2508
vn -0.7268 0.5785 -0.3703
vn -0.7455 0.5870 -0.3158
vn -0.3048 -0.5437 -0.7820
vn -0.3269 -0.6430 -0.6925
vn -0.3270 -0.6431 -0.6925
vn -0.2210 -0.0478 -0.9741
vn -0.2207 -0.0417 -0.9744
vn -0.2422 -0.2480 -0.9380
vn -0.2820 -0.4531 -0.8457
vn -0.2374 -0.2105 -0.9483
vn -0.2185 0.0118 -0.9758
vn -0.2178 0.0143 -0.9759
vn -0.9862 0.0658 -0.1516
vn -0.9842 0.0359 -0.1733
vn -0.9888 0.0411 -0.1437
vn -0.4236 -0.8979 -0.1196
vn -0.4301 -0.8970 -0.1022
vn -0.4304 -0.8974 -0.0969
vn -0.4310 -0.8990 -0.0782
vn -0.4445 0.2659 0.8554
vn -0.3133 0.9489 0.0377
vn -0.2022 0.9387 0.2793
vn -0.3239 0.9456 0.0295
vn -0.0437 -0.9990 -0.0067
vn -0.9618 0.0702 -0.2645
vn -0.9911 0.0947 -0.0930
vn -0.9971 0.0761 -0.0000
vn -0.4656 0.5814 0.6672
vn -0.4555 0.3533 0.8171
vn -0.7077 -0.2886 -0.6449
vn -0.9955 0.0344 -0.0878
vn -0.9955 0.0342 -0.0878
vn -0.9965 0.0842 -0.0000
vn -0.9964 0.0846 -0.0000
vn 0.0433 0.9990 0.0112
vn -0.9996 0.0271 -0.0000
vn -0.9922 0.0829 -0.0931
vn -0.9904 0.0342 -0.1337
vn -0.9895 0.0485 -0.1362
vn -0.9948 0.0425 -0.0922
vn -0.9893 0.0502 -0.1368
vn -0.0783 0.2516 0.9647
vn -0.0787 0.2457 0.9661
vn -0.9953 0.0317 -0.0914
vn -0.9999 0.0106 -0.0000
vn -0.9952 0.0343 -0.0918
vn -0.9905 0.0350 -0.1327
vn -0.9952 0.0343 -0.0920
vn -0.9952 0.0342 -0.0917
vn -0.9994 0.0344 -0.0000
vn -0.9904 0.0344 -0.1338
vn -0.0802 0.2232 0.9715
vn -0.9904 0.0347 -0.1338
vn -0.9949 0.0416 -0.0916
vn -0.9991 0.0421 -0.0000
vn -0.0791 0.2398 0.9676
vn -0.0787 0.2457 0.9662
vn -0.0433 -0.9990 -0.0112
vn 0.0438 0.9990 0.0059
vn -0.9558 0.0594 -0.2880
vn -0.5267 0.2391 -0.8158
vn -0.5432 0.2425 -0.8038
vn 0.0042 0.0003 -1.0000
vn 0.0017 0.5858 -0.8104
vn 0.0131 0.8228 -0.5682
vn 0.0017 -0.5859 -0.8104
vn 0.0131 -0.8228 -0.5682
vn 0.0133 -0.8264 -0.5629
vn -0.6605 0.5980 -0.4539
vn -0.6846 0.0262 -0.7285
vn -0.8479 0.0457 -0.5282
vn 0.0006 -0.6181 0.7861
vn -0.9999 -0.0154 -0.0000
vn -0.9964 -0.0020 -0.0850
vn -0.7745 0.6239 -0.1046
vn -0.9910 -0.0000 -0.1338
vn -0.9910 0.0001 -0.1338
vn -0.9988 -0.0484 -0.0000
vn -0.0002 0.6484 0.7613
vn -0.0005 0.8831 0.4691
vn -0.0002 0.6314 0.7755
vn -0.9599 -0.2225 -0.1708
vn -0.9676 -0.1247 -0.2195
vn -0.9282 -0.2684 -0.2576
vn -0.9963 0.0043 -0.0858
vn -0.9984 0.0560 -0.0000
vn -0.9964 0.0003 -0.0850
vn 0.0002 0.0756 0.9971
vn -0.0000 0.3487 0.9372
vn 0.0002 0.0736 0.9973
vn -0.0006 0.9924 0.1234
vn -0.0007 1.0000 0.0007
vn -0.0006 0.9893 0.1461
vn 0.0007 -1.0000 -0.0004
vn 0.0007 -1.0000 -0.0000
vn -0.0000 0.3564 0.9343
vn -0.0005 0.8972 0.4417
vn 0.0007 -0.9899 0.1417
vn 0.0007 -1.0000 -0.0003
vn 0.0003 -0.0778 0.9970
vn 0.0003 -0.0777 0.9970
vn 0.0007 -0.9522 0.3055
vn 0.0007 -0.9859 0.1675
vn -0.9775 -0.1693 -0.1259
vn -0.7778 0.6247 -0.0689
vn -0.7170 -0.6792 -0.1569
vn -0.7169 -0.6794 -0.1562
vn -0.9911 -0.0013 -0.1330
vn -0.9770 -0.0019 -0.2134
vn -0.9911 -0.0008 -0.1330
vn -0.9910 -0.0002 -0.1339
vn -0.9958 -0.0013 -0.0914
vn -0.0007 1.0000 0.0008
vn -0.0007 1.0000 -0.0000
vn -0.9511 0.0639 -0.3023
vn 0.0054 0.0006 -1.0000
vn -0.1936 0.0099 -0.9810
vn -0.1982 0.0094 -0.9801
vn 0.7981 -0.0029 -0.6026
vn 0.6072 0.0005 -0.7946
vn -0.9705 0.2401 -0.0231
vn -0.0000 -0.9998 -0.0184
vn 0.0008 -1.0000 -0.0070
vn -0.0009 1.0000 -0.0000
vn -0.0002 0.9967 -0.0808
vn 0.0007 1.0000 -0.0000
vn 0.0012 1.0000 -0.0000
vn 0.0005 1.0000 -0.0000
vn -0.1095 0.3079 -0.9451
vn 0.1402 0.3138 -0.9391
vn -0.1402 0.3138 -0.9391
vn -0.0002 1.0000 -0.0000
vn -0.2968 -0.9549 -0.0000
vn -0.3004 -0.9538 -0.0061
vn -0.3060 -0.9520 -0.0045
vn 0.0677 -0.9977 -0.0000
vn 0.7625 -0.6470 -0.0015
vn 0.6486 -0.7611 -0.0044
vn -0.0025 0.0815 -0.9967
vn 0.1591 0.9873 -0.0000
vn 0.0460 0.9989 -0.0000
vn 0.5026 0.8645 -0.0000
vn 0.5413 0.8408 -0.0000
vn 0.2821 0.9594 -0.0000
vn 0.1594 0.9872 -0.0000
vn 0.4007 0.9162 -0.0000
vn 0.2825 0.9593 -0.0000
vn 0.5021 0.8648 -0.0000
vn 0.4013 0.9160 -0.0000
vn 0.0423 0.1514 -0.9876
vn 0.0515 0.1183 -0.9916
vn 0.0217 0.1949 -0.9806
vn -0.1180 0.3438 -0.9316
vn -0.4251 0.5996 -0.6781
vn -0.0852 0.6493 -0.7558
vn -0.6535 0.7192 -0.2361
vn -0.5240 0.3374 -0.7821
vn -0.8474 0.3508 -0.3985
vn -0.2092 0.9109 -0.3556
vn -0.4686 0.2295 -0.8531
vn -0.7471 0.2004 -0.6338
vn -0.1511 0.2303 -0.9613
vn -0.6825 0.7309 -0.0000
vn -0.3729 0.9279 -0.0000
vn -0.9002 0.4355 -0.0000
vn 0.1561 0.3001 -0.9411
vn 0.2311 0.5571 -0.7976
vn 0.2881 0.5232 -0.8021
vn 0.3910 0.6945 -0.6040
vn 0.1247 0.3193 -0.9394
vn 0.1629 0.5825 -0.7963
vn 0.2199 0.7698 -0.5993
vn 0.3120 0.7354 -0.6015
vn 0.0497 0.3439 -0.9377
vn 0.0886 0.3351 -0.9380
vn 0.0918 0.5995 -0.7951
vn 0.0155 0.3474 -0.9376
vn 0.0269 0.6029 -0.7974
vn 0.1237 0.7911 -0.5990
vn 0.0356 0.7996 -0.5994
vn 0.3719 0.6032 -0.7055
vn 0.1530 0.2707 -0.9504
vn -0.9977 0.0684 -0.0000
vn -0.4488 -0.8936 0.0037
vn -0.4720 -0.8816 -0.0000
vn -0.4445 -0.8958 0.0036
vn -0.0005 0.9999 -0.0134
vn -0.0002 0.9999 -0.0124
vn 0.3788 -0.9254 -0.0108
vn 0.1159 -0.9933 -0.0000
vn 0.1145 -0.9933 -0.0144
vn -0.8642 0.5032 -0.0000
vn -0.4042 -0.9146 0.0088
vn -0.4002 -0.9164 0.0097
vn -0.8843 0.4599 -0.0801
vn -0.1116 0.9938 -0.0000
vn -0.1057 0.9944 -0.0000
vn -0.2088 0.9780 -0.0000
vn -0.0784 0.9955 -0.0532
vn -0.8644 0.5028 -0.0000
vn -0.8644 0.5029 -0.0000
vn 0.6245 0.7810 -0.0000
vn -0.6249 0.7806 -0.0111
vn -0.9901 -0.1406 -0.0000
vn -0.8777 -0.4792 -0.0000
vn -0.9919 0.1271 -0.0000
vn -0.9919 0.1270 -0.0000
vn -0.5604 0.8282 -0.0000
vn -0.0005 0.9999 -0.0140
vn -0.0994 0.9949 -0.0138
vn -0.6984 0.7157 -0.0000
vn -0.0002 0.9999 -0.0127
vn -0.0000 0.9999 -0.0118
vn -0.6248 0.7808 -0.0000
vn -0.0003 0.9993 -0.0386
vn -0.0000 0.3327 -0.9430
vn -0.5511 -0.0747 -0.8311
vn -0.5552 -0.1452 -0.8190
vn -0.5493 -0.0668 -0.8330
vn 0.9624 0.0375 -0.2690
vn 0.9135 0.0426 -0.4045
vn 0.9443 0.0373 -0.3269
vn -0.4295 0.0404 -0.9021
vn -0.4367 0.0296 -0.8991
vn -0.4358 0.0297 -0.8995
vn 0.7168 0.6164 -0.3259
vn 0.3258 0.9305 -0.1673
vn 0.6964 0.6981 -0.1663
vn 0.3299 0.0004 -0.9440
vn 0.6422 -0.0012 -0.7665
vn 0.3333 0.0004 -0.9428
vn 0.9994 0.0079 -0.0334
vn 1.0000 0.0095 -0.0000
vn 1.0000 0.0090 -0.0000
vn 0.8534 0.0426 -0.5196
vn 0.9333 0.0197 -0.3585
vn 0.8536 0.0336 -0.5199
vn 0.1546 0.0013 -0.9880
vn -0.4911 0.0015 -0.8711
vn -0.4399 -0.0002 -0.8980
vn -0.4937 0.0015 -0.8696
vn 0.1462 0.0153 -0.9891
vn 0.3291 0.0001 -0.9443
vn 0.1462 0.0001 -0.9893
vn -0.3844 0.0160 -0.9230
vn -0.3838 0.0161 -0.9233
vn -0.4383 -0.0006 -0.8989
vn 0.3317 0.0372 -0.9427
vn 0.6453 0.0147 -0.7638
vn 0.3291 0.0157 -0.9442
vn 0.8939 0.4451 -0.0525
vn 0.9252 0.3772 0.0415
vn 0.9274 0.3719 0.0401
vn 0.9935 0.0496 -0.1020
vn 0.9669 0.0355 -0.2527
vn 0.9918 0.0139 -0.1271
vn 0.4007 0.2231 -0.8886
vn 0.1620 0.4338 -0.8863
vn 0.3957 0.3969 -0.8282
vn 0.8538 0.0001 -0.5205
vn 0.8560 0.0113 -0.5169
vn 0.3267 0.9451 -0.0000
vn 0.7078 0.7063 -0.0138
vn 0.3155 0.9489 -0.0101
vn 0.4053 0.1478 -0.9021
vn 0.1662 0.1298 -0.9775
vn 0.1675 0.1636 -0.9722
vn 0.7544 0.1505 -0.6389
vn 0.7423 0.2761 -0.6105
vn 0.1080 0.9941 -0.0064
vn 0.3065 0.9505 -0.0512
vn 0.1157 0.9923 -0.0449
vn 0.9697 0.1722 -0.1733
vn 0.8892 0.2793 -0.3624
vn 0.8863 0.3846 -0.2581
vn 0.7274 0.4624 -0.5070
vn 0.3820 0.6470 -0.6599
vn 0.9665 0.1109 -0.2314
vn 0.8956 0.1673 -0.4123
vn 0.1374 0.9785 -0.1536
vn 0.9466 -0.0026 -0.3224
vn 0.6474 0.0461 -0.7607
vn 0.3345 0.0468 -0.9412
vn -0.5529 0.8332 -0.0046
vn -0.5572 0.8304 -0.0000
vn -0.5528 0.8333 -0.0046
vn 0.9669 -0.0477 -0.2508
vn -0.3931 0.4061 -0.8250
vn -0.3939 0.2287 -0.8903
vn -0.3942 0.2285 -0.8902
vn 0.9011 0.0522 -0.4305
vn 0.7253 0.0631 -0.6856
vn 0.7529 0.0817 -0.6531
vn 0.0183 -0.1724 -0.9849
vn 0.2764 -0.1397 -0.9508
vn 0.1985 -0.1393 -0.9701
vn 0.9117 0.3922 -0.1228
vn 0.9794 0.1790 -0.0931
vn 0.1458 0.9112 -0.3853
vn 0.3810 0.8446 -0.3761
vn -0.4231 0.6442 -0.6371
vn -0.3935 0.4057 -0.8250
vn -0.5041 0.8537 -0.1309
vn -0.5483 0.8355 -0.0351
vn -0.5028 0.8544 -0.1314
vn 0.5405 0.8005 -0.2590
vn 0.5739 0.6710 -0.4694
vn 0.5859 0.6205 -0.5212
vn 0.9222 0.3828 -0.0553
vn 0.1490 0.0345 -0.9882
vn 0.1555 0.0449 -0.9868
vn 0.9306 -0.2395 0.2768
vn 0.9217 -0.3400 0.1866
vn 0.9319 -0.2359 0.2755
vn 0.9265 -0.3761 0.0061
vn 0.9241 -0.3818 -0.0176
vn 0.9262 -0.3769 0.0075
vn 0.5892 0.0644 0.8054
vn 0.5921 -0.0848 0.8014
vn 0.5894 -0.0646 0.8052
vn -0.4387 -0.0000 -0.8987
vn 0.9250 0.0010 -0.3800
vn 0.8577 -0.0001 -0.5142
vn -0.4645 0.8169 -0.3419
vn -0.4225 0.6437 -0.6381
vn 0.5965 -0.0713 -0.7994
vn 0.9983 0.0521 -0.0247
vn 0.9946 0.1041 -0.0000
vn 0.9986 0.0521 -0.0000
vn -0.4663 0.8164 -0.3405
vn 0.1566 0.7006 -0.6961
vn 0.9196 0.3926 -0.0160
vn 0.9842 0.1771 -0.0000
vn 0.9861 0.1651 -0.0177
vn 0.9400 0.2047 -0.2729
vn 0.7698 0.5288 -0.3574
vn 0.9427 0.2421 -0.2297
vn 0.9601 0.0807 -0.2676
vn 0.9008 0.0862 -0.4255
vn 0.9174 0.0387 -0.3960
vn 0.7089 -0.0312 -0.7047
vn 0.7913 -0.0055 -0.6115
vn 0.6984 0.7133 -0.0590
vn 0.6469 0.0376 -0.7616
vn 0.1559 0.0584 -0.9860
vn 0.5158 -0.0906 -0.8519
vn 0.8528 -0.0017 -0.5223
vn 0.8518 -0.0000 -0.5239
vn 0.9514 -0.0010 -0.3079
vn 0.6456 -0.0000 -0.7637
vn 0.3291 -0.0000 -0.9443
vn 0.6456 -0.0007 -0.7637
vn 0.1462 -0.0000 -0.9893
vn 0.1462 0.0024 -0.9893
vn -0.4387 -0.0006 -0.8987
vn 0.1120 -0.8257 0.5528
vn 0.1428 -0.8729 0.4666
vn 0.1044 -0.8296 0.5485
vn 0.9860 -0.0000 -0.1665
vn 0.9735 0.0508 -0.2228
vn 0.9848 0.0514 -0.1662
vn 0.9876 -0.0000 -0.1570
vn 0.9863 0.0515 -0.1568
vn 0.2601 -0.0989 -0.9605
vn 0.2589 -0.0827 -0.9624
vn 0.2701 -0.0035 -0.9628
vn 0.9660 0.0451 -0.2546
vn 0.9721 0.0331 -0.2320
vn 0.9947 0.0660 -0.0792
vn 0.9871 0.1531 -0.0467
vn 0.9963 0.0731 -0.0452
vn 0.9976 -0.0000 -0.0691
vn 0.9906 0.0516 -0.1268
vn 0.9963 0.0520 -0.0689
vn 0.9768 0.0042 -0.2142
vn 0.9800 0.0043 -0.1987
vn 0.9825 0.0045 -0.1860
vn 0.6606 0.0506 -0.7490
vn 0.9020 0.0654 -0.4268
vn 0.7591 0.1020 -0.6429
vn 0.8763 0.4812 -0.0246
vn 0.8687 0.4954 -0.0000
vn 0.8684 0.4959 -0.0000
vn 0.5449 -0.7825 -0.3011
vn 0.7494 -0.5418 -0.3806
vn 0.7421 -0.6112 -0.2752
vn 0.9921 0.0526 -0.1143
vn 0.7889 -0.6048 -0.1090
vn 0.9560 -0.2315 -0.1801
vn 0.9664 -0.2217 -0.1299
vn 0.8756 0.4689 -0.1163
vn 0.8753 0.4680 -0.1218
vn 0.8764 0.4666 -0.1190
vn 0.9880 0.0519 -0.1457
vn 0.8116 0.1901 -0.5524
vn 0.6699 0.3903 -0.6316
vn 0.7819 0.3464 -0.5183
vn 0.9866 0.0236 -0.1614
vn 0.9567 0.2849 -0.0602
vn 0.7664 0.6416 -0.0303
vn 0.9566 0.2905 -0.0241
vn 0.9205 -0.3908 -0.0010
vn 0.9192 -0.3938 -0.0000
vn 0.9207 -0.3903 -0.0022
vn 0.9224 -0.3861 -0.0098
vn 0.9241 -0.3818 -0.0175
vn 0.9223 -0.3865 -0.0082
vn 0.9487 0.2689 -0.1663
vn 0.7767 0.6139 -0.1413
vn 0.9546 0.2771 -0.1092
vn 0.7960 -0.6027 -0.0553
vn 0.9747 -0.2124 -0.0699
vn 0.8782 0.4735 -0.0677
vn 0.8756 0.4690 -0.1152
vn 0.3993 0.1168 -0.9093
vn 0.9359 0.1804 -0.3026
vn 0.7834 0.4352 -0.4438
vn 0.5963 0.7575 -0.2659
vn 0.7678 0.5957 -0.2359
vn 0.9969 0.0772 -0.0175
vn 0.9952 0.0978 -0.0000
vn 0.9953 0.0953 -0.0183
vn 0.5325 0.8455 -0.0389
vn 0.5431 0.8365 -0.0720
vn 0.5336 0.8450 -0.0341
vn 0.9408 0.0566 -0.3343
vn 0.9971 0.0762 -0.0000
vn 0.9825 0.1055 -0.1536
vn 0.9779 0.1295 -0.1642
vn 0.9444 -0.2104 -0.2526
vn 0.9466 -0.2305 -0.2254
vn 0.9398 0.3154 0.1319
vn 0.9559 0.0589 -0.2877
vn 0.9606 0.0764 -0.2674
vn 0.9305 -0.1265 -0.3439
vn 0.7646 -0.4347 -0.4759
vn 0.7777 -0.2711 -0.5672
vn -0.3981 0.1520 -0.9047
vn -0.4018 0.1190 -0.9080
vn -0.4138 0.1170 -0.9028
vn 0.9938 0.0460 -0.1010
vn 0.9973 0.0572 -0.0463
vn 0.9972 0.0527 -0.0538
vn 0.9383 0.1133 -0.3267
vn 0.9321 0.0035 0.3622
vn 0.9388 -0.0869 0.3332
vn 0.9276 0.0283 0.3724
vn 0.9385 -0.0999 0.3305
vn 0.9258 -0.3704 0.0759
vn 0.9251 -0.3698 0.0865
vn 0.9218 -0.3455 0.1757
vn 0.7918 -0.6108 -0.0000
vn 0.9778 -0.2080 -0.0255
vn 0.9778 -0.2096 -0.0000
vn 0.8783 0.4739 -0.0639
vn 0.8768 0.4800 -0.0282
vn 0.9877 0.1540 -0.0278
vn 0.9878 0.1555 -0.0000
vn 0.9132 0.4074 -0.0000
vn 0.7150 0.6992 -0.0000
vn 0.9943 0.1041 -0.0246
vn -0.5487 0.8353 -0.0349
vn 0.1076 0.9942 -0.0000
vn 0.8610 0.0465 -0.5065
vn 0.8993 0.0472 -0.4349
vn 0.9253 0.0445 -0.3765
vn 0.9730 0.1744 -0.1509
vn 0.9697 0.1867 -0.1577
vn 0.9781 0.1457 -0.1488
vn 0.9812 0.1422 -0.1302
vn 0.9861 0.1495 -0.0730
vn 0.9955 -0.0225 -0.0918
vn 0.9970 -0.0316 -0.0706
vn 0.9206 0.0712 0.3840
vn 0.9345 0.0705 0.3490
vn 0.9347 0.0696 0.3484
vn 0.9276 0.0568 -0.3693
vn 0.9937 0.0354 -0.1066
vn 0.9979 0.0384 -0.0529
vn 0.5528 0.0605 -0.8311
vn 0.9203 0.0723 0.3844
vn 0.9938 0.0116 -0.1103
vn 0.9396 -0.1856 -0.2876
vn 0.9945 -0.0123 -0.1036
vn 0.6737 -0.7383 0.0334
vn 0.1278 -0.9846 0.1191
vn 0.6866 -0.7252 0.0516
vn 0.9247 0.0393 -0.3787
vn 0.9402 0.1132 0.3212
vn 0.9390 0.2163 0.2674
vn 0.9397 0.1152 0.3221
vn 0.9400 0.2273 0.2544
vn 0.9423 0.2989 0.1510
vn 0.8351 -0.0075 -0.5500
vn 0.7403 -0.0514 -0.6703
vn 0.7509 -0.0201 -0.6601
vn -0.4292 0.0408 -0.9023
vn 0.5856 -0.7961 -0.1526
vn 0.7740 -0.6096 -0.1711
vn 0.4607 -0.8845 -0.0742
vn 0.4564 -0.8867 -0.0737
vn 0.4611 -0.8843 -0.0742
vn 0.9817 0.0517 -0.1832
vn 0.9891 0.0529 -0.1373
vn 0.9765 0.0508 -0.2095
vn 0.9919 -0.0000 -0.1271
vn 0.8902 0.4514 -0.0616
vn 0.0636 -0.9973 0.0354
vn 0.0599 -0.9982 -0.0029
vn 0.0599 -0.9982 -0.0028
vn 0.9796 -0.0533 -0.1936
vn 0.9703 -0.0439 -0.2380
vn 0.9854 -0.0560 -0.1606
vn 0.9946 -0.0039 -0.1036
vn 0.9942 0.0446 -0.0981
vn 0.9947 0.0340 -0.0970
vn 0.9411 0.0442 -0.3353
vn 0.9946 0.0367 -0.0970
vn 0.5102 0.8589 -0.0436
vn 0.7365 0.6708 -0.0869
vn 0.7650 0.6358 -0.1029
vn 0.9908 0.0723 -0.1147
vn 0.8959 0.3931 0.2069
vn 0.6918 0.6771 0.2509
vn 0.8721 0.4793 0.0991
vn 0.5868 0.2665 0.7646
vn 0.8958 0.2851 0.3410
vn 0.9029 0.1208 0.4126
vn 0.9944 0.0314 -0.1007
vn 0.4222 0.9060 -0.0287
vn 0.7356 0.6770 -0.0243
vn 0.7353 0.6755 -0.0544
vn 0.9988 -0.0290 -0.0390
vn 0.8302 -0.0391 -0.5561
vn 0.7338 -0.1162 -0.6694
vn 0.9995 -0.0273 -0.0147
vn 0.5508 0.8346 -0.0000
vn 0.7565 0.6540 -0.0000
vn 0.5991 -0.7993 -0.0467
vn 0.7739 0.6286 -0.0769
vn 0.5756 0.8167 -0.0417
vn 0.5889 0.8033 -0.0890
vn 0.8307 0.0526 -0.5542
vn 0.7240 0.1941 -0.6619
vn 0.6921 -0.2658 -0.6711
vn 0.8189 -0.1083 -0.5637
vn 0.6174 0.6691 -0.4136
vn 0.5840 -0.8118 -0.0000
vn 0.7951 -0.6062 -0.0180
vn 0.5977 0.7865 -0.1558
vn 0.6444 -0.4865 -0.5900
vn 0.9424 0.0147 -0.3340
vn 0.9421 -0.0092 -0.3352
vn 0.6503 0.5399 -0.5344
vn 0.9551 0.2963 -0.0000
vn 0.5834 -0.6684 -0.4614
vn 0.9956 -0.0135 -0.0925
vn 0.9977 0.0254 -0.0630
vn 0.9973 0.0323 -0.0657
vn 0.9990 0.0365 -0.0249
vn 0.9991 0.0336 -0.0254
vn 0.9978 0.0630 -0.0189
vn 0.9983 0.0551 -0.0204
vn 0.9842 0.0330 -0.1739
vn 0.9889 0.0408 -0.1432
vn 0.9883 0.0385 -0.1475
vn 0.9784 -0.0759 -0.1924
vn 0.9711 -0.0542 -0.2323
vn 0.9786 -0.0563 -0.1980
vn 0.9891 -0.0542 -0.1371
vn 0.9916 -0.0412 -0.1223
vn 0.9938 0.0634 -0.0913
vn 0.9992 0.0407 -0.0000
vn 0.9987 0.0500 -0.0000
vn 0.9988 0.0430 -0.0235
vn 0.9719 0.0130 -0.2351
vn 0.9800 0.0247 -0.1973
vn 0.9984 0.0562 -0.0000
vn 0.9989 0.0463 0.0009
vn 0.9977 0.0523 -0.0428
vn 0.9981 0.0582 -0.0194
vn 0.9976 0.0542 -0.0430
vn 0.9978 0.0437 -0.0501
vn 0.9944 0.0591 -0.0879
vn 0.9983 0.0550 -0.0176
vn 0.9984 0.0561 -0.0013
vn 0.9884 0.0617 -0.1386
vn 0.9917 0.0633 -0.1117
vn 0.9898 0.0518 -0.1325
vn 0.4303 0.9026 -0.0142
vn 0.7415 0.6710 -0.0000
vn 0.9997 -0.0250 -0.0000
vn 0.9980 0.0625 -0.0000
vn 0.9056 -0.0940 0.4137
vn 0.6701 -0.0270 0.7418
vn 0.9122 0.0243 0.4090
vn 0.9950 0.0364 -0.0931
vn 0.9953 0.0208 -0.0944
vn 0.4239 0.9048 -0.0402
vn 0.8055 -0.4916 0.3309
vn 0.4506 -0.5696 0.6875
vn 0.8670 -0.2911 0.4044
vn 0.8413 0.5397 -0.0321
vn 0.7667 -0.5980 0.2337
vn 0.3446 -0.7576 0.5543
vn 0.7171 -0.6869 0.1184
vn 0.2465 -0.8830 0.3994
vn 0.5993 -0.2581 0.7578
vn 0.6746 0.7345 0.0743
vn 0.1680 -0.9596 0.2255
vn 0.6560 -0.7545 0.0199
vn 0.0924 -0.9938 0.0623
vn 0.5961 -0.7982 -0.0863
vn 0.9049 0.0744 0.4190
vn 0.9802 0.0134 -0.1973
vn 0.9939 0.0289 -0.1068
vn 0.9945 0.0150 -0.1039
vn 0.6360 -0.7717 -0.0000
vn 0.6485 0.4658 0.6021
vn 0.6768 0.0880 0.7309
vn 0.8969 0.0785 0.4351
vn 0.9390 -0.0452 -0.3409
vn 0.0444 -0.9987 0.0234
vn 0.1631 0.0047 -0.9866
vn 0.9866 0.1032 -0.1266
vn 0.9824 0.1028 -0.1562
vn 0.9997 -0.0000 -0.0247
vn 0.9922 0.1038 -0.0688
vn 0.9808 0.1027 -0.1657
vn 0.8395 0.0274 -0.5426
vn 0.6219 -0.0401 -0.7820
vn 0.9350 0.0814 -0.3452
vn 0.2608 -0.9001 -0.3491
vn 0.3015 -0.9517 -0.0582
vn 0.2625 -0.8920 -0.3680
vn 0.2832 -0.1063 -0.9532
vn 0.0692 -0.1664 -0.9836
vn 0.9520 0.0529 -0.3014
vn 0.9458 0.0510 -0.3208
vn -0.3975 0.1519 -0.9050
vn 0.9699 0.0615 -0.2358
vn 0.9796 0.0575 -0.1928
vn 0.9980 0.0350 -0.0527
vn 0.9656 -0.0011 -0.2602
vn 0.7499 0.0455 -0.6600
vn 0.6459 0.1118 0.7552
vn 0.9844 0.0401 -0.1712
vn 0.9980 -0.0636 -0.0000
vn 0.9971 -0.0720 -0.0235
vn 0.9980 -0.0627 -0.0000
vn 0.9877 0.0452 -0.1495
vn 0.9889 0.0503 -0.1396
vn 0.9921 0.0586 -0.1112
vn 0.9935 0.0776 -0.0835
vn 0.9947 0.0910 -0.0483
vn 0.1669 0.2454 -0.9549
vn 0.9853 0.1106 -0.1303
vn 0.9750 0.1664 -0.1472
vn 0.9702 0.1852 -0.1563
vn 0.9919 0.0737 -0.1036
vn 0.9952 -0.0381 -0.0904
vn 0.9956 -0.0739 -0.0580
vn 0.9974 -0.0647 -0.0330
vn 0.9773 0.0079 -0.2116
vn 0.9938 0.0561 -0.0963
vn 0.9914 0.0403 -0.1247
vn -0.9488 0.0247 -0.3149
vn 0.9778 -0.0095 -0.2093
vn 0.9516 0.0116 -0.3070
vn 0.9756 0.0002 -0.2194
vn 0.9538 -0.0000 -0.3004
vn 0.2892 -0.9571 -0.0156
vn 0.1855 -0.9640 0.1904
vn 0.6102 0.3769 -0.6968
vn 0.5502 0.1297 -0.8249
vn 0.5441 0.1258 -0.8295
vn 0.9863 0.0092 -0.1646
vn 0.9846 0.0089 -0.1745
vn 0.2514 -0.3037 -0.9190
vn 0.9695 0.1015 -0.2229
vn 0.9894 0.0398 -0.1396
vn 0.9839 -0.0224 -0.1771
vn 0.9742 -0.0380 -0.2223
vn 0.5460 0.8378 -0.0000
vn 0.5379 0.8429 -0.0141
vn 0.5461 0.8377 -0.0000
vn 0.6148 0.4182 -0.6687
vn 0.9785 0.0094 -0.2061
vn 0.9766 -0.0096 -0.2149
vn 0.9788 0.0099 -0.2046
vn 0.9755 -0.0119 -0.2196
vn 0.9722 0.0028 -0.2341
vn 0.9786 0.0020 -0.2056
vn 0.0788 -0.9574 0.2777
vn 0.0751 -0.9610 0.2661
vn 0.5362 0.8439 -0.0177
vn 0.9892 0.0497 -0.1375
vn 0.9959 0.0624 -0.0651
vn 0.9928 0.0719 -0.0959
vn 0.9950 0.0573 -0.0819
vn 0.9950 0.0684 -0.0733
vn 0.9976 0.0489 -0.0490
vn 0.9992 0.0304 -0.0276
vn 0.9995 0.0242 -0.0222
vn 0.2431 -0.5893 -0.7705
vn 0.2723 -0.7713 -0.5753
vn 0.2826 -0.7737 -0.5671
vn 0.9948 0.0734 -0.0710
vn 0.9942 0.0671 -0.0844
vn 0.9747 -0.0000 -0.2235
vn 0.2527 -0.5703 -0.7816
vn 0.1544 -0.8685 0.4711
vn 0.1616 -0.9681 0.1913
vn 0.0640 -0.9973 0.0360
vn 0.3814 0.8004 0.4624
vn 0.4421 0.5864 0.6787
vn 0.3707 0.8196 0.4368
vn 0.4485 0.5906 0.6708
vn 0.5671 0.3291 0.7551
vn 0.5480 -0.2109 0.8095
vn 0.5453 -0.5292 0.6500
vn 0.5409 -0.1572 0.8263
vn 0.4868 -0.7839 0.3855
vn 0.5435 -0.5458 0.6378
vn 0.5784 0.3017 0.7579
vn 0.6659 0.1141 0.7373
vn 0.4701 -0.8825 -0.0128
vn 0.4702 -0.8825 -0.0000
vn 0.4708 -0.8821 -0.0153
vn 0.4533 -0.8894 -0.0590
vn 0.4723 -0.8807 -0.0351
vn 0.4535 -0.8894 -0.0579
vn 0.4559 -0.8870 -0.0737
vn 0.4708 -0.8818 -0.0287
vn 0.3213 0.8906 0.3219
vn 0.4638 -0.8802 0.1011
vn 0.4826 -0.7924 0.3731
vn 0.4660 -0.8831 0.0546
vn 0.9997 0.0248 -0.0000
vn 0.0604 -0.9982 -0.0000
vn 0.9823 -0.0018 -0.1875
vn 0.9786 0.0002 -0.2059
vn 0.9756 0.0014 -0.2196
vn 0.9756 -0.0000 -0.2193
vn 0.9756 -0.0000 -0.2194
vn 0.5795 0.2970 0.7589
vn 0.6672 -0.2528 0.7007
vn 0.6597 -0.3558 0.6620
vn 0.9533 0.0021 -0.3019
vn 0.6457 0.0001 -0.7636
vn 0.9756 0.0002 -0.2195
vn 0.9757 0.0003 -0.2192
vn 0.9756 -0.0000 -0.2196
vn 0.9837 0.0001 -0.1798
vn 0.9789 0.0028 -0.2043
vn 0.9758 0.0019 -0.2188
vn 0.9975 0.0088 -0.0694
vn 0.9970 0.0075 -0.0765
vn 0.9716 -0.0390 -0.2335
vn 0.9686 -0.0434 -0.2448
vn -0.8268 0.3397 -0.4483
vn -0.8062 0.3443 -0.4811
vn -0.4617 0.3565 -0.8123
vn -0.4782 0.3576 -0.8022
vn 0.4617 0.3565 -0.8122
vn 0.4781 0.3576 -0.8022
vn 0.8062 0.3443 -0.4811
vn 0.8268 0.3397 -0.4483
vn -0.0034 -0.8444 -0.5357
vn -0.0001 -0.6125 -0.7905
vn -0.0035 -0.8452 -0.5345
vn -0.8639 0.3462 0.3657
vn -0.8267 0.3228 0.4607
vn -0.0206 0.0549 -0.9983
vn -0.0000 -0.9999 -0.0131
vn -0.0000 -0.1052 0.9945
vn 0.9774 -0.2112 -0.0055
vn 0.9719 -0.2242 -0.0720
vn -0.1571 0.1235 -0.9798
vn -0.9135 0.4055 0.0330
vn -0.8294 0.4036 -0.3861
vn -0.3086 -0.9512 -0.0022
vn -0.3078 -0.9514 -0.0065
vn 0.3853 -0.8878 -0.2518
vn 0.7624 -0.6471 -0.0007
vn 0.6467 -0.7281 -0.2275
vn 0.0014 -1.0000 -0.0000
vn 0.0124 -0.9999 -0.0000
vn 0.0339 -0.9994 -0.0000
vn 0.0598 -0.9982 -0.0000
vn 0.0619 -0.9981 -0.0000
vn -0.6777 0.0540 -0.7334
vn -0.6382 0.0489 -0.7683
vn -0.6780 0.0540 -0.7331
vn 0.5919 -0.6737 -0.4424
vn 0.3230 -0.8135 -0.4837
vn -0.0004 0.8286 -0.5598
vn 0.0018 0.7609 -0.6489
vn 0.0018 0.7603 -0.6496
vn 0.0031 -0.0746 0.9972
vn -0.0058 -0.0913 0.9958
vn -0.0000 -0.0742 0.9972
vn -0.0001 0.0535 -0.9986
vn -0.0000 0.0536 -0.9986
vn -0.0001 0.0534 -0.9986
vn -0.0027 0.0555 -0.9985
vn 0.0011 0.0545 -0.9985
vn -0.0021 0.0555 -0.9985
vn -0.0001 0.1550 -0.9879
vn -0.0002 0.1554 -0.9879
vn -0.0002 0.1554 -0.9878
vn -0.3270 -0.3751 -0.8674
vn -0.4995 -0.1115 -0.8591
vn -0.5130 -0.0819 -0.8545
vn -0.5438 0.0434 -0.8381
vn -0.5629 0.0424 -0.8254
vn -0.5630 0.0423 -0.8254
vn -0.0718 0.7466 -0.6614
vn -0.2119 0.6853 -0.6968
vn -0.0412 0.7431 -0.6679
vn 0.5532 0.0522 -0.8314
vn 0.5528 0.0468 -0.8320
vn 0.5520 0.0524 -0.8322
vn -0.0267 0.1178 -0.9927
vn -0.0962 0.0976 -0.9906
vn -0.0973 0.0980 -0.9904
vn 0.7643 -0.4748 -0.4364
vn 0.8825 -0.3950 -0.2553
vn 0.8881 -0.3960 -0.2333
vn -0.3887 0.6021 -0.6974
vn -0.5475 0.4633 -0.6968
vn -0.5652 0.4304 -0.7037
vn -0.1090 -0.4863 -0.8670
vn -0.1019 -0.4880 -0.8668
vn 0.7247 0.0494 -0.6872
vn 0.7260 0.0494 -0.6859
vn 0.5543 0.0465 -0.8310
vn 0.6143 0.0364 -0.7882
vn -0.5947 0.0451 -0.8027
vn -0.5945 0.0451 -0.8028
vn -0.0005 0.0534 -0.9986
vn -0.0002 0.0605 -0.9982
vn -0.0002 0.0561 -0.9984
vn -0.0001 0.1549 -0.9879
vn -0.0000 0.1549 -0.9879
vn -0.0255 0.1176 -0.9927
vn -0.2216 0.6799 -0.6990
vn 0.2769 0.2690 -0.9225
vn 0.4210 0.1699 -0.8910
vn 0.4853 -0.0223 -0.8741
vn 0.2773 0.3906 -0.8778
vn 0.0837 0.4951 -0.8648
vn -0.0045 0.0549 -0.9985
vn 0.0150 0.0815 -0.9966
vn -0.0040 0.0541 -0.9985
vn 0.0003 -0.5777 -0.8163
vn 0.0008 -0.5530 -0.8332
vn 0.0003 -0.5782 -0.8159
vn 0.0031 0.0544 -0.9985
vn 0.0009 0.0544 -0.9985
vn -0.4780 0.0465 -0.8771
vn -0.4789 0.0492 -0.8765
vn -0.4791 0.0497 -0.8764
vn 0.9741 0.0105 -0.2259
vn 0.9909 0.0107 -0.1341
vn 0.9911 0.0108 -0.1328
vn 0.0439 0.1112 -0.9928
vn 0.0012 0.0606 -0.9982
vn -0.6097 0.3248 -0.7230
vn -0.0018 0.0544 -0.9985
vn -0.0002 0.0532 -0.9986
vn -0.0011 0.0545 -0.9985
vn 0.0450 0.1111 -0.9928
vn -0.0413 0.1142 -0.9926
vn -0.0416 0.1132 -0.9927
vn -0.4773 0.0520 -0.8772
vn -0.1306 0.0630 -0.9894
vn -0.1324 0.0628 -0.9892
vn 0.9880 0.0109 -0.1543
vn 0.9767 0.0118 -0.2142
vn 0.9764 0.0118 -0.2155
vn -0.3388 -0.2918 -0.8945
vn -0.9854 0.0124 -0.1698
vn -0.9837 0.0100 -0.1794
vn -0.9852 0.0128 -0.1708
vn 0.0398 0.1141 -0.9927
vn 0.0416 0.1132 -0.9927
vn 0.0012 0.5481 -0.8364
vn 0.0118 0.5978 -0.8016
vn -0.0002 0.5410 -0.8410
vn 0.9905 0.0130 -0.1370
vn 0.0014 0.0618 -0.9981
vn -0.9898 0.0099 -0.1424
vn -0.9900 0.0096 -0.1409
vn 0.6382 0.0489 -0.7683
vn 0.6776 0.0540 -0.7334
vn 0.6779 0.0539 -0.7331
vn -0.2700 0.3135 -0.9104
vn -0.5684 0.1508 -0.8088
vn 0.0363 0.2580 -0.9655
vn -0.5684 0.1434 -0.8102
vn 0.0096 0.5213 -0.8533
vn 0.0143 0.5290 -0.8485
vn 0.0018 0.7574 -0.6529
vn 0.0003 -0.5519 -0.8339
vn 0.0008 -0.5253 -0.8509
vn 0.0003 -0.5524 -0.8336
vn 0.5947 0.0451 -0.8027
vn 0.5945 0.0451 -0.8028
vn 0.0007 -0.5242 -0.8516
vn -0.5223 -0.0607 -0.8506
vn -0.4651 0.0545 -0.8836
vn -0.4766 0.0521 -0.8776
vn 0.0005 -0.5243 -0.8515
vn -0.0961 -0.4895 -0.8667
vn 0.1181 -0.0679 0.9907
vn -0.0002 0.5158 -0.8567
vn 0.0005 0.5127 -0.8586
vn 0.0007 0.5122 -0.8589
vn -0.0871 0.0545 -0.9947
vn 0.0010 0.0544 -0.9985
vn -0.0000 0.0617 -0.9981
vn 0.0533 0.1868 -0.9809
vn -0.9738 0.0330 -0.2249
vn -0.9653 0.0370 -0.2584
vn -0.3238 -0.3772 -0.8677
vn 0.5699 0.0519 -0.8201
vn -0.0336 -0.8109 -0.5842
vn -0.0022 -0.6462 -0.7632
vn -0.0367 -0.8255 -0.5632
vn 0.7759 -0.5524 -0.3046
vn 0.1253 -0.8385 -0.5303
vn 0.0636 -0.8348 -0.5469
vn 0.0003 -0.8214 -0.5704
vn 0.0005 -0.8212 -0.5706
vn -0.8494 0.0440 -0.5259
vn -0.9005 -0.2827 -0.3305
vn -0.9445 -0.1391 -0.2975
vn -0.9701 0.0646 0.2340
vn -0.9565 0.0362 -0.2895
vn -0.9560 0.0364 -0.2912
vn -0.9566 -0.0028 -0.2916
vn -0.4202 -0.8997 -0.1185
vn -0.4173 -0.9011 -0.1178
vn -0.4171 -0.9012 -0.1178
vn -0.7097 -0.6706 -0.2158
vn -0.9561 0.0329 -0.2911
vn -0.7100 -0.6703 -0.2158
vn -0.7571 0.6116 -0.2298
vn -0.6707 0.6063 -0.4272
vn -0.7596 0.6059 -0.2364
vn -0.7593 0.6063 -0.2364
vn -0.9622 0.0490 -0.2680
vn -0.9565 0.0348 -0.2897
vn -0.4233 -0.8981 -0.1195
vn -0.4204 -0.8995 -0.1186
vn -0.7541 0.6155 -0.2292
vn -0.7520 0.6161 -0.2342
vn -0.9547 0.0795 -0.2869
vn 0.0494 0.7792 0.6248
vn 0.0360 0.7827 0.6214
vn -0.6454 -0.4643 -0.6065
vn -0.6512 -0.4610 -0.6028
vn -0.6856 -0.3021 -0.6624
vn -0.1813 0.8747 0.4495
vn -0.9512 0.0545 -0.3037
vn -0.0144 -0.0739 0.9972
vn 0.0178 -0.0707 0.9973
vn -0.0167 -0.0741 0.9971
vn -0.5967 -0.0047 0.8025
vn -0.9472 0.0047 0.3205
vn -0.9496 0.0048 0.3134
vn 0.0086 0.7574 -0.6529
vn 0.1345 0.4641 -0.8755
vn 0.0116 0.4651 -0.8852
vn -0.0128 0.1447 0.9894
vn 0.1433 0.6381 0.7565
vn -0.0098 0.6479 0.7617
vn 0.0129 0.1609 -0.9869
vn 0.1283 -0.1396 -0.9819
vn 0.0129 -0.1397 -0.9901
vn 0.1541 0.9608 0.2303
vn -0.0028 0.9728 0.2316
vn 0.0086 -0.7429 -0.6694
vn 0.1344 -0.4451 -0.8854
vn 0.1446 -0.7393 -0.6577
vn 0.1284 0.1606 -0.9786
vn -0.0129 -0.1659 0.9861
vn 0.1433 -0.6544 0.7424
vn 0.1167 -0.1667 0.9791
vn -0.0029 -0.9777 0.2098
vn 0.1538 -0.9502 -0.2709
vn 0.1540 -0.9658 0.2088
vn -0.0099 -0.6644 0.7473
vn 0.1167 0.1456 0.9824
vn 0.0035 -0.9596 -0.2813
vn 0.1540 0.9560 -0.2496
vn 0.0036 0.9657 -0.2597
vn 0.1447 0.7536 -0.6412
vn 0.9665 0.0974 -0.2375
vn 0.9998 0.0220 -0.0030
vn 0.9757 -0.1158 -0.1862
vn 0.9597 -0.0571 -0.2751
vn 0.7882 -0.0680 -0.6116
vn 0.9564 -0.0175 -0.2914
vn 0.8041 -0.2136 -0.5548
vn 0.4453 -0.1184 -0.8875
vn 0.9757 0.1199 -0.1835
vn 0.8324 0.3532 -0.4270
vn 0.8651 0.4407 -0.2394
vn 0.4994 0.6311 -0.5935
vn 0.5349 0.8016 -0.2671
vn 0.9669 -0.0908 -0.2386
vn 0.8323 -0.3440 -0.4347
vn 0.4651 -0.3754 -0.8017
vn 0.8910 -0.4536 -0.0192
vn 0.8650 -0.4355 -0.2492
vn 0.5533 -0.8241 0.1216
vn 0.5347 -0.7955 -0.2850
vn 0.9564 0.0236 -0.2912
vn 0.7882 0.0810 -0.6101
vn 0.4453 0.1373 -0.8848
vn 0.8911 0.4537 -0.0090
vn 0.9853 0.1210 -0.1202
vn 0.5534 0.8211 0.1401
vn 0.9998 -0.0220 -0.0033
vn 0.8968 0.0811 0.4350
vn 0.8969 -0.0904 0.4329
vn 0.5039 0.1357 0.8530
vn 0.5040 -0.1540 0.8498
vn 0.9959 0.0849 -0.0322
vn 0.9013 0.3153 0.2971
vn 0.5439 0.5613 0.6237
vn 0.9853 -0.1182 -0.1230
vn 0.9013 -0.3217 0.2900
vn 0.5439 -0.5748 0.6114
vn 0.9959 -0.0841 -0.0344
vn 0.4991 -0.6181 -0.6073
vn 0.9592 0.0640 -0.2755
vn 0.8041 0.2254 -0.5501
vn 0.4652 0.3925 -0.7934
vn 0.0116 -0.4458 -0.8950
vn 0.9759 0.0025 -0.2182
vn 0.9766 0.0006 -0.2149
vn 0.9742 -0.0015 -0.2257
vn 0.9757 -0.0000 -0.2193
vn 0.9706 -0.1016 -0.2183
vn 0.9411 0.0007 -0.3381
vn 0.4865 0.8103 -0.3267
vn 0.5112 0.8343 -0.2066
vn 0.5124 0.8376 -0.1896
vn 0.4769 -0.7856 -0.3942
vn 0.1594 -0.7760 -0.6102
vn 0.0701 -0.7020 -0.7087
vn 0.2180 0.7464 -0.6288
vn 0.7416 0.6708 0.0075
vn 0.3511 0.7955 -0.4939
vn 0.5044 -0.8362 -0.2153
vn 0.4953 -0.7643 -0.4130
vn 0.5058 -0.8411 -0.1914
vn 0.5172 -0.8557 -0.0187
vn 0.5268 -0.8252 0.2039
vn 0.5452 -0.7430 0.3882
vn 0.5252 -0.8301 0.1874
vn 0.5070 0.8605 -0.0505
vn 0.5078 0.8606 -0.0398
vn 0.5184 -0.8551 0.0003
vn 0.5291 0.8232 0.2059
vn 0.5322 0.8113 0.2421
vn 0.5663 0.6327 0.5282
vn 0.5683 0.6032 0.5596
vn 0.9204 -0.0001 -0.3910
vn 0.5790 0.4167 0.7008
vn 0.5797 0.4128 0.7025
vn -0.1231 0.0873 -0.9885
vn 0.0350 0.1180 -0.9924
vn 0.6161 -0.3916 -0.6834
vn 0.5255 -0.2725 -0.8060
vn 0.5138 -0.2548 -0.8192
vn 0.5463 -0.7352 0.4014
vn 0.5644 -0.5506 0.6150
vn 0.9754 0.0026 -0.2206
vn 0.9756 0.0033 -0.2193
vn 0.7357 -0.5471 -0.3993
vn 0.6447 -0.4295 -0.6323
vn 0.7742 -0.5921 -0.2238
vn 0.7383 -0.5503 -0.3898
vn 0.7223 0.5892 -0.3621
vn 0.6716 0.6984 -0.2473
vn 0.6676 0.7052 -0.2389
vn 0.7759 -0.5923 -0.2170
vn 0.7941 -0.5952 -0.1231
vn 0.7183 0.4940 -0.4899
vn 0.7265 0.5615 -0.3961
vn 0.6878 0.7209 -0.0849
vn 0.6897 0.7209 -0.0681
vn 0.7065 0.6882 0.1649
vn 0.6837 0.7003 0.2053
vn 0.6242 -0.6615 0.4157
vn 0.6670 -0.6589 0.3478
vn 0.5752 0.6380 0.5120
vn 0.5691 0.6658 0.4825
vn 0.9745 0.0133 -0.2241
vn 0.9757 0.0003 -0.2191
vn 0.7957 -0.5953 -0.1119
vn 0.7803 -0.6246 0.0309
vn 0.9352 0.0023 -0.3540
vn 0.9310 0.0010 -0.3650
vn 0.9251 0.0010 -0.3797
vn 0.9247 0.0013 -0.3806
vn 0.6002 -0.2657 0.7545
vn 0.5998 -0.2836 0.7482
vn 0.5634 -0.5511 0.6155
vn 0.3849 -0.0733 -0.9201
vn 0.4371 -0.1438 -0.8878
vn 0.4664 -0.1851 -0.8650
vn 0.3678 0.0737 -0.9270
vn 0.4169 0.1859 -0.8898
vn 0.3522 0.0405 -0.9351
vn 0.4287 0.2152 -0.8774
vn 0.5159 0.3907 -0.7623
vn 0.5918 0.0828 0.8018
vn 0.5975 0.2364 0.7662
vn 0.5973 0.2519 0.7614
vn 0.7061 0.4651 -0.5339
vn 0.9260 -0.0061 -0.3775
vn 0.9221 -0.0001 -0.3870
vn 0.9246 -0.0013 -0.3809
vn 0.9763 0.0084 -0.2162
vn 0.9780 -0.0003 -0.2088
vn 0.9773 0.0108 -0.2114
vn 0.9757 0.0033 -0.2192
vn 0.9770 0.0130 -0.2128
vn 0.9711 0.0510 -0.2330
vn 0.9527 0.0923 -0.2897
vn 0.9684 0.0407 -0.2462
vn 0.9791 0.0044 -0.2033
vn 0.9765 -0.0270 -0.2138
vn 0.9763 -0.0002 -0.2164
vn 0.9614 -0.0206 -0.2742
vn 0.9583 -0.0931 -0.2701
vn 0.9223 -0.0022 -0.3865
vn 0.9220 -0.0001 -0.3872
vn 0.9317 -0.0092 -0.3632
vn 0.9222 -0.0020 -0.3866
vn 0.9214 0.0015 -0.3886
vn 0.9195 0.0098 -0.3930
vn 0.9284 0.0528 -0.3678
vn 0.9285 0.0559 -0.3672
vn 0.9497 0.1135 -0.2920
vn 0.9751 0.0083 -0.2217
vn 0.9304 -0.0544 -0.3625
vn 0.5766 0.2342 0.7827
vn 0.8041 -0.5945 0.0048
vn 0.4915 0.8002 -0.3435
vn 0.6431 -0.7627 0.0687
vn 0.6954 -0.6603 0.2837
vn 0.6771 0.0821 0.7313
vn 0.9857 0.0317 -0.1653
vn 0.9775 0.0478 -0.2056
vn 0.3527 -0.0325 -0.9352
vn 0.9930 0.0054 -0.1184
vn 0.9798 -0.0131 -0.1995
vn 0.9685 -0.0102 -0.2487
vn 0.4973 0.0049 -0.8676
vn 0.9823 0.0112 -0.1869
vn 0.9728 -0.0239 -0.2303
vn 0.9905 0.0274 -0.1351
vn 0.9854 0.0005 -0.1704
vn 0.9864 0.0399 -0.1592
vn 0.9882 0.0652 -0.1389
vn 0.9873 0.0660 -0.1446
vn 0.9861 0.0590 -0.1553
vn 0.9838 -0.0679 -0.1659
vn 0.9780 -0.0817 -0.1921
vn 0.9644 -0.0295 -0.2628
vn 0.9917 0.0067 -0.1284
vn 0.5376 0.8388 -0.0857
vn 0.5406 0.8369 -0.0863
vn 0.5410 0.8366 -0.0864
vn 0.9878 0.0071 -0.1555
vn 0.9948 0.0107 -0.1011
vn 0.9904 0.0101 -0.1382
vn 0.9876 0.0090 -0.1566
vn 0.9874 0.0086 -0.1580
vn 0.5371 0.8392 -0.0857
vn 0.5391 0.8133 -0.2188
vn 0.5951 -0.8036 -0.0147
vn 0.0009 0.0953 -0.9954
vn 0.0003 0.4390 -0.8985
vn 0.0052 0.3279 -0.9447
vn -0.0001 0.9884 -0.1516
vn 0.0043 0.3072 -0.9516
vn -0.0000 -0.0659 0.9978
vn 0.9907 0.0977 -0.0945
vn 0.9948 0.1001 -0.0188
vn 0.9960 0.0890 -0.0000
vn 0.9961 0.0883 -0.0000
vn 0.9933 0.1053 -0.0484
vn 0.9934 0.1050 -0.0467
vn 0.9910 0.0925 -0.0969
vn 0.9947 0.1006 -0.0193
vn 0.9863 0.0385 -0.1602
vn 0.9976 0.0176 -0.0669
vn 0.9991 0.0327 -0.0268
vn 0.9976 0.0144 -0.0674
vn 0.9869 -0.0596 -0.1499
vn 0.9919 -0.0359 -0.1215
vn 0.9849 -0.0701 -0.1582
vn 0.9929 -0.0258 -0.1157
vn 0.9779 -0.0820 -0.1925
vn 0.9752 -0.0783 -0.2071
vn 0.9762 -0.0808 -0.2012
vn 0.9698 -0.0495 -0.2388
vn 0.9683 -0.0513 -0.2446
vn 0.9798 -0.0796 -0.1832
vn 0.9778 -0.0809 -0.1934
vn 0.9988 0.0484 -0.0000
vn 0.9739 0.0099 -0.2269
vn 0.9828 0.0307 -0.1820
vn 0.9808 -0.0761 -0.1794
vn 0.9681 -0.0161 -0.2499
vn 0.9674 -0.0207 -0.2524
vn 0.0002 -1.0000 0.0042
vn 0.0003 -1.0000 0.0048
vn 0.0002 -1.0000 0.0028
vn -0.0000 -1.0000 0.0050
vn -0.0000 -1.0000 0.0044
vn 1.0000 0.0005 -0.0000
vn 0.4628 -0.0116 -0.8864
vn 0.6604 -0.0097 -0.7509
vn 0.4592 -0.0116 -0.8883
vn 0.9938 -0.0004 -0.1112
vn -0.0000 0.9999 -0.0134
vn -0.0001 0.9995 -0.0314
vn -0.0001 0.9995 -0.0315
vn -0.0001 0.9986 -0.0530
vn -0.0002 0.9973 -0.0736
vn -0.0002 0.9973 -0.0739
vn -0.0002 0.9986 -0.0530
vn -1.0000 -0.0005 -0.0000
vn -0.9938 -0.0013 -0.1112
vn 0.1160 -0.0132 -0.9932
vn 0.1155 -0.0132 -0.9932
vn -0.9752 -0.0030 -0.2214
vn -0.9943 -0.0011 -0.1064
vn 0.0001 -1.0000 0.0043
vn 0.0001 -1.0000 0.0046
vn 0.0002 -1.0000 0.0041
vn 0.0002 -1.0000 0.0048
vn -0.0002 0.9966 -0.0826
vn -0.0004 0.9972 -0.0744
vn -0.6604 -0.0103 -0.7509
vn -0.0000 -0.0133 -0.9999
vn -0.1160 -0.0133 -0.9932
vn -0.2293 -0.0131 -0.9733
vn -0.1155 -0.0133 -0.9932
vn 0.9752 -0.0021 -0.2215
vn 0.9751 -0.0025 -0.2216
vn 0.2280 0.9723 -0.0518
vn 0.4668 0.8766 -0.1173
vn 0.2274 0.9687 -0.0993
vn 0.4558 0.8888 -0.0473
vn 0.8377 0.5303 -0.1307
vn 0.9560 0.2929 -0.0158
vn 0.9484 0.2895 -0.1296
vn 0.2278 0.9728 -0.0412
vn 0.4573 0.8892 -0.0119
vn 0.4428 0.8958 -0.0376
vn 0.6595 0.7516 -0.0101
vn 0.6553 0.7554 0.0009
vn 0.9572 0.2876 -0.0337
vn 0.9563 0.2924 -0.0039
vn 0.9563 0.2924 -0.0066
vn -0.2281 0.9727 -0.0419
vn -0.4575 0.8891 -0.0125
vn -0.2290 0.9733 -0.0136
vn -0.4569 0.8891 -0.0283
vn -0.6599 0.7513 -0.0106
vn -0.9607 0.2774 0.0108
vn -0.9566 0.2915 -0.0041
vn -0.2284 0.9722 -0.0523
vn -0.4563 0.8886 -0.0478
vn -0.6470 0.7612 -0.0445
vn -0.9563 0.2920 -0.0160
vn -0.9565 0.2916 -0.0067
vn -0.4673 0.8762 -0.1178
vn -0.8381 0.5296 -0.1310
vn -0.6586 0.7515 -0.0397
vn -0.9486 0.2886 -0.1298
vn -0.9563 0.2921 -0.0153
vn 0.2289 0.9734 -0.0131
vn 0.4576 0.8892 -0.0000
vn 0.6596 0.7516 -0.0000
vn 0.9563 0.2923 -0.0039
vn 0.9563 0.2924 -0.0000
vn -0.9566 0.2915 -0.0000
vn -0.6599 0.7514 -0.0000
vn -0.4578 0.8890 -0.0000
vn -0.1930 0.9609 -0.1986
vn -0.2244 0.8307 -0.5095
vn -0.4165 0.8513 -0.3191
vn -0.3890 0.4758 -0.7889
vn -0.7263 0.5034 -0.4681
vn -0.6268 0.2593 -0.7348
vn -0.1067 0.9496 -0.2948
vn -0.0572 0.8263 -0.5603
vn -0.0982 0.4655 -0.8796
vn -0.1097 0.2432 -0.9637
vn -0.4337 0.2580 -0.8634
vn 0.1061 0.9498 -0.2943
vn 0.0566 0.8266 -0.5600
vn 0.0283 0.9440 -0.3287
vn 0.2240 0.8311 -0.5091
vn 0.0979 0.4658 -0.8795
vn 0.3888 0.4763 -0.7887
vn 0.1096 0.2434 -0.9637
vn 0.1925 0.9611 -0.1980
vn 0.4160 0.8517 -0.3187
vn 0.6266 0.2599 -0.7347
vn 0.4336 0.2584 -0.8632
vn 0.7260 0.5041 -0.4678
vn -0.0001 0.2407 -0.9706
vn -0.0002 0.4707 -0.8823
vn -0.0003 0.8328 -0.5535
vn -0.0289 0.9438 -0.3291
vn -0.0003 0.9429 -0.3330
vn -0.9306 0.2812 -0.2343
vn -0.0000 0.9999 -0.0140
vn -0.0001 0.9995 -0.0317
vn -0.0001 0.9986 -0.0532
vn -0.0002 0.9972 -0.0742
vn -0.0000 0.9999 -0.0138
vn -0.0001 0.9998 -0.0207
vn -0.0002 0.9986 -0.0534
vn -0.0002 0.9973 -0.0738
vn -0.0002 0.9986 -0.0535
vn -0.0001 0.9995 -0.0320
vn -0.0001 0.9999 -0.0138
vn -0.0003 0.9966 -0.0824
vn -0.0003 0.9972 -0.0742
vn -0.0002 0.9966 -0.0821
vn -0.0002 0.9966 -0.0824
vn -0.0004 0.9966 -0.0826
vn -0.0002 0.9991 -0.0430
vn -0.0002 0.9986 -0.0533
vn -0.0001 0.8328 -0.5535
vn -0.0001 0.4707 -0.8823
vn -0.0000 0.2407 -0.9706
vn -0.0002 0.9430 -0.3329
vn 0.9560 0.2930 -0.0152
vn 0.6581 0.7519 -0.0393
vn -0.5986 -0.0000 0.8010
vn -0.6362 -0.0545 0.7696
vn -0.6369 -0.0611 0.7685
vn -0.4416 0.0526 0.8957
vn -0.1183 0.0892 0.9890
vn -0.3640 0.1159 0.9242
vn -0.8902 -0.4539 0.0389
vn -0.7398 -0.6726 0.0173
vn -0.4966 -0.8669 0.0430
vn -0.2772 0.4721 0.8368
vn -0.0308 0.3697 0.9286
vn -0.0521 0.4583 0.8873
vn 0.0007 0.0527 0.9986
vn -0.1343 0.0514 0.9896
vn 0.0001 0.0168 0.9999
vn -0.3077 0.4607 0.8325
vn -0.5328 0.4226 0.7332
vn -0.4243 0.3255 0.8450
vn -0.0079 0.0202 0.9998
vn -0.0005 0.0085 1.0000
vn -0.0000 -0.0000 1.0000
vn -0.0000 0.0160 0.9999
vn -0.0000 -0.0789 0.9969
vn -0.0019 -0.0817 0.9967
vn -0.5513 -0.0767 0.8308
vn -0.5507 -0.0689 0.8318
vn -0.5553 -0.1458 0.8188
vn -0.5519 -0.0767 0.8303
vn -0.5513 -0.0689 0.8314
vn -0.5559 -0.1457 0.8184
vn 0.5553 -0.1458 0.8188
vn 0.5506 -0.0672 0.8321
vn 0.5512 -0.0749 0.8310
vn -0.5507 -0.0689 0.8319
vn 0.5552 -0.1458 0.8188
vn 0.5507 -0.0689 0.8319
vn 0.5512 -0.0767 0.8308
vn -0.5545 -0.1347 0.8212
vn 0.5513 -0.0767 0.8308
vn 0.5538 -0.1085 0.8256
vn 0.5505 -0.0519 0.8332
vn 0.5508 -0.0562 0.8327
vn 0.5555 -0.1577 0.8164
vn 0.5511 -0.0741 0.8312
vn 0.5517 -0.0835 0.8299
vn -0.5437 -0.0000 0.8393
vn -0.0020 -0.0968 0.9953
vn 0.0020 -0.0968 0.9953
vn -0.6837 0.0341 0.7289
vn -0.8220 0.0130 0.5693
vn -0.8494 0.0440 0.5259
vn -0.6489 0.0497 0.7593
vn 0.5460 0.0001 0.8378
vn -0.9997 0.0251 0.0051
vn -0.9999 0.0166 0.0037
vn -0.9997 0.0239 0.0053
vn 0.9998 -0.0184 0.0032
vn 0.9998 -0.0172 0.0027
vn 0.9997 -0.0249 0.0015
vn 0.8929 -0.4484 0.0405
vn 0.9022 -0.4307 0.0219
vn 0.9734 -0.2285 0.0148
vn 0.7398 -0.6726 0.0173
vn -0.0000 -0.9992 0.0410
vn -0.2041 -0.9788 0.0170
vn -0.0000 -0.9998 0.0209
vn -0.9729 -0.2311 0.0108
vn -0.9022 -0.4307 0.0219
vn -0.9998 -0.0211 -0.0073
vn -0.9998 -0.0148 -0.0094
vn -0.9997 -0.0245 -0.0085
vn 0.9999 0.0164 0.0043
vn 0.9997 0.0250 0.0060
vn 0.9997 0.0236 0.0062
vn 0.9997 0.0236 0.0061
vn -0.9997 0.0250 0.0060
vn -0.9999 0.0164 0.0043
vn -0.9997 0.0236 0.0062
vn 0.9998 -0.0183 0.0022
vn 0.9999 -0.0171 0.0019
vn 0.9997 -0.0251 0.0010
vn 0.8926 -0.4498 0.0291
vn 0.9025 -0.4305 0.0154
vn 0.9739 -0.2268 0.0094
vn 0.7384 -0.6743 0.0110
vn -0.0000 -0.9996 0.0298
vn -0.2061 -0.9785 0.0106
vn -0.0000 -0.9999 0.0146
vn -0.8926 -0.4498 0.0291
vn -0.9739 -0.2268 0.0094
vn -0.9025 -0.4305 0.0154
vn -0.9999 -0.0171 0.0019
vn -0.9998 -0.0183 0.0022
vn -0.9997 -0.0251 0.0010
vn -0.0171 -0.9999 0.0008
vn -0.0085 -1.0000 0.0014
vn -0.0009 -1.0000 0.0009
vn -0.7588 -0.0034 0.6513
vn -0.7981 -0.0029 0.6025
vn -0.7561 -0.0032 0.6544
vn 0.0034 -1.0000 0.0032
vn 0.0168 -0.9999 0.0015
vn 0.0016 -1.0000 0.0013
vn 0.0279 -0.9996 0.0003
vn -0.0279 -0.9996 -0.0001
vn 0.0159 -0.9999 0.0009
vn 0.0279 -0.9996 -0.0001
vn 0.0039 -1.0000 0.0009
vn -0.0294 -0.9996 -0.0001
vn -0.0169 -0.9999 0.0002
vn -0.0085 -1.0000 -0.0002
vn -0.0066 0.0055 1.0000
vn 0.6293 -0.1117 0.7691
vn -0.6505 -0.1090 0.7517
vn -0.6453 -0.0595 0.7616
vn -0.6461 -0.0491 0.7617
vn 0.6368 -0.0611 0.7686
vn 0.6400 -0.1159 0.7596
vn 0.6361 -0.0545 0.7697
vn -0.6400 -0.1159 0.7595
vn 1.0000 0.0003 -0.0020
vn -0.0096 -1.0000 0.0013
vn -0.0000 -1.0000 0.0034
vn 0.9988 0.0042 -0.0486
vn 0.9980 0.0085 -0.0627
vn 0.9990 0.0033 -0.0439
vn 0.0009 0.0566 0.9984
vn -0.0046 0.0573 0.9983
vn -0.0049 0.0592 0.9982
vn 0.0002 0.0346 0.9994
vn -0.0088 0.0579 0.9983
vn -0.0036 0.0438 0.9990
vn -0.8668 0.3457 -0.3594
vn -0.8774 0.3887 -0.2812
vn -0.8687 0.4121 -0.2749
vn 1.0000 -0.0000 -0.0018
vn 1.0000 -0.0001 -0.0012
vn 1.0000 -0.0000 -0.0019
vn -0.5295 0.5448 0.6503
vn 0.5295 0.5449 0.6502
vn 0.5343 -0.4897 0.6890
vn 0.6381 0.0239 0.7696
vn 0.6381 -0.0029 0.7700
vn 0.6373 0.0484 0.7691
vn 0.6265 -0.0012 0.7794
vn 0.6264 -0.0058 0.7795
vn 0.6264 -0.0100 0.7795
vn -0.6263 -0.0057 0.7795
vn -0.6264 -0.0011 0.7795
vn -0.6263 -0.0100 0.7795
vn -0.6380 -0.0029 0.7700
vn -0.6380 0.0239 0.7697
vn -0.6373 0.0484 0.7691
vn -0.5340 -0.4899 0.6891
vn 0.0014 -0.3778 0.9259
vn 0.0356 -0.3864 0.9216
vn 0.0594 -0.3950 0.9168
vn -0.8267 0.4943 0.2688
vn -0.7657 0.4633 0.4462
vn -0.8297 0.4875 0.2720
vn -0.8620 0.4904 0.1280
vn -0.7521 0.5420 0.3751
vn -0.7620 0.4948 0.4177
vn -0.0000 -1.0000 0.0051
vn -0.0000 -1.0000 0.0052
vn 0.0002 -0.0933 -0.9956
vn 0.0002 -0.0941 -0.9956
vn 0.0002 -1.0000 0.0071
vn -0.9351 0.2849 0.2108
vn -0.9332 0.3154 0.1723
vn -0.9275 0.3161 0.1996
vn -0.9481 0.2937 0.1215
vn -0.9406 0.3014 0.1564
vn -0.9562 0.1887 0.2237
vn -0.0005 1.0000 -0.0008
vn -0.0007 1.0000 -0.0011
vn -0.0002 1.0000 -0.0031
vn -1.0000 -0.0001 -0.0009
vn -1.0000 -0.0000 -0.0011
vn -1.0000 -0.0001 -0.0011
vn 0.0254 -0.9997 -0.0003
vn 0.0274 -0.9996 -0.0039
vn 0.0155 -0.9997 0.0171
vn -0.0000 -0.9990 0.0441
vn -0.0000 -1.0000 0.0065
vn 0.0008 -1.0000 0.0070
vn 0.0816 -0.9952 -0.0537
vn -0.0000 -0.4654 0.8851
vn -0.0000 -0.4640 0.8858
vn -0.0000 -0.4651 0.8852
vn -0.2790 0.6607 0.6969
vn -0.5063 0.7672 0.3938
vn -0.5433 0.5860 0.6013
vn -0.1920 0.9687 0.1576
vn -0.5310 0.8310 0.1659
vn 0.2061 -0.9785 0.0106
vn 0.4972 -0.8671 0.0318
vn -0.0000 0.0136 0.9999
vn -0.0000 0.0068 1.0000
vn -0.1981 0.9798 0.0256
vn -0.5409 0.8383 0.0684
vn -0.1954 0.9795 0.0501
vn -0.0008 -0.2911 0.9567
vn -0.0014 -0.1516 0.9884
vn -0.0019 -0.2915 0.9566
vn -0.0000 -0.0895 0.9960
vn 0.0012 -0.0870 0.9962
vn -0.0000 0.0137 0.9999
vn -0.9565 -0.0036 0.2916
vn -0.8234 -0.1531 0.5464
vn -0.8299 -0.0196 0.5576
vn -0.0012 -0.1740 0.9847
vn -0.0016 -0.0865 0.9963
vn -0.0000 -0.0896 0.9960
vn -0.0000 -0.1177 -0.9930
vn -0.0000 -0.1348 -0.9909
vn -0.1789 0.8899 0.4196
vn -0.0510 0.6896 0.7224
vn -0.0019 0.9164 0.4003
vn -0.0002 0.9900 0.1408
vn -0.9557 -0.0016 0.2942
vn -0.9792 -0.0003 0.2029
vn -0.9561 -0.0024 0.2931
vn -0.6281 -0.4798 0.6126
vn -0.7018 -0.2655 0.6611
vn -0.7076 -0.2886 0.6450
vn -0.8504 -0.4620 0.2516
vn -0.7990 -0.4684 0.3770
vn -0.8512 -0.4616 0.2497
vn -0.0000 -0.0002 1.0000
vn -0.0001 0.0004 1.0000
vn -0.5153 0.0380 0.8562
vn -0.1916 0.0282 0.9811
vn -0.8286 0.0005 0.5599
vn -0.0806 -0.1637 0.9832
vn -0.2653 -0.1094 0.9579
vn -0.3255 -0.1635 0.9313
vn -0.9999 0.0003 0.0161
vn -1.0000 -0.0000 0.0003
vn -0.9999 0.0003 0.0165
vn 0.6464 0.0005 0.7630
vn 0.6463 0.0008 0.7631
vn 0.6466 0.0004 0.7628
vn -0.0043 0.7080 0.7062
vn -0.0056 0.4429 0.8966
vn -0.0000 0.0324 0.9995
vn -0.0000 0.0162 0.9999
vn -0.0000 0.0323 0.9995
vn -0.0000 -0.0995 0.9950
vn -0.0000 -0.1958 0.9806
vn -0.0000 -0.0993 0.9951
vn -0.0007 0.9993 0.0367
vn -0.0000 0.9899 0.1417
vn -0.0007 0.9999 0.0143
vn -0.0001 0.9993 0.0365
vn -0.0066 -0.1641 0.9864
vn -0.0106 -0.1666 0.9860
vn -0.3911 0.2378 0.8891
vn -0.5403 0.3026 0.7851
vn 0.3163 0.4573 0.8311
vn 0.1068 0.5673 0.8165
vn 0.3250 0.4528 0.8303
vn -0.1316 0.7453 0.6536
vn -0.1024 0.5759 0.8111
vn -0.1022 0.5751 0.8117
vn -0.8635 0.4988 0.0749
vn 0.4431 0.1962 0.8747
vn 0.2669 0.0068 0.9637
vn 0.4495 0.1904 0.8727
vn 0.0022 -0.0834 0.9965
vn 0.0082 -0.1686 0.9856
vn -0.8323 0.2933 -0.4704
vn -0.8301 0.3302 -0.4493
vn -0.7968 0.3118 -0.5176
vn 0.0100 -0.1936 0.9810
vn 0.0140 -0.1953 0.9806
vn -0.1431 -0.6974 0.7023
vn -0.3676 -0.7159 0.5936
vn -0.1333 -0.6949 0.7066
vn 0.0052 0.1139 -0.9935
vn 0.0105 0.1154 -0.9933
vn 0.0145 0.1166 -0.9931
vn 0.0003 -0.9999 0.0109
vn -0.0000 -0.9999 0.0155
vn 0.0011 0.0023 1.0000
vn 0.9923 -0.1227 0.0156
vn -0.8307 0.1947 -0.5215
vn -0.8498 0.3068 -0.4287
vn -0.7776 0.6247 0.0720
vn -0.7630 0.6245 0.1669
vn -0.7538 0.6159 0.2291
vn -0.7541 0.6155 0.2292
vn -0.0687 -0.0882 0.9937
vn 0.0016 -0.5833 0.8123
vn -0.6251 0.7800 0.0289
vn -0.6248 0.7730 0.1105
vn -0.6247 0.7730 0.1105
vn -0.6264 0.3440 0.6995
vn -0.6954 0.2340 0.6794
vn -0.6246 0.3448 0.7007
vn -0.6248 0.7205 0.3010
vn 0.6373 0.0057 0.7706
vn 0.5976 0.0079 0.8018
vn 0.6378 0.0057 0.7702
vn -0.6246 0.7206 0.3011
vn -0.6249 0.5541 0.5500
vn -0.6247 0.5542 0.5501
vn -0.6388 0.0051 0.7693
vn -0.5710 0.0062 0.8209
vn -0.5691 0.0061 0.8223
vn -0.0000 0.5526 0.8334
vn -0.0000 0.5526 0.8335
vn -0.5407 0.0129 0.8411
vn -0.6080 0.0303 0.7934
vn -0.6096 0.0304 0.7921
vn -0.5549 0.0137 0.8318
vn -0.6438 0.0327 0.7645
vn -0.6465 0.0329 0.7622
vn 0.6073 0.0304 0.7939
vn 0.5539 0.0136 0.8325
vn 0.6090 0.0305 0.7926
vn 0.6240 0.7809 0.0289
vn 0.6246 0.7731 0.1105
vn 0.6245 0.7731 0.1105
vn 0.6248 0.7204 0.3010
vn -0.0000 -0.1015 0.9948
vn -0.0242 -0.5259 0.8502
vn -0.0247 -0.5352 0.8444
vn 0.5526 -0.0000 0.8335
vn -0.5531 0.0001 0.8331
vn -0.5525 0.0001 0.8335
vn 0.5524 0.0001 0.8336
vn -0.7778 0.6247 0.0688
vn -0.9852 -0.0982 0.1402
vn -0.9910 -0.0000 0.1339
vn -0.9910 -0.0004 0.1342
vn 0.5526 -0.0000 0.8334
vn 0.5549 0.0137 0.8318
vn 0.5526 0.0135 0.8334
vn -0.0000 0.1441 -0.9896
vn -0.0251 0.5785 0.8153
vn -0.0248 0.5695 0.8216
vn -0.0000 -0.5526 0.8335
vn -0.5078 -0.1308 0.8515
vn -0.2242 -0.0191 0.9743
vn -0.5397 -0.0313 0.8413
vn 0.5525 -0.0000 0.8335
vn -0.9927 0.0754 0.0936
vn -0.9947 0.0446 0.0922
vn -0.5621 0.1596 0.8115
vn -0.3272 0.1691 0.9297
vn -0.5118 0.2457 0.8232
vn -0.5406 0.5155 0.6649
vn -0.6576 0.5464 0.5187
vn -0.6460 0.6598 0.3839
vn -0.6821 0.7276 0.0735
vn -0.5484 0.8352 0.0415
vn -0.6893 0.7230 0.0468
vn -0.9661 0.2242 0.1277
vn -0.9022 0.4114 -0.1298
vn -0.8973 0.4183 -0.1409
vn -0.9351 0.3544 -0.0081
vn -0.9674 0.2524 0.0220
vn -0.9306 0.3660 -0.0115
vn -0.8972 0.4405 -0.0307
vn -0.9134 0.4058 -0.0330
vn -0.8947 0.4454 -0.0338
vn -0.9158 0.4010 -0.0230
vn -0.9341 0.3559 0.0276
vn -0.9779 0.1646 0.1288
vn -0.9780 0.1703 0.1202
vn -0.9902 0.1337 0.0416
vn -0.9884 0.1395 0.0598
vn -0.9884 0.1397 0.0599
vn -0.0002 0.0533 0.9986
vn -0.8025 0.5781 0.1479
vn -0.8340 0.5487 -0.0585
vn -0.8292 0.5566 -0.0503
vn -0.8005 0.5767 0.1633
vn -0.7650 0.6236 0.1611
vn -0.7641 0.6247 0.1609
vn -0.7072 0.7071 -0.0017
vn -0.7075 0.7067 -0.0017
vn -0.7071 0.7071 -0.0017
vn -0.8748 0.2818 -0.3940
vn -0.8803 0.2269 -0.4166
vn -0.9839 0.1509 0.0954
vn -0.9768 0.1317 0.1688
vn -0.9841 0.1510 0.0938
vn -0.5716 -0.2843 0.7697
vn -0.3184 -0.1172 0.9407
vn -0.3136 -0.1418 0.9389
vn -0.6570 -0.5227 0.5432
vn -0.5997 -0.3144 0.7359
vn -0.0707 0.2556 0.9642
vn -0.0741 0.2556 0.9639
vn -0.0669 0.2556 0.9645
vn -0.7278 -0.6787 0.0983
vn -0.7309 -0.6794 0.0648
vn -0.7309 -0.6794 0.0646
vn 0.0002 -0.0022 1.0000
vn -0.0009 -0.0029 1.0000
vn 0.0002 -0.1494 0.9888
vn -0.0015 -0.1520 0.9884
vn 0.0015 -0.1520 0.9884
vn 0.0008 -0.2918 0.9565
vn 0.0019 -0.2921 0.9564
vn 0.0009 -0.0029 1.0000
vn -0.0002 -0.1494 0.9888
vn -0.0002 -0.0022 1.0000
vn -0.0001 -0.0016 1.0000
vn 0.0008 -0.0022 1.0000
vn 0.0002 -0.1490 0.9888
vn -0.0008 -0.2918 0.9565
vn -0.9964 0.0853 0.0005
vn 0.4966 -0.8669 0.0430
vn -0.9913 -0.1310 0.0086
vn -0.9964 -0.0846 -0.0084
vn 0.9964 0.0853 0.0005
vn 0.9964 0.0854 -0.0000
vn 0.6169 0.0151 0.7869
vn 0.5538 0.0058 0.8326
vn 0.6184 0.0152 0.7857
vn 0.9920 -0.1257 0.0117
vn -0.4972 -0.8671 0.0318
vn -0.9920 -0.1256 0.0117
vn 0.0002 -1.0000 0.0008
vn -0.0000 -1.0000 0.0011
vn -0.0062 -1.0000 0.0006
vn -0.8778 -0.4773 0.0403
vn -0.8758 -0.4763 0.0784
vn -0.8759 -0.4761 0.0783
vn 0.0002 -1.0000 0.0002
vn -0.0003 0.0009 1.0000
vn -0.0000 0.0002 1.0000
vn -0.0000 0.0001 1.0000
vn -0.0000 0.0004 1.0000
vn 0.0001 0.0001 1.0000
vn -0.0896 0.0915 0.9918
vn -0.5976 0.0079 0.8017
vn -0.6373 0.0057 0.7706
vn -0.6378 0.0057 0.7702
vn 0.8908 -0.4544 0.0004
vn 0.9352 -0.3541 -0.0081
vn 0.9427 -0.3328 -0.0234
vn 0.5541 0.0624 0.8301
vn 0.6252 0.0607 0.7781
vn 0.6258 0.0606 0.7776
vn -0.9045 0.2375 0.3541
vn -0.9234 0.1448 0.3554
vn -0.9235 0.1374 0.3582
vn -0.0861 0.9958 0.0302
vn -0.0993 0.9950 0.0138
vn -0.0861 0.9958 0.0306
vn -0.7689 0.4592 0.4448
vn -0.7996 0.5033 0.3276
vn -0.8037 0.4982 0.3253
vn -0.9910 -0.0018 0.1336
vn -0.9963 -0.0039 0.0857
vn -0.9964 -0.0020 0.0850
vn -0.0000 0.7099 0.7043
vn -0.0000 0.4418 0.8971
vn -0.0000 0.4415 0.8973
vn -0.0245 -0.0889 -0.9957
vn -0.0141 -0.0755 -0.9970
vn -0.0275 -0.0878 -0.9958
vn -0.0002 0.6170 0.7870
vn 0.0004 0.5904 0.8071
vn -0.0002 0.6175 0.7866
vn -0.0000 0.0138 -0.9999
vn -0.0004 0.6429 0.7660
vn -0.0001 0.6811 0.7322
vn -0.0001 0.6813 0.7320
vn -0.0000 -0.4644 0.8856
vn -0.0000 -0.4656 0.8850
vn -0.0000 0.8310 0.5563
vn -0.0000 0.8299 0.5578
vn 0.7072 -0.7071 -0.0000
vn -0.0000 -0.4639 0.8859
vn -0.0000 -0.4640 0.8859
vn 0.2588 -0.1051 0.9602
vn 0.3668 -0.2813 0.8867
vn 0.2553 -0.0913 0.9625
vn -0.4250 0.2426 0.8721
vn -0.5735 0.3231 0.7528
vn -0.0000 0.9760 0.2178
vn -0.0000 0.9822 0.1878
vn -0.0100 0.0275 0.9996
vn -0.0012 0.0134 0.9999
vn -0.0000 0.0161 0.9999
vn -0.5458 -0.0000 0.8379
vn -0.5526 0.0001 0.8335
vn -0.2092 0.1468 0.9668
vn -0.0030 0.3359 0.9419
vn 0.6263 0.3441 0.6996
vn 0.6952 0.2341 0.6796
vn 0.6974 0.2332 0.6777
vn 0.6246 0.7206 0.3010
vn 0.6249 0.5541 0.5501
vn -0.5526 -0.0000 0.8335
vn 0.0229 -0.5274 0.8493
vn -0.0000 -0.0987 0.9951
vn 0.5978 -0.0000 0.8017
vn -0.6135 0.0305 0.7891
vn -0.5541 0.0135 0.8323
vn -0.5526 0.0134 0.8333
vn -0.7692 0.6189 0.1589
vn -0.7822 0.6189 0.0724
vn -0.7694 0.6186 0.1589
vn 0.5541 0.0444 0.8313
vn 0.6072 0.0231 0.7942
vn 0.6089 0.0229 0.7929
vn 0.6242 0.7812 0.0111
vn 0.0004 0.5892 0.8080
vn 0.0004 0.5894 0.8078
vn 0.6438 0.0327 0.7645
vn 0.6466 0.0329 0.7621
vn -0.0000 -0.5525 0.8335
vn 0.5501 0.0036 0.8351
vn -0.0000 -0.5526 0.8334
vn -0.7776 -0.6247 0.0720
vn -0.7646 -0.6247 0.1588
vn -0.7646 -0.6247 0.1586
vn -0.5525 -0.0000 0.8335
vn 0.0267 0.5801 0.8141
vn -0.0000 0.1401 -0.9901
vn -0.0000 0.5527 0.8334
vn -0.1873 0.4334 0.8815
vn -0.4528 0.4843 0.7486
vn -0.0004 -1.0000 0.0017
vn -0.9895 -0.1406 0.0340
vn -0.9889 -0.1412 0.0455
vn 0.2846 -0.2519 -0.9250
vn 0.2585 -0.1897 -0.9472
vn 0.2862 -0.2531 -0.9241
vn -0.8492 0.5093 0.1395
vn -0.8523 0.5047 0.1371
vn 0.6304 0.0001 0.7763
vn 0.8268 0.0065 0.5624
vn 0.6262 -0.0000 0.7797
vn 0.2041 -0.9788 0.0170
vn -0.8274 0.4835 0.2859
vn -0.7792 0.4929 0.3872
vn -0.7773 0.4962 0.3867
vn -0.9475 0.0039 0.3197
vn -0.9476 0.0076 0.3195
vn -0.7384 -0.6743 0.0110
vn 0.0041 0.2507 0.9680
vn 0.0028 0.1879 0.9822
vn 0.0037 0.1614 0.9869
vn 0.0010 -0.1365 0.9906
vn 0.0003 -0.2634 0.9647
vn 0.0013 -0.2637 0.9646
vn 0.0001 0.9226 0.3857
vn -0.5650 0.0158 0.8249
vn -0.6174 0.0115 0.7866
vn -0.5635 0.0159 0.8259
vn -1.0000 -0.0002 -0.0020
vn -1.0000 -0.0002 -0.0019
vn 0.6388 0.0051 0.7694
vn 0.5710 0.0062 0.8209
vn 0.6381 0.0052 0.7700
vn 0.1159 -0.6459 0.7545
vn 0.1003 -0.5546 0.8260
vn 0.1003 -0.5542 0.8263
vn -0.0000 -0.0256 0.9997
vn -0.0000 -0.0503 0.9987
vn -0.0000 0.8318 0.5550
vn -0.0000 0.8321 0.5546
vn -0.0000 -0.4641 0.8858
vn 0.0001 -0.6183 0.7860
vn -0.0002 -0.5790 0.8153
vn 0.0001 -0.6185 0.7858
vn 0.0001 -0.5790 0.8153
vn 0.0001 -0.5793 0.8151
vn -0.5529 0.0468 0.8319
vn -0.5541 0.0522 0.8308
vn -0.5545 0.0465 0.8309
vn -0.5548 0.0621 0.8297
vn -0.7246 0.0505 0.6873
vn -0.7258 0.0504 0.6860
vn 0.7203 0.0651 0.6906
vn 0.5538 0.0670 0.8299
vn 0.7214 0.0651 0.6894
vn 0.7243 0.0523 0.6875
vn 0.7256 0.0522 0.6862
vn -0.5552 0.0622 0.8294
vn -0.6323 0.0606 0.7724
vn -0.5536 0.0621 0.8304
vn 0.5542 0.0622 0.8300
vn 0.6317 0.0611 0.7728
vn 0.6321 0.0611 0.7724
vn 1.0000 -0.0001 -0.0017
vn 1.0000 -0.0002 -0.0019
vn 1.0000 -0.0001 -0.0020
vn -0.6682 0.0585 0.7417
vn -0.5531 0.0619 0.8308
vn 0.7242 0.0511 0.6877
vn 0.7254 0.0510 0.6864
vn -0.0722 0.9825 0.1718
vn -0.0782 0.9955 0.0533
vn -0.0784 0.9955 0.0532
vn -0.1523 0.1653 0.9744
vn -0.1483 0.2569 0.9550
vn -0.1526 0.1637 0.9746
vn -0.1016 0.9948 0.0100
vn -0.0635 0.8979 0.4355
vn -0.0720 0.9810 0.1803
vn -0.1461 0.2686 0.9521
vn -0.1850 0.4779 0.8587
vn -0.7286 -0.6103 0.3109
vn -0.7281 -0.6100 0.3126
vn 0.0027 0.0045 -1.0000
vn -0.0179 0.0007 -0.9998
vn -0.0210 0.0002 -0.9998
vn -0.7963 0.4790 0.3695
vn -0.8211 0.4076 0.3997
vn -0.7947 0.4811 0.3702
vn -0.7681 0.5053 0.3933
vn -0.7684 0.5051 0.3929
vn -0.7692 0.4596 0.4439
vn -0.8635 0.4994 0.0702
vn -0.8637 0.4991 0.0701
vn -0.8641 0.5012 0.0467
vn -0.9373 0.0547 0.3443
vn -0.9357 0.0682 0.3462
vn -0.8604 0.3563 0.3643
vn -0.8594 0.3575 0.3656
vn -0.9954 -0.0764 0.0584
vn -0.9988 0.0488 0.0072
vn -0.9955 -0.0755 0.0578
vn -0.9900 -0.1376 0.0302
vn -0.7791 0.6093 0.1474
vn -0.7783 0.6088 0.1537
vn -0.8270 0.5608 -0.0397
vn -0.8307 0.5523 -0.0696
vn -0.8473 0.4539 -0.2759
vn -0.8722 0.3026 -0.3844
vn -0.2653 0.0691 0.9617
vn -0.8571 0.3126 -0.4093
vn -1.0000 -0.0001 -0.0017
vn -0.1950 0.9808 -0.0043
vn -0.1950 0.9808 -0.0078
vn -0.1951 0.9808 -0.0087
vn -0.0006 1.0000 -0.0028
vn -0.0002 1.0000 -0.0085
vn -0.0001 1.0000 -0.0083
vn -0.0000 -0.9999 0.0150
vn -0.0000 -0.9999 0.0151
vn 0.0011 -1.0000 0.0041
vn -0.1096 0.6962 0.7094
vn -0.1811 0.4979 0.8481
vn -0.1105 0.7033 0.7023
vn -0.0004 1.0000 -0.0045
vn -0.0002 1.0000 -0.0014
vn -1.0000 -0.0001 -0.0010
vn -0.0000 -0.9999 0.0157
vn -0.0000 -0.9998 0.0184
vn -0.0000 -0.9978 -0.0661
vn -0.0000 -0.9999 0.0153
vn -0.7821 0.6189 0.0724
vn 0.0004 0.6181 0.7861
vn -0.0002 0.6425 0.7663
vn 0.0004 0.6179 0.7863
vn -0.6370 0.0006 0.7709
vn -0.6370 0.0005 0.7709
vn -0.0001 0.6424 0.7664
vn -0.0001 0.6422 0.7665
vn 0.5543 0.0621 0.8300
vn 0.6682 0.0585 0.7417
vn 0.6688 0.0584 0.7411
vn -0.0212 0.0586 0.9981
vn 0.0222 0.0582 0.9981
vn 0.0208 0.0583 0.9981
vn -0.0081 0.0691 0.9976
vn -0.0225 0.0584 0.9980
vn 0.0076 0.0692 0.9976
vn 0.0190 0.0571 0.9982
vn 0.0167 0.0540 0.9984
vn -0.0415 0.1126 0.9928
vn -0.0001 0.0682 0.9977
vn -0.0416 0.1112 0.9929
vn 0.0447 0.1123 0.9927
vn -0.0458 0.1118 0.9927
vn -0.0214 0.0548 0.9983
vn -0.7254 0.0530 0.6863
vn -0.6262 0.0589 0.7774
vn -0.6256 0.0589 0.7779
vn -0.0460 0.1175 0.9920
vn 0.0373 0.1257 0.9914
vn -0.0436 0.1176 0.9921
vn -0.0209 0.0576 0.9981
vn 0.0220 0.0572 0.9981
vn 0.0206 0.0573 0.9981
vn 0.0077 0.0695 0.9976
vn -0.0001 0.0686 0.9976
vn 0.0411 0.1148 0.9925
vn 0.0452 0.1154 0.9923
vn -0.0081 0.0693 0.9976
vn -0.0223 0.0575 0.9981
vn -0.0417 0.1145 0.9926
vn -0.0001 0.0684 0.9977
vn 0.0410 0.1129 0.9928
vn 0.0077 0.0693 0.9976
vn 0.0451 0.1135 0.9925
vn -0.0021 -0.0262 0.9997
vn 0.0041 -0.0232 0.9997
vn 0.0021 -0.0262 0.9997
vn -0.0000 0.8312 0.5560
vn 0.0407 0.1117 0.9929
vn -0.6212 0.4717 0.6258
vn 0.5540 0.0136 0.8324
vn 0.6135 0.0306 0.7891
vn 0.5526 0.0134 0.8334
vn -0.0000 0.9999 0.0150
vn -0.0002 -1.0000 0.0020
vn -0.8298 0.4037 0.3853
vn -0.8294 0.4037 0.3861
vn 0.1787 -0.2911 0.9399
vn 0.3555 -0.2949 0.8870
vn 0.1412 -0.3107 0.9400
vn -0.2624 0.0733 0.9622
vn -0.1611 0.1173 0.9799
vn -0.9140 0.4048 -0.0289
vn -0.9140 0.4048 -0.0290
vn -0.7133 -0.0128 0.7007
vn 0.0001 -0.5795 0.8150
vn 0.0001 -0.5794 0.8150
vn -0.0001 0.6423 0.7665
vn -0.0001 0.6425 0.7663
vn -0.0000 0.7070 0.7072
vn -0.0000 0.7071 0.7071
vn -0.0000 0.7072 0.7070
vn -0.6354 0.0006 0.7722
vn -0.6369 -0.0001 0.7709
vn -0.6355 0.0005 0.7721
vn 0.6369 -0.0001 0.7709
vn 0.6354 0.0006 0.7722
vn 0.6355 0.0005 0.7721
vn -0.7130 -0.0136 0.7010
vn -0.5993 -0.0143 0.8004
vn -0.7138 -0.0136 0.7002
vn -0.0034 0.8444 0.5357
vn -0.0001 0.6124 0.7905
vn -0.0035 0.8452 0.5345
vn -0.0000 0.6079 0.7940
vn -0.7070 -0.7072 0.0017
vn -0.7065 -0.7077 0.0017
vn 0.0001 -0.6124 0.7905
vn 0.0034 -0.8444 0.5357
vn -0.0000 -0.6079 0.7940
vn -0.0055 -0.0089 0.9999
vn -0.0041 -0.0232 0.9997
vn 0.0055 -0.0089 0.9999
vn 0.0080 -0.0123 0.9999
vn -0.0080 -0.0123 0.9999
vn 1.0000 -0.0000 0.0003
vn 0.9999 0.0003 0.0161
vn 0.9999 0.0003 0.0165
vn -0.0000 0.8117 0.5841
vn -0.0001 0.9825 0.1860
vn 0.9726 0.0002 -0.2324
vn 0.9689 0.0034 -0.2476
vn -0.0760 0.9962 0.0421
vn -0.7248 0.0494 0.6872
vn -0.5529 0.0524 0.8316
vn 0.0063 -0.1925 0.9813
vn 0.0019 -0.0961 0.9954
vn -0.0000 -0.0931 0.9957
vn 0.6074 0.0300 0.7938
vn 0.5539 0.0135 0.8325
vn 0.6090 0.0301 0.7926
vn 0.5526 0.0134 0.8333
vn -0.5532 -0.0000 0.8331
vn -0.5684 0.0144 0.8227
vn -0.9924 -0.0719 0.0996
vn -0.9958 -0.0013 0.0914
vn -0.8565 0.3450 -0.3839
vn -0.2674 0.0980 -0.9586
vn -0.4472 0.0491 -0.8931
vn -0.6147 -0.0035 -0.7887
vn -0.0871 0.9957 0.0304
vn -0.0948 0.9955 -0.0000
vn -0.8837 0.4605 0.0831
vn -0.8362 0.4999 0.2253
vn -0.1272 0.9918 0.0073
vn -0.1386 0.9903 0.0084
vn -0.1209 0.9927 0.0039
vn 0.7245 0.0505 0.6874
vn 0.7257 0.0504 0.6861
vn -0.8852 0.4630 0.0455
vn -0.8625 0.5041 0.0451
vn -0.8623 0.5043 0.0467
vn -0.8630 0.5031 0.0467
vn -0.8636 0.5042 -0.0000
vn -0.4282 0.0534 0.9021
vn -0.9458 0.0260 0.3238
vn -0.9488 0.0247 0.3148
vn -0.9957 -0.0000 0.0922
vn -0.6274 -0.6634 0.4078
vn -0.7135 -0.6663 0.2166
vn -0.7135 -0.6663 0.2165
vn -0.9572 0.2701 0.1042
vn 0.9572 0.2701 0.1042
vn -0.7250 0.0516 0.6868
vn -0.7263 0.0515 0.6855
vn -0.7812 0.2924 -0.5516
vn -0.8224 0.3005 -0.4830
vn 0.6183 -0.0000 0.7859
vn -0.6143 0.0364 0.7882
vn 0.7131 -0.0128 0.7009
vn 0.7134 -0.0128 0.7007
vn 0.7561 -0.0032 0.6544
vn 0.7588 -0.0034 0.6513
vn -0.0004 -0.1341 0.9910
vn -0.0000 0.0007 1.0000
vn -0.0000 -1.0000 0.0007
vn 0.0008 -1.0000 0.0001
vn -0.0000 -0.8620 0.5068
vn 0.9011 -0.0000 0.4337
vn -0.0000 0.8620 0.5068
vn -0.9804 -0.0000 0.1969
vn -0.9987 0.0512 0.0077
vn -0.9418 0.2855 -0.1773
vn -0.1529 0.1558 0.9759
vn -0.1529 0.1557 0.9759
vn -0.0000 -0.0795 -0.9968
vn -0.0000 0.0758 0.9971
vn -0.5878 -0.0000 -0.8090
vn -0.0000 0.0629 0.9980
vn 0.5878 -0.0000 -0.8090
vn -0.8082 -0.2619 0.5274
vn -0.5914 -0.1906 0.7835
vn -0.9511 -0.0000 0.3090
vn -0.8479 0.4613 -0.2612
vn -0.0458 0.1151 0.9923
vn -0.9792 -0.0000 0.2028
vn 0.5480 0.0002 0.8365
vn 0.5482 0.0002 0.8364
vn 0.9696 -0.2403 0.0466
vn 0.9696 -0.2320 0.0776
vn -0.1622 0.5564 0.8149
vn 0.0015 0.5801 0.8146
vn 0.0017 0.5858 0.8104
vn -0.8722 0.0036 -0.4892
vn -0.8531 0.0070 -0.5217
vn -0.8521 0.0072 -0.5233
vn 0.0007 0.0060 -1.0000
vn 0.0051 0.0068 -1.0000
vn 0.0058 0.0070 -1.0000
vn -0.0108 -0.1937 0.9810
vn -0.9490 0.3001 0.0969
vn 1.0000 -0.0002 -0.0020
vn -0.0409 -0.9991 0.0093
vn -0.0000 -0.9999 0.0141
vn -0.0456 0.1132 0.9925
vn -0.0000 -0.0880 -0.9961
vn 0.1992 -0.1562 -0.9674
vn 0.1226 -0.1114 -0.9862
vn 0.1956 -0.1743 -0.9651
vn -0.0124 -0.0761 -0.9970
vn -0.0122 -0.0589 -0.9982
vn 0.0001 -0.0949 -0.9955
vn 0.8541 0.0069 -0.5200
vn -0.0000 -0.0943 -0.9955
vn -0.0000 0.0322 0.9995
vn -0.0000 0.0321 0.9995
vn -0.9527 0.2912 0.0873
vn -0.9560 0.2935 -0.0000
vn -1.0000 -0.0001 -0.0001
vn -0.0007 0.9967 0.0814
vn -0.0000 0.0325 0.9995
vn -0.1950 0.9808 -0.0039
vn -0.7559 -0.5786 0.3063
vn -1.0000 -0.0000 -0.0023
vn -0.9904 -0.1343 0.0320
vn -0.0649 0.8893 0.4527
vn -0.0000 -0.0927 -0.9957
vn 0.7130 -0.0136 0.7010
vn 0.5992 -0.0143 0.8004
vn 0.5988 -0.0143 0.8008
vn 0.0014 0.0349 0.9994
vn 0.0035 0.0354 0.9994
vn 0.0008 0.0348 0.9994
vn 0.0014 0.0359 -0.9994
vn 0.0036 0.0364 -0.9993
vn 0.0046 0.0366 -0.9993
vn 0.0024 0.0531 0.9986
vn 0.0049 0.0538 0.9985
vn 0.0011 0.0527 0.9986
vn 0.0043 0.0946 0.9955
vn 0.0087 0.0959 0.9954
vn 0.0020 0.0939 0.9956
vn 0.9511 -0.0000 0.3090
vn 0.9510 -0.0000 0.3090
vn 0.0010 -0.1748 0.9846
vn 0.0033 -0.1698 0.9855
vn -0.9510 -0.0000 0.3091
vn -0.0000 0.0014 1.0000
vn 0.6245 0.3448 0.7008
vn -0.6187 -0.0000 0.7856
vn -0.6078 0.0005 0.7941
vn -0.0001 -0.9999 0.0144
vn -0.0000 -0.4472 0.8944
vn -0.0062 0.0545 0.9985
vn -0.3837 -0.7153 0.5840
vn -0.8633 0.5026 0.0447
vn -0.0000 0.9227 0.3854
vn -0.0000 0.7104 0.7038
vn -0.0000 0.9228 0.3853
vn -0.0003 0.9992 0.0394
vn -0.0002 0.9891 0.1474
vn -0.0003 0.9992 0.0401
vn -0.0000 0.9893 0.1461
vn 0.8291 0.3940 0.3966
vn 0.8128 0.2660 0.5182
vn 0.8075 0.2489 0.5347
vn 0.7755 0.6309 0.0214
vn 0.7770 0.6288 0.0288
vn -0.0003 0.9991 0.0417
vn -0.0000 0.4401 0.8980
vn -0.0000 0.4407 0.8977
vn -0.8291 0.3940 0.3966
vn -0.8199 0.5236 0.2313
vn -0.8166 0.5383 0.2083
vn -0.7895 0.6087 0.0793
vn -0.7772 0.6285 0.0288
vn -0.7758 0.6306 0.0214
vn -0.7944 0.5992 0.0996
vn 0.7895 0.6087 0.0793
vn 0.7944 0.5992 0.0996
vn 0.8166 0.5383 0.2083
vn -0.0000 0.8317 0.5552
vn -0.0000 0.8316 0.5554
vn -0.0001 0.3320 0.9433
vn -0.0000 0.4410 0.8975
vn 0.8200 0.5236 0.2313
vn -0.8128 0.2659 0.5182
vn -0.8075 0.2489 0.5348
vn -0.7093 0.2446 0.6611
vn 0.7108 0.2439 0.6598
vn -0.0001 0.9886 0.1508
vn -0.0000 0.9890 0.1476
vn -0.0000 0.9229 0.3851
vn -0.0000 0.7108 0.7034
vn -0.0001 0.3308 0.9437
vn -0.0000 0.9227 0.3856
vn -0.0000 0.7100 0.7042
vn -0.0000 0.9227 0.3855
vn -0.0003 0.9993 0.0385
vn -0.0002 0.9895 0.1445
vn -0.0003 0.9993 0.0386
vn -0.0001 0.3338 0.9426
vn -0.0000 0.3333 0.9428
vn -0.9437 -0.1503 0.2947
vn -0.9005 -0.2827 0.3305
vn 0.0017 0.0366 0.9993
vn -0.0002 0.0449 0.9990
vn -0.0029 0.0361 0.9993
vn -0.0000 -0.1951 0.9808
vn -0.0000 -0.0990 0.9951
vn -0.0000 -0.0980 0.9952
vn -0.0009 0.0383 0.9993
vn -0.0002 0.0337 0.9994
vn -0.0006 0.0332 0.9995
vn -0.0002 0.0339 0.9994
vn -0.0098 0.1172 0.9931
vn -0.0204 0.1201 0.9926
vn -0.0363 0.1683 0.9851
vn -0.0110 0.1640 0.9864
vn -0.0023 0.0347 0.9994
vn -0.0001 0.0470 0.9989
vn 0.5553 -0.1452 0.8189
vn 0.5512 -0.0686 0.8316
vn 0.5514 -0.0764 0.8307
vn -0.5506 -0.0694 0.8319
vn -0.5502 -0.0631 0.8327
vn -0.5546 -0.1328 0.8215
vn -0.5476 -0.0138 0.8367
vn -0.5517 0.1418 0.8219
vn -0.5521 0.1189 0.8252
vn -0.0006 -0.5785 0.8157
vn 0.1051 -0.4834 0.8691
vn 0.1254 -0.4738 0.8717
vn -0.0058 0.0924 0.9957
vn -0.0008 0.0481 0.9988
vn -0.0000 0.4393 0.8983
vn 0.6915 0.0667 0.7193
vn 0.9436 0.0310 0.3296
vn 0.6789 0.0909 0.7285
vn 0.5616 0.0008 0.8274
vn 0.5788 0.0008 0.8155
vn 0.5607 0.0008 0.8280
vn 0.0007 -1.0000 0.0001
vn 0.0007 -1.0000 0.0005
vn 0.2571 -0.0863 0.9625
vn 0.5257 -0.1550 0.8365
vn 0.2366 -0.0763 0.9686
vn 0.5780 0.0275 0.8156
vn 0.5446 0.0295 0.8382
vn 0.5436 0.0296 0.8388
vn 0.5789 -0.0000 0.8154
vn 0.5334 -0.0013 0.8458
vn 0.5793 -0.0000 0.8151
vn 0.2903 -0.2415 0.9259
vn -0.2244 0.2712 0.9360
vn -0.1281 0.5534 0.8230
vn -0.2238 0.2617 0.9388
vn -0.0002 0.0327 0.9995
vn -0.5972 -0.1120 0.7942
vn -0.5477 -0.0154 0.8365
vn 0.0002 0.0428 0.9991
vn -0.0001 0.0449 0.9990
vn -0.0053 0.1200 0.9928
vn -0.0080 0.0781 0.9969
vn -0.0075 0.0780 0.9969
vn -0.0000 0.0330 0.9995
vn 0.6251 0.2831 0.7274
vn 0.5522 0.1493 0.8202
vn 0.5516 0.1464 0.8211
vn -0.2824 -0.3884 0.8771
vn -0.1022 -0.3807 0.9190
vn -0.2728 -0.3875 0.8806
vn -0.5308 0.2448 0.8113
vn -0.2533 0.1680 0.9527
vn -0.5428 0.2519 0.8012
vn 0.4965 0.5573 0.6655
vn 0.6175 0.3197 0.7187
vn 0.0920 0.7360 0.6707
vn 0.2446 0.7119 0.6583
vn 0.0726 0.7364 0.6726
vn -0.1563 0.5602 0.8134
vn -0.0010 0.6416 0.7670
vn 0.6664 0.5305 0.5239
vn 0.6490 0.3503 0.6753
vn 0.6669 0.5307 0.5231
vn 0.6506 0.7506 0.1155
vn 0.6592 0.6941 0.2893
vn 0.6504 0.7508 0.1153
vn 0.6418 0.7669 0.0043
vn 0.6429 0.7653 0.0322
vn 0.6430 0.7652 0.0323
vn 0.5925 0.0529 0.8039
vn 0.5829 0.0366 0.8117
vn 0.5828 0.0364 0.8118
vn 0.5788 0.0277 0.8150
vn 0.6634 0.1911 0.7234
vn 0.6555 0.3187 0.6847
vn 0.6643 0.1802 0.7254
vn 0.6594 0.6937 0.2899
vn 0.1552 0.0777 0.9848
vn 0.3404 0.0569 0.9386
vn 0.3497 0.0759 0.9338
vn -0.0020 -0.4958 0.8684
vn -0.0000 -0.5393 0.8421
vn -0.0020 -0.4950 0.8689
vn -0.0000 0.5556 0.8314
vn -0.0000 0.5551 0.8318
vn -0.0020 0.5121 0.8589
vn -0.0020 0.5113 0.8594
vn -0.0010 0.0652 0.9979
vn -0.0003 0.0657 0.9978
vn 0.0007 -1.0000 0.0009
vn 0.0026 -1.0000 0.0017
vn -0.0000 -0.5398 0.8418
vn -0.0014 0.8306 0.5568
vn -0.0006 0.0676 0.9977
vn -0.5184 -0.3293 0.7892
vn -0.6043 -0.2058 0.7697
vn 0.6683 0.1230 0.7337
vn 0.6684 0.1230 0.7336
vn -0.5661 0.0312 0.8238
vn -0.6080 0.0265 0.7935
vn -0.5646 0.0314 0.8248
vn 0.2654 -0.2751 0.9241
vn -0.6072 0.0231 0.7942
vn -0.5564 0.0403 0.8300
vn -0.6089 0.0229 0.7929
vn 0.5476 -0.0245 0.8364
vn 0.5486 -0.0085 0.8361
vn -0.5483 0.0002 0.8363
vn -0.5525 0.0002 0.8335
vn -0.5526 0.0002 0.8335
vn -0.0000 0.9885 0.1515
vn -0.0000 -1.0000 0.0014
vn -0.5526 -0.0000 0.8334
vn 0.5792 0.0008 0.8152
vn -0.0000 0.4400 0.8980
vn -0.0001 0.9885 0.1514
vn -0.0003 0.9991 0.0419
vn -0.0004 1.0000 0.0055
vn -0.0004 0.9991 0.0418
vn -0.0004 0.9991 0.0420
vn -0.0860 -0.3783 0.9217
vn -0.0003 0.0788 0.9969
vn -0.0009 0.0788 0.9969
vn -0.0060 0.0816 0.9966
vn 0.9434 0.0314 0.3303
vn 0.5854 0.0535 0.8090
vn -0.5484 0.0675 0.8335
vn -0.7203 0.0651 0.6906
vn -0.7215 0.0650 0.6894
vn -0.6801 0.0557 0.7310
vn -0.5484 0.0673 0.8335
vn -0.6800 0.0542 0.7312
vn 0.5369 -0.1619 0.8279
vn 0.5525 0.0001 0.8335
vn 0.5526 0.0001 0.8335
vn -0.4629 -0.8856 -0.0376
vn -0.3232 -0.9448 0.0534
vn -0.3898 -0.9168 0.0863
vn -0.4519 0.8590 -0.2406
vn -0.6230 0.6833 -0.3808
vn -0.4978 0.8440 -0.1997
vn -0.9682 0.0753 0.2387
vn -0.8946 0.0245 0.4463
vn -0.8947 0.0760 0.4402
vn -0.7298 0.0754 0.6795
vn -0.4528 0.3681 0.8121
vn -0.7300 0.2276 0.6444
vn -0.6581 0.1921 -0.7280
vn -0.7117 0.4493 -0.5400
vn -0.6388 0.4783 -0.6026
vn -0.9110 -0.0517 -0.4092
vn -0.7382 0.1610 -0.6551
vn -0.7373 -0.0676 -0.6721
vn 0.5069 0.8620 -0.0019
vn 0.4360 0.8958 -0.0858
vn 0.5299 0.8476 0.0269
vn -0.9593 -0.1115 0.2596
vn -0.9237 -0.1667 0.3449
vn -0.8969 -0.0628 0.4377
vn -0.9183 0.1996 0.3420
vn -0.9339 0.2004 0.2960
vn -0.8929 0.1760 0.4144
vn 0.9465 0.2170 -0.2388
vn 0.9629 0.1822 -0.1991
vn 0.9473 0.2157 -0.2370
vn 0.7703 0.2122 0.6014
vn 0.7696 0.4005 0.4973
vn 0.7670 0.4208 0.4844
vn -0.6680 -0.2236 -0.7098
vn -0.7325 -0.4190 -0.5366
vn -0.7475 -0.2015 -0.6330
vn -0.0362 0.1921 0.9807
vn -0.1973 0.4497 0.8711
vn -0.1437 0.1611 0.9764
vn 0.8857 0.0331 -0.4631
vn 0.8880 0.0662 -0.4550
vn 0.8888 0.0739 -0.4523
vn -0.1916 0.8590 0.4748
vn -0.2317 0.6837 0.6921
vn -0.1552 0.7062 0.6908
vn -0.9960 0.0749 -0.0493
vn -0.8701 0.3670 -0.3291
vn -0.9063 0.1265 -0.4032
vn -0.3557 -0.9165 0.1832
vn -0.8978 -0.0264 0.4396
vn -0.7407 -0.1990 0.6417
vn -0.7388 -0.0895 0.6680
vn -0.2633 0.9637 0.0449
vn -0.3012 0.9414 0.1518
vn -0.2367 0.9615 0.1394
vn 0.8922 0.1341 -0.4312
vn 0.8956 0.1649 -0.4132
vn 0.8977 0.1737 -0.4049
vn 0.9860 -0.0452 -0.1606
vn 0.9769 -0.0859 -0.1957
vn 0.9889 -0.0257 -0.1464
vn 0.9049 0.2108 -0.3697
vn 0.9095 0.2259 -0.3491
vn 0.9112 0.2288 -0.3427
vn 0.9397 -0.0000 -0.3420
vn 0.4159 0.9029 -0.1085
vn 0.3565 0.9183 -0.1722
vn -0.3421 -0.9209 0.1871
vn -0.2679 -0.9280 0.2589
vn -0.2184 -0.9274 0.3038
vn 0.9252 -0.1554 -0.3462
vn 0.9208 -0.1472 -0.3611
vn 0.9260 -0.1561 -0.3438
vn -0.9702 -0.0263 0.2408
vn -0.9800 -0.1985 -0.0142
vn -0.9683 -0.0626 0.2417
vn -0.5504 -0.7979 0.2458
vn -0.7757 -0.4979 0.3878
vn -0.7921 -0.5218 0.3168
vn -0.5126 -0.6837 0.5195
vn -0.7501 -0.3385 0.5682
vn -0.7596 -0.4348 0.4838
vn -0.5035 0.8531 0.1366
vn -0.7987 0.5780 0.1671
vn -0.7636 0.5971 0.2457
vn -0.7493 0.5918 0.2972
vn -0.9071 0.2031 0.3686
vn -0.7226 0.5821 0.3729
vn -0.3223 0.9443 0.0661
vn -0.5639 0.8253 0.0294
vn -0.4840 0.8487 0.2132
vn -0.0555 -0.2236 0.9731
vn -0.2157 -0.4191 0.8819
vn -0.1208 -0.4535 0.8830
vn -0.4709 -0.3360 0.8157
vn -0.4496 -0.1581 0.8791
vn -0.4331 0.1270 0.8924
vn -0.7353 -0.0289 0.6772
vn -0.4332 -0.0518 0.8998
vn -0.9188 0.3945 0.0099
vn -0.9511 0.1725 0.2561
vn -0.8579 0.5094 0.0680
vn -0.6552 0.7486 -0.1021
vn -0.7768 0.5860 -0.2308
vn -0.3927 0.9183 -0.0506
vn -0.4573 0.8278 0.3251
vn -0.2785 0.9187 0.2802
vn 0.9397 0.0001 -0.3420
vn -0.2540 0.8459 0.4689
vn -0.4445 0.5873 0.6764
vn -0.5797 -0.7983 0.1636
vn -0.8444 -0.4969 0.2003
vn -0.6425 -0.7640 0.0597
vn -0.9954 -0.0893 -0.0354
vn -0.8856 -0.3357 -0.3211
vn -0.9719 0.0243 0.2339
vn -0.9738 0.2262 -0.0222
vn -0.9101 -0.1580 -0.3830
vn -0.1321 -0.0676 0.9889
vn -0.8975 -0.0086 0.4409
vn -0.8107 -0.5220 0.2652
vn -0.9015 -0.1118 0.4180
vn -0.9081 -0.1399 0.3947
vn -0.3069 -0.8054 0.5071
vn -0.4981 -0.5437 0.6756
vn -0.5615 -0.8050 -0.1917
vn -0.8163 -0.5432 -0.1965
vn -0.6605 -0.6578 -0.3620
vn -0.7275 -0.6827 -0.0686
vn -0.9400 -0.3377 0.0478
vn -0.8934 -0.4335 0.1178
vn -0.2135 0.9340 0.2866
vn -0.4348 0.7529 0.4940
vn -0.7082 0.3966 0.5840
vn -0.6992 0.5153 0.4955
vn -0.9986 -0.0288 -0.0444
vn 0.3311 0.9225 -0.1982
vn 0.2487 0.9277 -0.2786
vn -0.7157 0.0536 -0.6963
vn -0.7604 -0.1328 -0.6357
vn -0.7029 0.0922 -0.7053
vn -0.1652 -0.2015 0.9654
vn -0.9368 -0.1623 0.3100
vn -0.0164 -0.0851 0.9962
vn -0.5309 -0.7647 0.3652
vn -0.5373 0.4202 -0.7312
vn -0.6394 0.2429 -0.7295
vn -0.4388 0.5499 -0.7106
vn -0.4917 -0.8706 0.0188
vn -0.4270 -0.8991 0.0960
vn -0.4103 -0.9047 0.1146
vn 0.9301 -0.1591 -0.3310
vn 0.9307 -0.1594 -0.3293
vn 0.9627 -0.1247 -0.2401
vn 0.9496 -0.1483 -0.2761
vn 0.9624 -0.1259 -0.2408
vn 0.9120 -0.1248 -0.3909
vn 0.9059 -0.1014 -0.4112
vn 0.9131 -0.1277 -0.3872
vn 0.9173 0.2360 -0.3208
vn 0.9186 0.2370 -0.3162
vn 0.7058 0.6394 0.3049
vn 0.6254 0.7633 0.1623
vn 0.7104 0.6294 0.3149
vn -0.3316 -0.8858 0.3247
vn -0.2827 -0.9445 0.1675
vn -0.2551 -0.9107 0.3249
vn 0.0015 0.8766 -0.4812
vn -0.1528 0.7984 -0.5824
vn 0.0793 0.9022 -0.4239
vn -0.2729 -0.6580 0.7018
vn -0.2292 -0.8300 0.5085
vn -0.1881 -0.6882 0.7007
vn 0.5077 -0.4620 0.7272
vn 0.6441 -0.2334 0.7285
vn 0.6897 -0.1272 0.7128
vn -0.5025 -0.8300 -0.2422
vn -0.5945 -0.6882 -0.4159
vn 0.9817 0.1069 -0.1576
vn 0.9897 0.0503 -0.1344
vn 0.9895 0.0525 -0.1346
vn -0.7683 -0.1912 -0.6109
vn -0.7663 -0.4288 -0.4784
vn 0.8888 -0.0201 -0.4578
vn 0.8851 0.0106 -0.4653
vn 0.8851 0.0108 -0.4652
vn 0.7451 0.0546 0.6647
vn 0.7515 0.0846 0.6542
vn -0.9708 -0.0085 0.2397
vn 0.8976 -0.0630 -0.4364
vn 0.8902 -0.0269 -0.4549
vn -0.9170 -0.1629 0.3642
vn -0.3622 -0.9171 0.1663
vn -0.9232 0.2035 0.3260
vn -0.0272 -0.8869 0.4612
vn 0.1348 -0.8105 0.5700
vn 0.2474 -0.7340 0.6325
vn -0.7641 -0.4432 -0.4687
vn -0.7005 -0.6489 -0.2972
vn -0.5629 0.7062 -0.4294
vn 0.9044 -0.0944 -0.4162
vn 0.9748 -0.0920 -0.2031
vn 0.4199 -0.5712 0.7052
vn 0.9382 -0.1570 -0.3085
vn 0.9378 -0.1573 -0.3094
vn -0.5135 -0.8580 -0.0090
vn -0.5976 -0.7924 -0.1227
vn -0.6135 -0.7760 -0.1463
vn -0.3449 0.9347 -0.0860
vn 0.9484 -0.1494 -0.2796
vn 0.9190 -0.1423 -0.3677
vn 0.9397 -0.0001 -0.3420
vn -0.1014 -0.9092 0.4038
vn -0.9494 -0.1393 0.2814
vn -0.4040 -0.9108 -0.0853
vn 0.9671 0.1679 -0.1910
vn 0.9026 0.1968 -0.3830
vn 0.8914 0.1148 -0.4384
vn 0.9310 0.2320 -0.2818
vn 0.1988 0.9248 -0.3243
vn 0.6123 0.7778 0.1418
vn -0.2538 0.7268 -0.6383
vn 0.9295 0.2334 -0.2857
vn 0.7681 0.1909 0.6112
vn -0.6530 -0.0851 -0.7526
vn 0.8856 0.0310 -0.4635
vn 0.9914 0.0169 -0.1295
vn 0.9914 0.0175 -0.1295
vn -0.6606 0.1977 -0.7242
vn 0.5728 -0.0117 0.8196
vn 0.0125 0.0120 0.9999
vn 0.0030 0.0123 0.9999
vn -0.5961 -0.0119 0.8028
vn -0.9465 0.0117 0.3226
vn -0.9491 0.0121 0.3147
vn -0.4377 -0.8613 -0.2582
vn -0.4376 -0.8613 -0.2582
vn 0.5702 -0.7494 0.3364
vn 0.5703 -0.7494 0.3365
vn -0.2106 -0.7344 0.6452
vn -0.1831 -0.7450 0.6414
vn -0.2115 -0.7341 0.6453
vn -0.3444 0.8264 -0.4454
vn -0.3754 0.8233 -0.4257
vn -0.3434 0.8265 -0.4461
vn 0.8051 -0.5916 0.0428
vn 0.8033 -0.5939 0.0456
vn 0.8032 -0.5940 0.0457
vn 0.6765 0.3902 -0.6245
vn 0.6724 0.3947 -0.6262
vn 0.6722 0.3948 -0.6263
vn -0.0825 0.9955 -0.0475
vn -0.0824 0.9955 -0.0474
vn -0.8487 0.2025 -0.4886
vn -0.8615 -0.0070 -0.5078
vn -0.8612 -0.0162 -0.5081
vn 0.7133 0.5607 0.4204
vn 0.7903 0.4103 0.4550
vn 0.7096 0.5668 0.4187
vn -0.9206 0.1015 0.3771
vn -0.9237 0.1195 0.3639
vn -0.9205 0.1010 0.3775
vn 0.0111 0.0048 -0.9999
vn 0.5789 -0.0048 -0.8154
vn 0.0025 0.0049 -1.0000
vn 0.9559 -0.0120 -0.2936
vn 0.9540 0.0122 0.2996
vn 0.9496 0.0128 0.3132
vn 0.6555 0.0010 0.7552
vn -0.6075 0.0009 0.7944
vn 0.6074 0.0009 0.7944
vn 0.6073 0.0009 0.7944
vn -0.6376 -0.0000 0.7704
vn 0.0001 0.6124 0.7905
vn 0.0034 0.8444 0.5357
vn 0.0035 0.8452 0.5345
vn 0.4475 -0.0750 0.8911
vn 0.2570 0.0034 0.9664
vn 0.4491 -0.0764 0.8902
vn 0.6137 -0.2100 0.7611
vn 0.6461 -0.1898 0.7393
vn -0.0012 -1.0000 0.0004
vn -0.0014 -1.0000 0.0012
vn -0.0034 -1.0000 0.0024
vn -0.0030 -1.0000 0.0065
vn -0.0040 -1.0000 -0.0011
vn -0.0041 -1.0000 -0.0011
vn -0.0013 -1.0000 0.0004
vn -0.0849 0.8641 -0.4961
vn -0.0850 0.7565 -0.6485
vn -0.0939 0.7064 -0.7016
vn -0.1743 -0.2449 -0.9537
vn -0.1798 -0.4081 -0.8951
vn -0.2080 -0.4794 -0.8526
vn -0.1458 0.0083 -0.9893
vn -0.1484 -0.1562 -0.9765
vn -0.0965 0.0046 0.9953
vn -0.0961 -0.1489 0.9842
vn -0.0850 0.0923 0.9921
vn -0.1140 -0.2504 0.9614
vn -0.1141 -0.3879 0.9146
vn -0.2100 -0.8406 0.4993
vn -0.2196 -0.9198 0.3252
vn -0.1777 -0.7948 0.5803
vn -0.2461 -0.9338 0.2597
vn -0.2560 -0.9659 0.0380
vn -0.2700 -0.9629 0.0032
vn -0.2697 -0.9294 -0.2519
vn -0.2677 -0.8323 -0.4853
vn -0.2771 -0.9281 -0.2487
vn -0.0723 0.8640 0.4983
vn -0.0724 0.7229 0.6872
vn -0.0717 0.8679 0.4916
vn -0.0743 0.7058 0.7045
vn -0.0744 0.5379 0.8397
vn -0.1233 0.2630 -0.9569
vn -0.1244 0.1027 -0.9869
vn -1.0000 0.0003 -0.0002
vn -0.1063 0.5012 -0.8587
vn -0.1066 0.3499 -0.9307
vn -0.1390 -0.4868 0.8624
vn -0.1410 -0.6104 0.7794
vn -0.1718 -0.6881 0.7049
vn -0.0783 0.4999 0.8625
vn -0.0783 0.3235 0.9430
vn -0.0852 0.2606 0.9617
vn -0.0723 0.9633 0.2586
vn -0.0724 0.9970 0.0278
vn -0.0745 0.9972 0.0010
vn -0.0717 0.9611 0.2667
vn -0.0786 0.9634 -0.2564
vn -0.0787 0.8931 -0.4429
vn -0.0747 0.9742 -0.2131
vn -0.2422 -0.6793 -0.6927
vn -0.2521 -0.8158 -0.5204
vn -0.2167 -0.6354 -0.7411
vn -1.0000 -0.0001 -0.0000
vn -1.0000 -0.0001 0.0002
vn -1.0000 0.0001 -0.0000
vn -0.5932 0.7776 -0.2084
vn -0.5933 -0.4025 -0.6971
vn -0.5933 -0.2084 -0.7776
vn -0.5933 0.4025 -0.6971
vn -0.5932 -0.5692 0.5692
vn -0.5934 -0.4025 0.6971
vn -0.5932 -0.5692 0.5693
vn -0.5932 0.5693 0.5692
vn -0.5932 0.5693 0.5693
vn -0.5933 0.5692 -0.5692
vn -1.0000 0.0002 0.0002
vn -1.0000 0.0002 0.0003
vn -1.0000 -0.0004 -0.0002
vn -1.0000 -0.0001 -0.0002
vn -0.5933 -0.2083 0.7775
vn -0.0940 0.5725 -0.8145
vn -0.0001 0.9897 0.1431
vn -0.0004 0.9993 0.0373
vn -0.0000 0.9226 0.3857
vn -0.0000 0.4413 0.8974
vn -0.5481 0.0002 0.8364
vn -0.0000 -0.0997 0.9950
vn 0.5525 0.0002 0.8335
vn 0.5526 0.0002 0.8334
vn 0.5526 0.0057 0.8335
vn 0.8003 -0.0031 0.5995
vn 0.8274 -0.0052 0.5615
vn 0.8289 -0.0055 0.5593
vn 0.6067 0.0005 0.7949
vn 0.5973 -0.0000 0.8020
vn -0.6381 0.0052 0.7699
vn -0.8338 0.0287 0.5514
vn -0.5501 0.0186 0.8349
vn -0.6844 0.0234 0.7287
vn -0.9763 0.0336 0.2138
vn -0.9561 0.0330 0.2911
vn 0.0440 0.9990 -0.0039
vn -0.9902 0.0432 0.1331
vn -0.9768 0.0336 0.2114
vn -0.9770 0.0410 0.2093
vn -0.2181 0.0145 0.9758
vn -0.2185 0.0117 0.9758
vn -0.2181 0.0146 0.9758
vn -0.0440 -0.9990 0.0041
vn -0.0438 -0.9990 0.0061
vn -0.9559 0.0378 0.2911
vn -0.8683 0.0324 0.4950
vn -0.8485 0.0335 0.5281
vn -0.9541 0.0502 0.2952
vn -0.9541 0.0608 0.2931
vn -0.9551 0.0515 0.2917
vn -0.4542 0.3282 -0.8283
vn -0.4448 0.2514 -0.8596
vn -0.4447 0.2527 -0.8593
vn -0.9750 0.0962 0.2001
vn -0.9911 0.0947 0.0930
vn -0.9677 0.0265 -0.2506
vn -0.9666 0.0520 -0.2509
vn -0.9665 0.0532 -0.2509
vn -0.9796 0.0406 0.1969
vn -0.9812 0.0768 0.1773
vn -0.9904 0.0341 0.1337
vn -0.9904 0.0341 0.1338
vn -0.9896 0.0341 0.1400
vn -0.6838 0.0384 0.7287
vn -0.5460 0.0213 0.8375
vn -0.5391 0.0352 0.8415
vn -0.4490 0.6242 -0.6393
vn 0.2138 0.7241 -0.6557
vn 0.2198 0.7217 -0.6564
vn 0.0437 0.9990 -0.0067
vn 0.0444 0.9990 -0.0000
vn -0.6896 -0.1272 0.7129
vn -0.7231 -0.1149 0.6811
vn -0.7233 -0.1138 0.6811
vn -0.7954 0.0534 0.6038
vn -0.6846 0.0372 0.7280
vn -0.6830 0.0452 0.7290
vn -0.8507 0.0293 0.5249
vn -0.6845 0.0234 0.7286
vn -0.6844 0.0235 0.7288
vn -0.6844 0.0236 0.7287
vn -0.6845 0.0235 0.7286
vn -0.5401 -0.4617 0.7036
vn -0.6817 -0.3006 0.6670
vn -0.6856 -0.3021 0.6624
vn -0.7242 -0.1335 0.6765
vn -0.7563 0.6482 0.0886
vn -0.7498 0.6436 0.1537
vn -0.7484 0.6422 0.1659
vn -0.7517 0.6165 0.2341
vn -0.7520 0.6161 0.2343
vn -0.9434 0.0550 0.3270
vn -0.9561 0.0571 0.2876
vn -0.9622 0.0490 0.2680
vn -0.1940 0.0155 0.9809
vn -0.9375 0.3338 -0.0985
vn -0.9656 0.1322 -0.2238
vn -0.9672 0.1094 -0.2291
vn -0.8196 0.5320 0.2126
vn -0.9089 0.4168 -0.0120
vn -0.9678 0.0260 -0.2506
vn -0.7268 0.5785 0.3703
vn -0.7540 0.5539 0.3530
vn -0.3270 -0.6431 0.6925
vn -0.3048 -0.5437 0.7820
vn -0.2210 -0.0478 0.9741
vn -0.2820 -0.4531 0.8457
vn -0.2422 -0.2480 0.9380
vn -0.2374 -0.2105 0.9483
vn -0.2185 0.0118 0.9758
vn -0.2178 0.0143 0.9759
vn -0.9842 0.0359 0.1733
vn -0.9862 0.0658 0.1516
vn -0.9888 0.0411 0.1437
vn -0.4301 -0.8970 0.1022
vn -0.4236 -0.8979 0.1196
vn -0.4304 -0.8974 0.0968
vn -0.4310 -0.8990 0.0782
vn -0.4446 0.2660 -0.8554
vn -0.3133 0.9489 -0.0377
vn -0.2022 0.9387 -0.2793
vn -0.1813 0.8747 -0.4495
vn -0.0437 -0.9990 0.0067
vn -0.9618 0.0702 0.2646
vn -0.4656 0.5814 -0.6672
vn -0.4555 0.3533 -0.8171
vn -0.9955 0.0344 0.0878
vn -0.9955 0.0342 0.0878
vn 0.0433 0.9990 -0.0112
vn -0.9922 0.0829 0.0931
vn -0.9904 0.0342 0.1336
vn -0.9905 0.0350 0.1327
vn -0.9948 0.0425 0.0922
vn -0.9895 0.0485 0.1362
vn -0.9893 0.0502 0.1368
vn -0.0787 0.2457 -0.9661
vn -0.0783 0.2516 -0.9647
vn -0.9953 0.0317 0.0914
vn -0.9952 0.0343 0.0918
vn -0.9952 0.0343 0.0920
vn -0.9952 0.0342 0.0917
vn -0.9904 0.0344 0.1338
vn -0.0802 0.2232 -0.9715
vn -0.9904 0.0347 0.1338
vn -0.9949 0.0416 0.0916
vn -0.0791 0.2398 -0.9676
vn -0.0433 -0.9990 0.0112
vn 0.0438 0.9990 -0.0059
vn -0.9558 0.0594 0.2880
vn -0.1728 0.5487 0.8179
vn -0.5267 0.2390 0.8158
vn -0.5432 0.2425 0.8038
vn 0.0042 0.0003 1.0000
vn 0.0131 0.8228 0.5682
vn 0.0017 -0.5859 0.8104
vn 0.0131 -0.8228 0.5682
vn -0.6605 0.5980 0.4539
vn -0.6846 0.0262 0.7285
vn -0.8479 0.0457 0.5282
vn 0.0006 -0.6181 -0.7861
vn -0.7745 0.6239 0.1046
vn -0.9910 0.0001 0.1338
vn -0.9910 -0.0000 0.1337
vn -0.9964 0.0003 0.0850
vn -0.9775 -0.1693 0.1259
vn -0.0002 0.6484 -0.7613
vn -0.0005 0.8832 -0.4691
vn -0.0005 0.8972 -0.4417
vn -0.9599 -0.2225 0.1708
vn -0.9676 -0.1247 0.2195
vn -0.9963 0.0043 0.0858
vn -0.9980 0.0639 -0.0000
vn 0.0002 0.0756 -0.9971
vn -0.0000 0.3487 -0.9372
vn -0.0000 0.3564 -0.9344
vn -0.0006 0.9924 -0.1234
vn -0.0007 1.0000 -0.0007
vn -0.0007 1.0000 -0.0008
vn 0.0007 -1.0000 0.0004
vn -0.0002 0.6314 -0.7755
vn -0.0006 0.9893 -0.1461
vn 0.0007 -1.0000 0.0003
vn 0.0007 -0.9899 -0.1417
vn 0.0003 -0.0778 -0.9970
vn 0.0003 -0.0777 -0.9970
vn 0.0007 -0.9859 -0.1675
vn 0.0007 -0.9522 -0.3054
vn -0.9765 0.0336 0.2128
vn -0.7778 0.6247 0.0689
vn -0.7170 -0.6792 0.1569
vn -0.9911 -0.0013 0.1329
vn -0.9910 -0.0019 0.1338
vn -0.9911 -0.0008 0.1330
vn -0.9770 -0.0019 0.2134
vn -0.9910 -0.0000 0.1338
vn -0.9910 -0.0002 0.1339
vn -0.9511 0.0639 0.3023
vn 0.6554 0.0009 0.7553
vn -0.1936 0.0099 0.9810
vn 0.0054 0.0006 1.0000
vn -0.1982 0.0094 0.9801
vn 0.7981 -0.0029 0.6026
vn 0.6072 0.0005 0.7946
vn -0.6073 0.0005 0.7944
vn -0.8004 -0.0031 0.5995
vn -0.9671 0.2158 0.1350
vn -0.9424 0.2842 -0.1762
vn -0.1095 0.3079 0.9451
vn 0.1402 0.3138 0.9391
vn 0.1095 0.3079 0.9451
vn -0.0002 1.0000 -0.0029
vn -0.3004 -0.9538 0.0061
vn -0.2933 -0.9560 -0.0000
vn -0.0469 -0.9989 0.0050
vn 0.6486 -0.7611 0.0044
vn 0.7625 -0.6470 0.0015
vn -0.0025 0.0815 0.9967
vn 0.0487 0.1188 0.9917
vn -0.0008 0.0334 0.9994
vn 0.0315 0.1802 0.9831
vn -0.1180 0.3438 0.9316
vn -0.4251 0.5996 0.6781
vn -0.5240 0.3374 0.7821
vn -0.6535 0.7192 0.2361
vn -0.8474 0.3508 0.3986
vn -0.2092 0.9109 0.3556
vn -0.0852 0.6493 0.7558
vn -0.4686 0.2295 0.8531
vn -0.7471 0.2004 0.6338
vn 0.1561 0.3001 0.9411
vn 0.2311 0.5571 0.7977
vn 0.1247 0.3193 0.9394
vn 0.3910 0.6945 0.6040
vn 0.2881 0.5232 0.8020
vn 0.1629 0.5825 0.7963
vn 0.0886 0.3351 0.9380
vn 0.2199 0.7698 0.5993
vn 0.0497 0.3439 0.9377
vn 0.0918 0.5995 0.7951
vn 0.0155 0.3474 0.9376
vn 0.1237 0.7911 0.5990
vn 0.0269 0.6029 0.7974
vn 0.3719 0.6033 0.7055
vn 0.4151 0.6675 0.6182
vn 0.1530 0.2707 0.9504
vn -0.4488 -0.8936 -0.0037
vn -0.4753 -0.8798 -0.0000
vn -0.0002 0.9999 0.0124
vn -0.0005 0.9999 0.0134
vn 0.3788 -0.9254 0.0108
vn 0.3853 -0.8878 0.2518
vn -0.4042 -0.9146 -0.0088
vn -0.4445 -0.8958 -0.0036
vn -0.8630 0.5031 0.0468
vn -0.8843 0.4599 0.0801
vn -0.0870 0.9957 0.0304
vn -0.6249 0.7806 0.0111
vn -0.0005 0.9999 0.0140
vn -0.0994 0.9950 0.0138
vn -0.0002 0.9999 0.0127
vn -0.0000 0.3327 0.9430
vn -0.0000 0.9999 0.0118
vn -0.5511 -0.0747 0.8311
vn -0.5493 -0.0668 0.8330
vn -0.5552 -0.1452 0.8189
vn 0.9135 0.0426 0.4045
vn 0.9624 0.0375 0.2690
vn 0.9443 0.0373 0.3269
vn -0.4367 0.0297 0.8991
vn -0.4295 0.0404 0.9022
vn -0.4358 0.0297 0.8995
vn 0.3258 0.9305 0.1673
vn 0.7168 0.6164 0.3259
vn 0.6964 0.6981 0.1663
vn 0.6422 -0.0012 0.7665
vn 0.3299 0.0004 0.9440
vn 0.3333 0.0004 0.9428
vn 0.9994 0.0079 0.0334
vn 0.8534 0.0426 0.5196
vn 0.9333 0.0197 0.3585
vn 0.9247 0.0393 0.3787
vn 0.1546 0.0013 0.9880
vn -0.4912 0.0015 0.8711
vn -0.4399 -0.0002 0.8980
vn -0.4386 -0.0003 0.8987
vn 0.1462 0.0153 0.9891
vn 0.3291 0.0001 0.9443
vn 0.3291 0.0157 0.9442
vn -0.3844 0.0160 0.9230
vn -0.3838 0.0161 0.9233
vn -0.4382 -0.0006 0.8989
vn -0.4386 -0.0006 0.8987
vn 0.6453 0.0147 0.7638
vn 0.3317 0.0372 0.9427
vn 0.8939 0.4451 0.0525
vn 0.9252 0.3772 -0.0415
vn 0.8902 0.4514 0.0616
vn 0.9935 0.0496 0.1020
vn 0.9918 0.0139 0.1271
vn 0.9669 0.0355 0.2527
vn 0.4007 0.2231 0.8886
vn 0.1620 0.4338 0.8863
vn 0.1669 0.2454 0.9549
vn 0.8538 0.0001 0.5206
vn 0.8559 0.0113 0.5169
vn 0.7078 0.7063 0.0138
vn 0.3156 0.9489 0.0101
vn 0.1662 0.1299 0.9775
vn 0.4053 0.1478 0.9021
vn 0.1675 0.1636 0.9722
vn 0.3957 0.3969 0.8282
vn 0.7544 0.1505 0.6389
vn 0.7423 0.2761 0.6105
vn 0.1080 0.9941 0.0064
vn 0.3065 0.9505 0.0512
vn 0.9697 0.1722 0.1733
vn 0.8892 0.2793 0.3624
vn 0.9665 0.1109 0.2314
vn 0.7274 0.4624 0.5070
vn 0.8956 0.1673 0.4123
vn 0.9601 0.0807 0.2676
vn 0.1157 0.9923 0.0449
vn 0.8536 0.0336 0.5199
vn 0.9466 -0.0026 0.3224
vn 0.6474 0.0461 0.7607
vn 0.3345 0.0468 0.9412
vn -0.5529 0.8332 0.0046
vn -0.5573 0.8303 -0.0000
vn 0.9669 -0.0477 0.2508
vn -0.3939 0.2287 0.8902
vn -0.3930 0.4061 0.8250
vn -0.3943 0.2286 0.8901
vn 0.9011 0.0522 0.4305
vn 0.7253 0.0631 0.6856
vn 0.8993 0.0472 0.4349
vn 0.0183 -0.1724 0.9849
vn 0.1985 -0.1393 0.9701
vn 0.2764 -0.1397 0.9508
vn 0.9117 0.3922 0.1228
vn 0.9794 0.1790 0.0931
vn 0.3820 0.6470 0.6599
vn 0.1458 0.9112 0.3853
vn 0.1566 0.7007 0.6961
vn -0.3935 0.4057 0.8250
vn -0.4231 0.6443 0.6370
vn -0.5040 0.8537 0.1308
vn -0.5483 0.8355 0.0351
vn -0.5487 0.8353 0.0349
vn 0.5405 0.8005 0.2590
vn 0.5739 0.6710 0.4694
vn 0.5391 0.8133 0.2188
vn 0.9222 0.3828 0.0553
vn 0.1490 0.0345 0.9882
vn 0.3810 0.8446 0.3761
vn 0.9217 -0.3400 -0.1865
vn 0.9306 -0.2395 -0.2768
vn 0.9319 -0.2359 -0.2755
vn 0.9241 -0.3818 0.0176
vn 0.9265 -0.3761 -0.0061
vn 0.9262 -0.3769 -0.0075
vn 0.5928 -0.0849 -0.8009
vn 0.5891 0.0644 -0.8055
vn 0.5902 -0.0647 -0.8047
vn -0.4386 -0.0000 0.8987
vn 0.9250 0.0010 0.3800
vn 0.9204 -0.0001 0.3910
vn -0.4645 0.8169 0.3420
vn -0.4663 0.8164 0.3406
vn 0.5965 -0.0713 0.7994
vn 0.9983 0.0521 0.0247
vn 0.9943 0.1041 0.0246
vn -0.5027 0.8544 0.1314
vn 0.9196 0.3926 0.0160
vn 0.1374 0.9785 0.1536
vn 0.9401 0.2047 0.2727
vn 0.7698 0.5288 0.3574
vn 0.7834 0.4352 0.4436
vn 0.9008 0.0862 0.4255
vn 0.9520 0.0529 0.3014
vn 0.7088 -0.0312 0.7047
vn 0.9175 0.0387 0.3960
vn 0.7913 -0.0055 0.6114
vn 0.6984 0.7133 0.0590
vn 0.6469 0.0376 0.7616
vn 0.1559 0.0584 0.9860
vn 0.8863 0.3846 0.2581
vn 0.5158 -0.0906 0.8519
vn 0.8527 -0.0017 0.5223
vn 0.6456 -0.0007 0.7637
vn 0.8577 -0.0001 0.5142
vn 0.9514 -0.0010 0.3079
vn 0.9538 -0.0000 0.3004
vn 0.6456 -0.0000 0.7637
vn 0.3291 -0.0000 0.9443
vn 0.1462 -0.0000 0.9893
vn 0.1462 0.0024 0.9893
vn 0.1120 -0.8258 -0.5528
vn 0.1428 -0.8729 -0.4666
vn 0.1544 -0.8685 -0.4711
vn 0.9735 0.0508 0.2228
vn 0.9860 -0.0000 0.1665
vn 0.9848 0.0514 0.1662
vn 0.9876 -0.0000 0.1570
vn 0.9863 0.0515 0.1568
vn 0.2601 -0.0989 0.9605
vn 0.2701 -0.0035 0.9628
vn 0.2589 -0.0827 0.9624
vn 0.9660 0.0451 0.2546
vn 0.9407 0.0566 0.3343
vn 0.9947 0.0660 0.0792
vn 0.9871 0.1531 0.0467
vn 0.9906 0.0516 0.1268
vn 0.9976 -0.0000 0.0691
vn 0.9963 0.0520 0.0689
vn 0.9825 0.0044 0.1860
vn 0.9781 0.0090 0.2079
vn 0.9638 0.0055 0.2665
vn 0.6606 0.0506 0.7490
vn 0.7529 0.0817 0.6531
vn 0.9020 0.0654 0.4268
vn 0.7591 0.1020 0.6429
vn 0.8763 0.4812 0.0246
vn 0.8768 0.4800 0.0282
vn 0.7495 -0.5418 0.3805
vn 0.5449 -0.7826 0.3011
vn 0.7421 -0.6112 0.2752
vn 0.9921 0.0526 0.1143
vn 0.9560 -0.2315 0.1801
vn 0.7889 -0.6048 0.1090
vn 0.9664 -0.2217 0.1299
vn 0.8756 0.4689 0.1163
vn 0.8753 0.4680 0.1218
vn 0.8756 0.4690 0.1152
vn 0.9880 0.0519 0.1457
vn 0.9844 0.0401 0.1712
vn 0.8116 0.1901 0.5524
vn 0.6699 0.3903 0.6316
vn 0.7240 0.1942 0.6619
vn 0.9721 0.0331 0.2320
vn 0.9866 0.0236 0.1614
vn 0.9567 0.2849 0.0602
vn 0.7664 0.6416 0.0303
vn 0.7739 0.6286 0.0768
vn 0.9205 -0.3908 0.0010
vn 0.9207 -0.3903 0.0022
vn 0.9241 -0.3818 0.0175
vn 0.9224 -0.3861 0.0098
vn 0.9223 -0.3865 0.0082
vn 0.9487 0.2689 0.1662
vn 0.7767 0.6139 0.1413
vn 0.7678 0.5957 0.2358
vn 0.7960 -0.6027 0.0553
vn 0.9747 -0.2124 0.0699
vn 0.8782 0.4735 0.0677
vn 0.8783 0.4739 0.0639
vn 0.3993 0.1168 0.9093
vn 0.9358 0.1804 0.3028
vn 0.7818 0.3464 0.5184
vn 0.5963 0.7575 0.2659
vn 0.9969 0.0772 0.0175
vn 0.9953 0.0953 0.0183
vn 0.5431 0.8365 0.0720
vn 0.5325 0.8455 0.0389
vn 0.5336 0.8450 0.0341
vn 0.9276 0.0568 0.3693
vn 0.9861 0.1651 0.0177
vn 0.9825 0.1055 0.1537
vn 0.9779 0.1295 0.1642
vn 0.9444 -0.2104 0.2526
vn 0.9466 -0.2305 0.2254
vn 0.9398 0.3154 -0.1319
vn 0.9423 0.2989 -0.1510
vn 0.9559 0.0589 0.2878
vn 0.9305 -0.1265 0.3439
vn 0.7646 -0.4347 0.4759
vn 0.9396 -0.1856 0.2876
vn -0.4018 0.1190 0.9080
vn -0.3981 0.1520 0.9047
vn -0.4139 0.1170 0.9028
vn 0.9973 0.0572 0.0463
vn 0.9938 0.0460 0.1010
vn 0.9972 0.0527 0.0538
vn 0.9383 0.1133 0.3267
vn 0.9320 0.0035 -0.3623
vn 0.9388 -0.0869 -0.3332
vn 0.9385 -0.0999 -0.3305
vn 0.9258 -0.3704 -0.0759
vn 0.9218 -0.3455 -0.1757
vn 0.9251 -0.3698 -0.0865
vn 0.9963 0.0731 0.0452
vn 0.9778 -0.2080 0.0255
vn 0.9877 0.1540 0.0278
vn 0.9922 0.1038 0.0688
vn -0.5528 0.8333 0.0046
vn 0.8610 0.0465 0.5065
vn 0.9253 0.0445 0.3765
vn 0.9697 0.1867 0.1577
vn 0.9730 0.1744 0.1509
vn 0.9781 0.1457 0.1488
vn 0.9812 0.1422 0.1302
vn 0.9861 0.1495 0.0730
vn 0.9955 -0.0225 0.0918
vn 0.9546 0.2771 0.1093
vn 0.9345 0.0705 -0.3490
vn 0.9206 0.0712 -0.3840
vn 0.9347 0.0696 -0.3484
vn 0.9937 0.0354 0.1066
vn 0.5527 0.0605 0.8312
vn 0.5527 0.0674 0.8307
vn 0.9276 0.0283 -0.3725
vn 0.9938 0.0116 0.1103
vn 0.9944 0.0314 0.1007
vn 0.9945 -0.0123 0.1037
vn 0.9427 0.2421 0.2297
vn 0.6737 -0.7383 -0.0334
vn 0.1278 -0.9846 -0.1191
vn 0.0924 -0.9938 -0.0623
vn 0.9402 0.1132 -0.3212
vn 0.9390 0.2163 -0.2674
vn 0.9400 0.2273 -0.2544
vn 0.8352 -0.0075 0.5500
vn 0.7403 -0.0514 0.6703
vn 0.8302 -0.0391 0.5561
vn -0.4292 0.0408 0.9023
vn 0.5856 -0.7961 0.1526
vn 0.7740 -0.6096 0.1711
vn 0.4564 -0.8867 0.0737
vn 0.4607 -0.8845 0.0742
vn 0.4611 -0.8843 0.0742
vn 0.9817 0.0517 0.1832
vn 0.9891 0.0529 0.1373
vn 0.9892 0.0497 0.1375
vn 0.9919 -0.0000 0.1271
vn 0.8764 0.4666 0.1190
vn 0.0636 -0.9973 -0.0354
vn 0.0599 -0.9982 0.0029
vn 0.0640 -0.9973 -0.0360
vn 0.9703 -0.0439 0.2380
vn 0.9796 -0.0533 0.1936
vn 0.9854 -0.0560 0.1606
vn 0.9946 -0.0039 0.1036
vn 0.9942 0.0446 0.0981
vn 0.9410 0.0442 0.3354
vn 0.9946 0.0367 0.0970
vn 0.7365 0.6708 0.0869
vn 0.5102 0.8589 0.0436
vn 0.7650 0.6358 0.1029
vn 0.9908 0.0723 0.1147
vn 0.8959 0.3931 -0.2069
vn 0.6918 0.6771 -0.2509
vn 0.7091 0.5843 -0.3947
vn 0.5868 0.2665 -0.7646
vn 0.8958 0.2851 -0.3410
vn 0.6485 0.4658 -0.6021
vn 0.7356 0.6770 0.0243
vn 0.4222 0.9060 0.0287
vn 0.7353 0.6755 0.0544
vn 0.9970 -0.0317 0.0706
vn 0.7338 -0.1162 0.6694
vn 0.8189 -0.1083 0.5637
vn 0.9988 -0.0290 0.0390
vn 0.9566 0.2905 0.0241
vn 0.5756 0.8167 0.0417
vn 0.5991 -0.7993 0.0467
vn 0.5888 0.8033 0.0890
vn 0.5977 0.7865 0.1558
vn 0.8307 0.0526 0.5543
vn 0.7499 0.0455 0.6600
vn 0.6921 -0.2658 0.6711
vn 0.6174 0.6691 0.4136
vn 0.6504 0.5399 0.5344
vn 0.7951 -0.6062 0.0180
vn 0.7777 -0.2711 0.5672
vn 0.6444 -0.4866 0.5900
vn 0.9425 0.0147 0.3339
vn 0.5834 -0.6684 0.4614
vn 0.9977 0.0254 0.0630
vn 0.9956 -0.0135 0.0925
vn 0.9973 0.0323 0.0657
vn 0.9990 0.0365 0.0249
vn 0.9991 0.0336 0.0254
vn 0.9978 0.0631 0.0182
vn 0.9983 0.0551 0.0204
vn 0.9889 0.0408 0.1431
vn 0.9842 0.0330 0.1739
vn 0.9883 0.0385 0.1475
vn 0.9784 -0.0759 0.1924
vn 0.9786 -0.0563 0.1980
vn 0.9711 -0.0542 0.2323
vn 0.9916 -0.0412 0.1223
vn 0.9891 -0.0542 0.1371
vn 0.9935 0.0646 0.0938
vn 0.9979 0.0384 0.0529
vn 0.9719 0.0130 0.2351
vn 0.9800 0.0247 0.1973
vn 0.9988 0.0430 0.0235
vn 0.9982 0.0576 0.0183
vn 0.9977 0.0524 0.0428
vn 0.9976 0.0542 0.0430
vn 0.9978 0.0437 0.0501
vn 0.9944 0.0591 0.0879
vn 0.9983 0.0550 0.0176
vn 0.9884 0.0617 0.1386
vn 0.9898 0.0518 0.1325
vn 0.9917 0.0633 0.1117
vn 0.4303 0.9026 0.0142
vn 0.9995 -0.0273 0.0147
vn 0.9056 -0.0940 -0.4136
vn 0.6702 -0.0270 -0.7417
vn 0.5993 -0.2581 -0.7578
vn 0.9421 -0.0092 0.3352
vn 0.9950 0.0364 0.0931
vn 0.4239 0.9048 0.0402
vn 0.8055 -0.4916 -0.3309
vn 0.4506 -0.5696 -0.6875
vn 0.3446 -0.7576 -0.5543
vn 0.8413 0.5397 0.0321
vn 0.6746 0.7345 -0.0743
vn 0.9947 0.0340 0.0970
vn 0.7667 -0.5980 -0.2337
vn 0.2465 -0.8830 -0.3994
vn 0.7171 -0.6869 -0.1184
vn 0.1680 -0.9596 -0.2255
vn 0.8670 -0.2911 -0.4044
vn 0.8721 0.4793 -0.0991
vn 0.6866 -0.7252 -0.0516
vn 0.6560 -0.7545 -0.0199
vn 0.0444 -0.9987 -0.0234
vn 0.5961 -0.7982 0.0863
vn 0.9050 0.0744 -0.4190
vn 0.9953 0.0208 0.0944
vn 0.8969 0.0785 -0.4351
vn 0.9802 0.0134 0.1973
vn 0.9029 0.1208 -0.4126
vn 0.9122 0.0243 -0.4090
vn 0.6767 0.0880 -0.7309
vn 0.9945 0.0150 0.1039
vn 0.0131 -0.9999 -0.0000
vn 0.8518 -0.0000 0.5239
vn -0.4937 0.0015 0.8696
vn 0.1631 0.0047 0.9866
vn 0.9866 0.1032 0.1266
vn 0.9997 -0.0000 0.0247
vn 0.9824 0.1028 0.1562
vn 0.8395 0.0274 0.5426
vn 0.6219 -0.0401 0.7820
vn 0.9350 0.0814 0.3452
vn 0.3015 -0.9517 0.0582
vn 0.2608 -0.9001 0.3491
vn 0.2625 -0.8920 0.3680
vn 0.2832 -0.1063 0.9532
vn 0.0692 -0.1664 0.9836
vn -0.3975 0.1519 0.9050
vn 0.9458 0.0510 0.3208
vn 0.9606 0.0764 0.2674
vn 0.9699 0.0615 0.2358
vn 0.9980 0.0350 0.0527
vn 0.9656 -0.0011 0.2602
vn 0.9390 -0.0452 0.3409
vn 0.6459 0.1118 -0.7552
vn 0.9971 -0.0720 0.0235
vn 0.9974 -0.0647 0.0330
vn 0.9877 0.0452 0.1495
vn 0.9921 0.0586 0.1112
vn 0.9935 0.0776 0.0835
vn 0.9853 0.1106 0.1303
vn 0.9750 0.1664 0.1472
vn 0.9702 0.1852 0.1563
vn 0.9952 -0.0381 0.0904
vn 0.9919 0.0737 0.1036
vn 0.9956 -0.0739 0.0580
vn 0.9773 0.0079 0.2116
vn 0.9938 0.0561 0.0963
vn 0.9947 0.0910 0.0483
vn 0.9914 0.0403 0.1247
vn 0.9889 0.0503 0.1396
vn 0.9796 0.0575 0.1928
vn 0.9778 -0.0095 0.2093
vn 0.9516 0.0116 0.3070
vn 0.9756 0.0002 0.2194
vn 0.1855 -0.9640 -0.1904
vn 0.2892 -0.9571 0.0156
vn 0.6102 0.3769 0.6968
vn 0.5502 0.1297 0.8249
vn 0.6148 0.4182 0.6687
vn 0.9805 0.0091 0.1962
vn 0.9864 0.0095 0.1643
vn 0.9846 0.0089 0.1745
vn 0.2514 -0.3037 0.9190
vn 0.9808 0.1027 0.1657
vn 0.9894 0.0398 0.1396
vn 0.9765 0.0508 0.2095
vn 0.9839 -0.0224 0.1771
vn 0.9742 -0.0380 0.2223
vn 0.5378 0.8429 0.0141
vn 0.5859 0.6205 0.5212
vn 0.9766 -0.0096 0.2149
vn 0.9785 0.0094 0.2061
vn 0.9788 0.0099 0.2046
vn 0.9755 -0.0119 0.2196
vn 0.9722 0.0028 0.2342
vn 0.9675 0.0039 0.2528
vn 0.0788 -0.9574 -0.2777
vn 0.1044 -0.8296 -0.5485
vn 0.5362 0.8439 0.0177
vn 0.9959 0.0624 0.0651
vn 0.9928 0.0719 0.0959
vn 0.9950 0.0684 0.0733
vn 0.9950 0.0573 0.0819
vn 0.9976 0.0489 0.0490
vn 0.9992 0.0304 0.0276
vn 0.9963 0.0487 0.0715
vn 0.2431 -0.5893 0.7705
vn 0.2723 -0.7713 0.5753
vn 0.2527 -0.5703 0.7816
vn 0.9948 0.0734 0.0710
vn 0.9942 0.0671 0.0844
vn 0.9695 0.1015 0.2229
vn 0.9747 -0.0000 0.2235
vn 0.8875 -0.0000 0.4608
vn 0.2826 -0.7736 0.5671
vn 0.2624 -0.2969 0.9182
vn 0.1616 -0.9681 -0.1913
vn 0.0751 -0.9610 -0.2661
vn 0.3814 0.8005 -0.4623
vn 0.4422 0.5865 -0.6786
vn 0.4486 0.5906 -0.6708
vn 0.5670 0.3290 -0.7551
vn 0.5784 0.3017 -0.7579
vn 0.5479 -0.2109 -0.8095
vn 0.5454 -0.5293 -0.6499
vn 0.5436 -0.5458 -0.6377
vn 0.4868 -0.7839 -0.3855
vn 0.6659 0.1141 -0.7373
vn 0.6771 0.0821 -0.7313
vn 0.4701 -0.8825 0.0128
vn 0.4703 -0.8825 -0.0000
vn 0.4533 -0.8894 0.0590
vn 0.4723 -0.8807 0.0351
vn 0.4708 -0.8818 0.0287
vn 0.4559 -0.8870 0.0737
vn 0.4535 -0.8894 0.0579
vn 0.4708 -0.8821 0.0153
vn 0.3213 0.8906 -0.3218
vn 0.3707 0.8197 -0.4368
vn 0.4638 -0.8802 -0.1011
vn 0.4660 -0.8831 -0.0546
vn 0.9995 0.0242 0.0222
vn 0.0599 -0.9982 0.0028
vn 0.9823 -0.0018 0.1875
vn 0.9786 0.0002 0.2059
vn 0.9789 0.0028 0.2042
vn 0.9756 0.0014 0.2196
vn 0.9757 -0.0000 0.2193
vn 0.6672 -0.2528 -0.7007
vn 0.5795 0.2970 -0.7589
vn 0.6597 -0.3558 -0.6620
vn 0.9533 0.0021 0.3019
vn 0.9353 0.0023 0.3540
vn 0.6457 0.0001 0.7636
vn 0.9756 0.0002 0.2196
vn 0.9756 -0.0000 0.2194
vn 0.9757 0.0003 0.2192
vn 0.9756 -0.0000 0.2197
vn 0.9837 0.0001 0.1797
vn 0.9758 0.0019 0.2187
vn 0.9975 0.0088 0.0694
vn 0.9995 0.0097 0.0298
vn 0.9716 -0.0390 0.2334
vn 0.9686 -0.0434 0.2449
vn -0.9495 0.2796 0.1426
vn -0.8268 0.3397 0.4483
vn -0.8062 0.3443 0.4811
vn -0.4617 0.3565 0.8123
vn -0.1402 0.3138 0.9391
vn -0.4782 0.3576 0.8022
vn 0.4617 0.3565 0.8122
vn 0.8062 0.3443 0.4811
vn 0.4781 0.3576 0.8022
vn 0.9495 0.2795 0.1426
vn 0.8268 0.3397 0.4483
vn -0.0001 -0.6124 0.7905
vn -0.0034 -0.8444 0.5357
vn -0.0035 -0.8452 0.5345
vn -0.8639 0.3463 -0.3657
vn 0.0010 -1.0000 0.0007
vn -0.0000 -0.9999 0.0131
vn 0.0002 1.0000 0.0001
vn 0.5430 -0.1240 0.8305
vn 0.5057 -0.1484 0.8499
vn -0.0000 -0.1052 -0.9945
vn 0.9774 -0.2112 0.0055
vn 0.9728 -0.2210 0.0699
vn 0.9775 -0.2110 -0.0000
vn -0.1571 0.1235 0.9798
vn -0.8267 0.3228 -0.4607
vn -0.9135 0.4055 -0.0330
vn -0.8212 0.4073 0.3996
vn -0.6498 0.3410 0.6794
vn -0.3086 -0.9512 0.0022
vn -0.3078 -0.9514 0.0065
vn -0.3060 -0.9520 0.0045
vn 0.6467 -0.7281 0.2275
vn 0.7624 -0.6471 0.0007
vn 0.7870 -0.5528 0.2739
vn 0.1145 -0.9933 0.0144
vn -0.6382 0.0489 0.7684
vn -0.6776 0.0540 0.7334
vn -0.6779 0.0540 0.7331
vn 0.5919 -0.6737 0.4424
vn 0.3230 -0.8135 0.4837
vn 0.0018 0.7609 0.6489
vn -0.0004 0.8286 0.5598
vn 0.0018 0.7603 0.6496
vn -0.0058 -0.0913 -0.9958
vn 0.0031 -0.0746 -0.9972
vn -0.0000 -0.0742 -0.9972
vn -0.0000 0.0536 0.9986
vn -0.0001 0.0535 0.9986
vn -0.0001 0.0534 0.9986
vn 0.0011 0.0545 0.9985
vn -0.0027 0.0555 0.9985
vn -0.0021 0.0555 0.9985
vn -0.0001 0.1550 0.9879
vn -0.0002 0.1554 0.9879
vn -0.0000 0.1549 0.9879
vn -0.4996 -0.1115 0.8591
vn -0.3270 -0.3751 0.8674
vn -0.5130 -0.0820 0.8544
vn -0.5629 0.0424 0.8254
vn -0.5437 0.0434 0.8382
vn -0.5630 0.0423 0.8254
vn -0.0718 0.7466 0.6614
vn -0.2119 0.6853 0.6967
vn -0.2216 0.6799 0.6990
vn 0.5532 0.0522 0.8314
vn 0.5528 0.0468 0.8320
vn 0.5543 0.0465 0.8310
vn -0.0267 0.1178 0.9927
vn -0.0962 0.0976 0.9906
vn -0.0255 0.1176 0.9927
vn 0.8825 -0.3951 0.2553
vn 0.7494 -0.4698 0.4667
vn 0.8881 -0.3960 0.2333
vn -0.3887 0.6021 0.6974
vn -0.5475 0.4633 0.6968
vn -0.3905 0.5984 0.6996
vn -0.1090 -0.4863 0.8670
vn -0.1019 -0.4881 0.8668
vn 0.7247 0.0494 0.6873
vn 0.7260 0.0494 0.6860
vn 0.6143 0.0364 0.7883
vn 0.6162 0.0362 0.7867
vn -0.5947 0.0451 0.8027
vn -0.6380 0.0494 0.7684
vn -0.0005 0.0534 0.9986
vn -0.0002 0.0605 0.9982
vn -0.0002 0.0561 0.9984
vn 0.0012 0.0606 0.9982
vn -0.0001 0.1549 0.9879
vn 0.2769 0.2690 0.9225
vn 0.4853 -0.0223 0.8741
vn 0.4210 0.1699 0.8910
vn 0.2773 0.3906 0.8778
vn 0.0837 0.4951 0.8648
vn -0.0045 0.0549 0.9985
vn 0.0150 0.0815 0.9966
vn 0.0055 0.0829 0.9965
vn 0.0008 -0.5530 0.8332
vn 0.0003 -0.5777 0.8163
vn 0.0003 -0.5782 0.8159
vn 0.0031 0.0544 0.9985
vn -0.4780 0.0465 0.8771
vn -0.4791 0.0497 0.8764
vn -0.4789 0.0492 0.8765
vn 0.9909 0.0107 0.1341
vn 0.9741 0.0105 0.2259
vn 0.9911 0.0108 0.1328
vn 0.0439 0.1112 0.9928
vn 0.0450 0.1111 0.9928
vn -0.6098 0.3249 0.7229
vn -0.5652 0.4304 0.7037
vn -0.0002 0.0532 0.9986
vn -0.0018 0.0544 0.9985
vn -0.0011 0.0545 0.9985
vn -0.0413 0.1142 0.9926
vn -0.0416 0.1132 0.9927
vn 0.0009 0.0544 0.9985
vn -0.4773 0.0520 0.8772
vn -0.1306 0.0630 0.9894
vn 0.9767 0.0118 0.2142
vn 0.9880 0.0109 0.1542
vn 0.9764 0.0118 0.2155
vn -0.3388 -0.2918 0.8945
vn -0.0330 -0.3296 0.9435
vn -0.9854 0.0124 0.1698
vn -0.9837 0.0100 0.1793
vn -0.9837 0.0100 0.1795
vn 0.0398 0.1141 0.9927
vn 0.0416 0.1132 0.9927
vn 0.0012 0.5481 0.8364
vn 0.0118 0.5978 0.8016
vn 0.0134 0.6051 0.7960
vn 0.9905 0.0131 0.1369
vn -0.1324 0.0628 0.9892
vn 0.0014 0.0618 0.9981
vn -0.0000 0.0617 0.9981
vn -0.9898 0.0099 0.1424
vn -0.9852 0.0128 0.1708
vn 0.6382 0.0489 0.7683
vn 0.6777 0.0540 0.7334
vn 0.6381 0.0494 0.7684
vn -0.2689 0.3134 0.9107
vn -0.5684 0.1508 0.8088
vn -0.5678 0.1569 0.8081
vn -0.5647 0.1433 0.8127
vn 0.0096 0.5213 0.8533
vn -0.0412 0.7431 0.6679
vn 0.0018 0.7574 0.6529
vn 0.0018 0.7581 0.6522
vn 0.0008 -0.5253 0.8509
vn 0.0003 -0.5519 0.8339
vn 0.0003 -0.5525 0.8335
vn 0.5947 0.0451 0.8027
vn 0.5946 0.0451 0.8028
vn 0.0007 -0.5242 0.8516
vn 0.0008 -0.5242 0.8516
vn -0.5223 -0.0608 0.8506
vn -0.4651 0.0545 0.8836
vn -0.4766 0.0521 0.8776
vn -0.4640 0.0547 0.8841
vn 0.0005 -0.5243 0.8515
vn 0.1181 -0.0679 -0.9907
vn 0.1248 -0.0684 -0.9898
vn 0.0005 0.5127 0.8586
vn -0.0002 0.5158 0.8567
vn 0.0007 0.5122 0.8589
vn -0.0871 0.0545 0.9947
vn 0.0010 0.0544 0.9985
vn 0.0349 0.2566 0.9659
vn -0.5731 0.1432 0.8069
vn -0.9738 0.0330 0.2249
vn -0.3238 -0.3771 0.8677
vn -0.0961 -0.4895 0.8667
vn 0.5701 0.0521 0.8199
vn 0.5697 0.0521 0.8202
vn -0.0022 -0.6462 0.7632
vn -0.0336 -0.8109 0.5842
vn -0.0367 -0.8255 0.5632
vn 0.1253 -0.8385 0.5303
vn 0.0636 -0.8348 0.5469
vn 0.0003 -0.8214 0.5704
vn 0.0005 -0.8212 0.5706
vn -0.9440 0.0385 0.3278
vn -0.9445 -0.1391 0.2975
vn -0.9701 0.0646 -0.2339
vn -0.9560 0.0364 0.2912
vn -0.9565 0.0362 0.2895
vn -0.9566 -0.0028 0.2916
vn -0.4202 -0.8997 0.1185
vn -0.4173 -0.9011 0.1178
vn -0.4204 -0.8995 0.1186
vn -0.7097 -0.6707 0.2158
vn -0.7100 -0.6703 0.2158
vn -0.9561 0.0329 0.2911
vn -0.7571 0.6116 0.2298
vn -0.7571 0.6116 0.2297
vn -0.7455 0.5870 0.3158
vn -0.7596 0.6059 0.2364
vn -0.7593 0.6063 0.2364
vn -0.9282 -0.2685 0.2576
vn -0.9011 -0.2744 0.3357
vn -0.9565 0.0348 0.2897
vn -0.4234 -0.8981 0.1195
vn -0.9547 0.0795 0.2869
vn 0.0494 0.7792 -0.6248
vn -0.6455 -0.4643 0.6065
vn -0.6274 -0.4794 0.6137
vn -0.6512 -0.4610 0.6028
vn 0.0360 0.7827 -0.6213
vn -0.9512 0.0545 0.3037
vn -0.0144 -0.0739 -0.9972
vn 0.0178 -0.0707 -0.9973
vn 0.0193 -0.0705 -0.9973
vn -0.9472 0.0047 -0.3205
vn -0.5967 -0.0047 -0.8025
vn -0.9496 0.0048 -0.3135
vn 0.1345 0.4641 0.8755
vn 0.0086 0.7574 0.6529
vn 0.0116 0.4651 0.8852
vn 0.1433 0.6381 -0.7565
vn -0.0128 0.1447 -0.9894
vn -0.0098 0.6479 -0.7617
vn 0.1284 -0.1396 0.9819
vn 0.0129 0.1609 0.9869
vn 0.0129 -0.1397 0.9901
vn 0.1541 0.9608 -0.2303
vn -0.0028 0.9728 -0.2316
vn 0.0086 -0.7429 0.6694
vn 0.1344 -0.4451 0.8854
vn 0.0116 -0.4459 0.8950
vn 0.1284 0.1606 0.9786
vn -0.0129 -0.1659 -0.9861
vn 0.1433 -0.6544 -0.7424
vn -0.0099 -0.6644 -0.7473
vn -0.0029 -0.9777 -0.2098
vn 0.1539 -0.9502 0.2709
vn 0.0035 -0.9596 0.2812
vn 0.1540 -0.9658 -0.2088
vn 0.1167 0.1456 -0.9824
vn 0.1446 -0.7393 0.6577
vn 0.1540 0.9560 0.2496
vn 0.0036 0.9657 0.2597
vn 0.1447 0.7536 0.6413
vn 0.9757 -0.1158 0.1862
vn 0.9998 0.0220 0.0029
vn 0.9665 0.0975 0.2374
vn 0.7882 -0.0680 0.6117
vn 0.9597 -0.0572 0.2751
vn 0.9565 -0.0176 0.2912
vn 0.4453 -0.1184 0.8875
vn 0.8041 -0.2135 0.5548
vn 0.4651 -0.3754 0.8018
vn 0.9757 0.1199 0.1836
vn 0.8324 0.3532 0.4270
vn 0.8651 0.4407 0.2394
vn 0.4994 0.6311 0.5936
vn 0.5349 0.8016 0.2670
vn 0.9668 -0.0908 0.2388
vn 0.8323 -0.3440 0.4347
vn 0.4991 -0.6181 0.6074
vn 0.8910 -0.4536 0.0192
vn 0.9853 -0.1182 0.1230
vn 0.8650 -0.4355 0.2492
vn 0.5533 -0.8241 -0.1216
vn 0.5347 -0.7956 0.2849
vn 0.9562 0.0237 0.2916
vn 0.7882 0.0810 0.6101
vn 0.4453 0.1373 0.8848
vn 0.8911 0.4537 0.0090
vn 0.9853 0.1210 0.1202
vn 0.5534 0.8211 -0.1400
vn 0.9998 -0.0220 0.0033
vn 0.8967 0.0811 -0.4351
vn 0.8969 -0.0904 -0.4329
vn 0.5039 0.1357 -0.8530
vn 0.5040 -0.1540 -0.8498
vn 0.9959 0.0849 0.0322
vn 0.9013 0.3153 -0.2971
vn 0.5439 0.5613 -0.6237
vn 0.9013 -0.3217 -0.2900
vn 0.9959 -0.0841 0.0344
vn 0.5439 -0.5748 -0.6114
vn 0.1167 -0.1667 -0.9791
vn 0.9593 0.0640 0.2752
vn 0.8041 0.2254 0.5500
vn 0.4652 0.3925 0.7934
vn 0.5528 0.0449 0.8321
vn 0.9759 0.0025 0.2182
vn 0.9766 0.0006 0.2149
vn 0.9742 -0.0015 0.2257
vn 0.9756 -0.0000 0.2193
vn 0.9706 -0.1016 0.2183
vn 0.9411 0.0007 0.3382
vn 0.5112 0.8343 0.2066
vn 0.4865 0.8103 0.3268
vn 0.5124 0.8376 0.1896
vn 0.1595 -0.7760 0.6102
vn 0.4770 -0.7856 0.3941
vn 0.0701 -0.7020 0.7087
vn 0.2180 0.7464 0.6288
vn 0.7416 0.6708 -0.0075
vn 0.8061 0.5410 -0.2398
vn 0.5044 -0.8362 0.2153
vn 0.5058 -0.8411 0.1915
vn 0.5172 -0.8557 0.0186
vn 0.5185 -0.8551 -0.0005
vn 0.5268 -0.8252 -0.2036
vn 0.5452 -0.7430 -0.3882
vn 0.5463 -0.7352 -0.4014
vn 0.5070 0.8605 0.0504
vn 0.5078 0.8606 0.0397
vn 0.5253 -0.8301 -0.1872
vn 0.5291 0.8232 -0.2060
vn 0.5321 0.8113 -0.2422
vn 0.5662 0.6325 -0.5285
vn 0.5682 0.6031 -0.5598
vn 0.9248 0.0013 0.3805
vn 0.5793 0.4169 -0.7004
vn 0.5801 0.4130 -0.7021
vn 0.0336 0.1251 0.9916
vn -0.0038 0.0726 0.9974
vn 0.5255 -0.2725 0.8060
vn 0.6161 -0.3917 0.6833
vn 0.5138 -0.2548 0.8192
vn 0.5637 -0.5500 -0.6162
vn 0.5628 -0.5505 -0.6167
vn 0.9754 0.0026 0.2206
vn 0.9756 0.0033 0.2193
vn 0.6448 -0.4295 0.6323
vn 0.7357 -0.5471 0.3994
vn 0.7742 -0.5921 0.2238
vn 0.7759 -0.5923 0.2170
vn 0.6716 0.6984 0.2473
vn 0.7223 0.5892 0.3621
vn 0.6676 0.7052 0.2389
vn 0.7941 -0.5952 0.1231
vn 0.7957 -0.5953 0.1119
vn 0.7265 0.5615 0.3961
vn 0.7183 0.4940 0.4899
vn 0.6878 0.7209 0.0850
vn 0.6897 0.7209 0.0681
vn 0.7065 0.6882 -0.1649
vn 0.6837 0.7003 -0.2053
vn 0.6242 -0.6614 -0.4158
vn 0.6670 -0.6589 -0.3479
vn 0.5752 0.6380 -0.5120
vn 0.5690 0.6658 -0.4826
vn 0.9745 0.0133 0.2241
vn 0.9758 0.0033 0.2187
vn 0.7803 -0.6246 -0.0309
vn 0.8041 -0.5945 -0.0048
vn 0.9311 0.0010 0.3649
vn 0.9251 0.0010 0.3798
vn 0.6003 -0.2658 -0.7543
vn 0.5999 -0.2837 -0.7481
vn 0.3849 -0.0733 0.9201
vn 0.4371 -0.1438 0.8879
vn 0.3528 -0.0325 0.9351
vn 0.4663 -0.1851 0.8650
vn 0.4168 0.1859 0.8898
vn 0.3678 0.0737 0.9270
vn 0.3522 0.0405 0.9351
vn 0.5159 0.3907 0.7624
vn 0.4287 0.2152 0.8774
vn 0.5917 0.0828 -0.8019
vn 0.5975 0.2363 -0.7662
vn 0.5973 0.2518 -0.7615
vn 0.7061 0.4651 0.5340
vn 0.9260 -0.0061 0.3775
vn 0.9221 -0.0001 0.3870
vn 0.9220 -0.0001 0.3871
vn 0.9766 0.0009 0.2152
vn 0.9779 -0.0003 0.2089
vn 0.9757 0.0033 0.2192
vn 0.9770 0.0130 0.2128
vn 0.9791 0.0044 0.2032
vn 0.9711 0.0510 0.2330
vn 0.9527 0.0923 0.2896
vn 0.9497 0.1135 0.2920
vn 0.9756 0.0002 0.2195
vn 0.9765 -0.0270 0.2137
vn 0.9614 -0.0206 0.2742
vn 0.9583 -0.0931 0.2701
vn 0.9223 -0.0022 0.3865
vn 0.9316 -0.0092 0.3633
vn 0.9304 -0.0544 0.3625
vn 0.9214 0.0015 0.3886
vn 0.9246 -0.0013 0.3809
vn 0.9284 0.0528 0.3678
vn 0.9195 0.0098 0.3930
vn 0.9285 0.0559 0.3672
vn 0.9773 0.0108 0.2114
vn 0.3511 0.7955 0.4939
vn 0.6430 -0.7627 -0.0688
vn 0.6953 -0.6603 -0.2838
vn 0.9857 0.0317 0.1653
vn 0.9774 0.0478 0.2057
vn 0.9930 0.0054 0.1183
vn 0.9798 -0.0131 0.1994
vn 0.9685 -0.0102 0.2487
vn 0.1462 0.0001 0.9893
vn 0.5442 0.1258 0.8295
vn 0.4973 0.0049 0.8676
vn 0.9823 0.0112 0.1869
vn 0.9728 -0.0239 0.2304
vn 0.9905 0.0274 0.1351
vn 0.9882 0.0652 0.1388
vn 0.9864 0.0399 0.1592
vn 0.9873 0.0660 0.1446
vn 0.9861 0.0590 0.1553
vn 0.9838 -0.0679 0.1659
vn 0.9780 -0.0817 0.1921
vn -0.0013 0.0703 0.9975
vn 0.9644 -0.0295 0.2628
vn 0.9939 0.0289 0.1068
vn 0.9970 0.0075 0.0765
vn 0.9917 0.0067 0.1284
vn 0.9948 0.0107 0.1011
vn 0.5376 0.8388 0.0857
vn 0.5406 0.8369 0.0863
vn 0.5371 0.8392 0.0857
vn 0.5410 0.8366 0.0864
vn 0.5434 0.8368 0.0673
vn 0.9878 0.0071 0.1555
vn 0.9904 0.0101 0.1382
vn 0.9876 0.0090 0.1566
vn 0.9873 0.0088 0.1585
vn 0.9873 0.0087 0.1587
vn 0.5409 -0.1572 -0.8263
vn 0.5951 -0.8036 0.0147
vn -0.4848 -0.3789 0.7883
vn 0.4675 0.5893 0.6589
vn 0.0009 0.0953 0.9954
vn 0.0003 0.4390 0.8985
vn 0.0052 0.3279 0.9447
vn -0.0000 0.3301 0.9439
vn -0.0001 0.9884 0.1516
vn 0.0043 0.3072 0.9516
vn -0.0000 -0.0659 -0.9978
vn 0.9907 0.0977 0.0945
vn 0.9948 0.1001 0.0188
vn 0.9933 0.1053 0.0484
vn 0.9934 0.1050 0.0467
vn 0.9910 0.0925 0.0969
vn 0.9947 0.1006 0.0193
vn 0.9863 0.0385 0.1602
vn 0.9976 0.0176 0.0669
vn 0.9991 0.0327 0.0268
vn 0.9869 -0.0596 0.1499
vn 0.9919 -0.0359 0.1215
vn 0.9929 -0.0258 0.1157
vn 0.9976 0.0144 0.0674
vn 0.9752 -0.0783 0.2071
vn 0.9779 -0.0820 0.1925
vn 0.9762 -0.0808 0.2012
vn 0.9698 -0.0495 0.2388
vn 0.9798 -0.0796 0.1832
vn 0.9808 -0.0761 0.1794
vn 0.9739 0.0099 0.2269
vn 0.9849 -0.0701 0.1582
vn 0.9681 -0.0161 0.2499
vn 0.9674 -0.0207 0.2524
vn 0.9828 0.0307 0.1820
vn 0.0003 -1.0000 -0.0033
vn 0.0003 -1.0000 -0.0048
vn 0.0002 -1.0000 -0.0042
vn -0.0000 -1.0000 -0.0044
vn 0.6604 -0.0097 0.7509
vn 0.4628 -0.0116 0.8864
vn 0.4592 -0.0116 0.8883
vn 0.9938 -0.0004 0.1112
vn 0.9943 -0.0001 0.1065
vn -0.0000 0.9999 0.0134
vn -0.0001 0.9995 0.0314
vn -0.0001 0.9986 0.0530
vn -0.0002 0.9973 0.0736
vn -0.0002 0.9986 0.0530
vn -0.0001 0.9995 0.0315
vn -0.9938 -0.0013 0.1112
vn 0.1160 -0.0132 0.9932
vn 0.1155 -0.0132 0.9932
vn -0.9752 -0.0030 0.2214
vn -0.9751 -0.0034 0.2216
vn 0.0001 -1.0000 -0.0043
vn 0.0001 -1.0000 -0.0046
vn 0.0001 -1.0000 -0.0048
vn 0.0002 -1.0000 -0.0041
vn 0.0002 -1.0000 -0.0048
vn -0.0002 0.9966 0.0826
vn -0.0004 0.9972 0.0744
vn -0.6604 -0.0103 0.7509
vn -0.1160 -0.0133 0.9932
vn -0.0000 -0.0133 0.9999
vn -0.2293 -0.0131 0.9733
vn 0.9752 -0.0021 0.2215
vn 0.9751 -0.0025 0.2216
vn 0.4668 0.8766 0.1173
vn 0.2280 0.9723 0.0518
vn 0.2274 0.9687 0.0993
vn 0.8377 0.5303 0.1307
vn 0.4558 0.8888 0.0473
vn 0.9484 0.2894 0.1296
vn 0.9560 0.2929 0.0158
vn 0.2278 0.9728 0.0412
vn 0.4573 0.8892 0.0119
vn 0.2289 0.9734 0.0131
vn 0.4424 0.8961 0.0369
vn 0.6595 0.7516 0.0101
vn 0.9572 0.2876 0.0337
vn 0.9563 0.2924 0.0039
vn -0.4575 0.8891 0.0125
vn -0.2281 0.9727 0.0419
vn -0.2290 0.9733 0.0136
vn -0.6599 0.7513 0.0106
vn -0.4569 0.8891 0.0283
vn -0.9566 0.2915 0.0041
vn -0.9607 0.2774 -0.0108
vn -0.2284 0.9722 0.0523
vn -0.6470 0.7612 0.0445
vn -0.4563 0.8885 0.0478
vn -0.9565 0.2916 0.0067
vn -0.9563 0.2920 0.0160
vn -0.4673 0.8762 0.1178
vn -0.2280 0.9685 0.0998
vn -0.8381 0.5296 0.1310
vn -0.9486 0.2886 0.1298
vn 0.2289 0.9734 -0.0000
vn -0.1930 0.9609 0.1986
vn -0.2244 0.8307 0.5095
vn -0.1067 0.9496 0.2948
vn -0.4165 0.8513 0.3191
vn -0.3890 0.4758 0.7889
vn -0.6267 0.2593 0.7348
vn -0.7263 0.5034 0.4681
vn -0.0572 0.8263 0.5603
vn -0.0289 0.9438 0.3291
vn -0.0982 0.4655 0.8796
vn -0.1097 0.2432 0.9637
vn 0.0566 0.8266 0.5600
vn 0.1061 0.9498 0.2943
vn 0.0283 0.9440 0.3287
vn 0.0979 0.4658 0.8795
vn 0.2240 0.8311 0.5091
vn 0.1096 0.2434 0.9637
vn 0.3888 0.4763 0.7887
vn 0.1925 0.9611 0.1980
vn 0.4160 0.8517 0.3187
vn 0.6266 0.2599 0.7347
vn 0.7260 0.5041 0.4678
vn 0.9304 0.2821 0.2342
vn -0.0001 0.2407 0.9706
vn -0.0002 0.4707 0.8823
vn -0.0003 0.8328 0.5535
vn -0.9306 0.2812 0.2343
vn -0.0000 0.9999 0.0140
vn -0.0001 0.9995 0.0317
vn -0.0001 0.9986 0.0532
vn -0.0002 0.9973 0.0739
vn -0.0000 0.9999 0.0138
vn -0.0001 0.9998 0.0207
vn -0.0002 0.9973 0.0738
vn -0.0002 0.9986 0.0534
vn -0.0002 0.9986 0.0535
vn -0.0001 0.9995 0.0320
vn -0.0001 0.9999 0.0138
vn -0.0003 0.9966 0.0824
vn -0.0003 0.9972 0.0742
vn -0.0002 0.9966 0.0821
vn -0.0004 0.9966 0.0826
vn -0.0002 0.9972 0.0742
vn 0.0066 0.9991 0.0408
vn -0.0002 0.9986 0.0533
vn -0.0001 0.8328 0.5535
vn -0.0001 0.4707 0.8823
vn -0.0000 0.2407 0.9706
vn -0.0002 0.9966 0.0824
vn -0.0003 0.9429 0.3330
vn 0.9563 0.2924 0.0066
vn 0.6553 0.7554 -0.0009
vn -0.2139 0.2201 0.9517
vn -0.5618 0.0800 0.8234
vn -0.2187 0.0709 0.9732
vn -0.9517 0.2350 -0.1974
vn -0.8181 0.1612 -0.5520
vn -0.9715 0.1417 -0.1900
vn 0.5784 0.2293 -0.7829
vn 0.2333 0.1826 -0.9551
vn 0.2268 0.2291 -0.9466
vn 0.5901 0.4468 0.6724
vn 0.5043 0.2206 0.8349
vn 0.7803 0.2239 0.5840
vn 0.3367 0.4836 0.8079
vn 0.1561 0.2188 0.9632
vn -0.0455 0.5442 0.8377
vn -0.2031 0.4051 0.8914
vn 0.9622 0.2374 -0.1334
vn 0.9122 0.3132 0.2644
vn 0.9426 0.2315 0.2408
vn 0.6224 0.4510 -0.6397
vn 0.8389 0.2335 -0.4916
vn 0.9517 0.2903 -0.0997
vn -0.5615 0.5034 0.6567
vn -0.8143 0.2290 0.5334
vn -0.5540 0.2241 0.8018
vn -0.8260 0.4569 0.3302
vn -0.9550 0.2331 0.1835
vn -0.8336 0.5477 -0.0709
vn -0.9398 0.2979 -0.1671
vn 0.0946 0.4922 -0.8654
vn 0.2378 0.3078 -0.9213
vn -0.6117 0.4161 -0.6729
vn -0.5233 0.2324 -0.8199
vn -0.8010 0.2344 -0.5508
vn -0.3535 0.4384 -0.8264
vn -0.1613 0.2301 -0.9597
vn 0.5148 0.7301 0.4493
vn 0.6437 0.7301 0.2295
vn 0.5923 0.1756 -0.7863
vn 0.8558 0.1615 -0.4915
vn 0.9826 0.1415 -0.1202
vn -0.1633 0.1823 -0.9696
vn -0.5338 0.1750 -0.8273
vn 0.7871 0.0963 0.6092
vn 0.5050 0.0793 0.8595
vn 0.1531 0.0706 0.9857
vn -0.9727 0.1190 0.1990
vn -0.8270 0.0971 0.5537
vn 0.9565 0.1184 0.2666
vn -0.0427 0.9991 -0.0059
vn -0.0751 0.9884 0.1320
vn 0.0568 0.9845 0.1660
vn 0.0876 0.7320 0.6757
vn -0.1548 0.7339 0.6613
vn 0.6824 0.7304 -0.0309
vn 0.6617 0.6659 -0.3446
vn 0.6158 0.7308 -0.2943
vn 0.4460 0.7317 -0.5155
vn 0.1966 0.7330 -0.6512
vn -0.5547 0.7387 0.3830
vn -0.6563 0.7404 0.1454
vn -0.6607 0.7408 -0.1215
vn -0.3564 0.7376 -0.5735
vn -0.5576 0.7398 -0.3766
vn 0.3202 0.7307 0.6030
vn -0.3784 0.7363 0.5609
vn -0.0887 0.7352 -0.6720
vn 0.2540 0.8315 0.4941
vn 0.4064 0.8341 0.3731
vn 0.1559 0.9303 0.3320
vn 0.2462 0.9339 0.2591
vn 0.0712 0.8311 0.5515
vn 0.0467 0.9292 0.3667
vn 0.0215 0.9839 0.1773
vn -0.1193 0.8331 0.5401
vn -0.0675 0.9306 0.3598
vn -0.0155 0.9844 0.1750
vn 0.5066 0.8385 0.2006
vn 0.5359 0.8443 -0.0028
vn 0.3045 0.9396 0.1562
vn 0.3203 0.9466 0.0362
vn 0.1041 0.9886 0.1090
vn 0.0975 0.9947 0.0329
vn 0.2090 0.9606 -0.1831
vn 0.0725 0.9974 0.0017
vn 0.2878 0.9540 -0.0837
vn 0.3504 0.8561 -0.3799
vn 0.4832 0.8504 -0.2080
vn 0.1081 0.9916 0.0708
vn -0.2947 0.8371 0.4609
vn -0.4324 0.8427 0.3209
vn -0.1720 0.9344 0.3119
vn -0.2530 0.9403 0.2278
vn -0.0490 0.9860 0.1591
vn -0.5109 0.8490 0.1348
vn -0.2980 0.9473 0.1173
vn -0.0891 0.9913 0.0966
vn -0.5134 0.8550 -0.0734
vn -0.2977 0.9546 -0.0050
vn -0.0882 0.9944 0.0577
vn 0.1559 0.8604 -0.4852
vn -0.0665 0.8627 -0.5014
vn 0.0952 0.9652 -0.2436
vn -0.0345 0.9669 -0.2529
vn 0.0364 0.9992 -0.0167
vn -0.0724 0.9971 0.0212
vn -0.1563 0.9654 -0.2088
vn -0.2487 0.9611 -0.1205
vn -0.2751 0.8625 -0.4248
vn -0.4322 0.8598 -0.2719
vn -0.0043 0.9998 -0.0195
vn 0.0855 0.9862 0.1420
vn 0.9975 0.0125 0.0699
vn 1.0000 -0.0001 0.0011
vn 0.0003 -0.0933 0.9956
vn -0.0000 -0.0896 -0.9960
vn -0.9561 -0.0024 -0.2931
vn -0.7988 -0.4688 -0.3770
vn 0.0001 0.9226 -0.3857
vn -0.0000 0.0323 -0.9995
vn 0.0972 0.5692 -0.8165
vn -0.1022 0.5751 -0.8117
vn 0.0082 -0.1687 -0.9856
vn 0.0140 -0.1953 -0.9806
vn 0.0025 0.1131 0.9936
vn -0.6975 0.2332 -0.6776
vn -0.6247 0.5542 -0.5501
vn -0.6381 0.0052 -0.7700
vn -0.6096 0.0304 -0.7921
vn -0.6465 0.0329 -0.7622
vn 0.5370 0.0124 -0.8435
vn -0.0247 -0.5351 -0.8444
vn 0.5526 0.0135 -0.8334
vn -0.0248 0.5695 -0.8216
vn -0.0761 0.2556 -0.9638
vn 0.8908 -0.4545 -0.0000
vn 0.6258 0.0606 -0.7776
vn -0.0002 0.6175 -0.7866
vn -0.0001 0.6813 -0.7320
vn -0.0000 0.9822 -0.1878
vn -0.0000 0.0143 -0.9999
vn 0.6974 0.2332 -0.6777
vn 0.6089 0.0229 -0.7929
vn -0.7646 -0.6247 -0.1586
vn 0.2862 -0.2531 0.9241
vn 0.6262 -0.0000 -0.7797
vn -0.5635 0.0159 -0.8259
vn 0.6381 0.0052 -0.7700
vn 0.1003 -0.5542 -0.8263
vn -0.0002 -0.5789 -0.8154
vn -0.5529 0.0524 -0.8316
vn -0.7258 0.0504 -0.6860
vn 0.5527 0.0674 -0.8306
vn -0.6327 0.0606 -0.7720
vn 0.6321 0.0611 -0.7724
vn -0.0210 0.0002 0.9998
vn -0.7684 0.5051 -0.3929
vn -0.9955 -0.0755 -0.0578
vn -0.7783 0.6088 -0.1537
vn -0.8571 0.3126 0.4094
vn -0.1951 0.9808 0.0087
vn -0.0001 1.0000 0.0083
vn -0.0000 -0.9999 -0.0151
vn -0.0002 1.0000 0.0084
vn -0.0002 0.6430 -0.7659
vn 0.6688 0.0584 -0.7412
vn -0.0225 0.0584 -0.9980
vn -0.0458 0.1118 -0.9927
vn -0.6257 0.0589 -0.7779
vn -0.0223 0.0575 -0.9981
vn 0.0452 0.1154 -0.9923
vn 0.0451 0.1135 -0.9925
vn -0.5988 -0.0143 -0.8008
vn -0.7070 -0.7072 -0.0018
vn -0.0000 -0.6079 -0.7940
vn 0.9999 0.0003 -0.0165
vn 0.9689 0.0034 0.2476
vn 0.0101 -0.1950 -0.9808
vn 0.5526 0.0134 -0.8334
vn -0.6147 -0.0035 0.7887
vn -0.1448 0.9894 -0.0121
vn -0.8855 0.4647 -0.0000
vn -0.7135 -0.6663 -0.2165
vn -0.7263 0.0515 -0.6855
vn -0.6163 0.0362 -0.7867
vn 0.7134 -0.0128 -0.7007
vn -0.8521 0.0072 0.5233
vn 0.0058 0.0070 1.0000
vn 0.1115 -0.1018 0.9885
vn 0.7138 -0.0136 -0.7002
vn 0.0008 0.0348 -0.9994
vn 0.0008 0.0358 0.9994
vn 0.0011 0.0527 -0.9986
vn 0.0020 0.0939 -0.9956
vn 0.0033 -0.1698 -0.9855
vn -0.0006 -0.5789 -0.8154
vn -0.0000 0.0349 -0.9994
vn 0.2366 -0.0763 -0.9686
vn 0.5437 0.0296 -0.8388
vn 0.5330 -0.0013 -0.8461
vn -0.2365 0.1603 -0.9583
vn -0.0010 0.6419 -0.7668
vn -0.0020 0.5113 -0.8594
vn -0.0003 0.0657 -0.9978
vn -0.0014 0.8311 -0.5561
vn -0.6114 0.0261 -0.7909
vn 0.5486 -0.0085 -0.8360
vn -0.5526 0.0002 -0.8334
vn -0.0001 0.0685 -0.9976
vn -0.7216 0.0650 -0.6893
vn -0.1208 -0.4535 -0.8830
vn 0.0030 0.0123 -0.9999
vn -0.9491 0.0121 -0.3148
vn -0.2115 -0.7341 -0.6453
vn -0.3434 0.8265 0.4461
vn 0.8051 -0.5915 -0.0427
vn 0.6766 0.3901 0.6245
vn -0.8480 0.2069 0.4879
vn 0.7096 0.5668 -0.4187
vn -0.9205 0.1010 -0.3774
vn 0.5860 -0.0049 0.8103
vn 0.9496 0.0128 -0.3133
vn 0.6073 0.0009 -0.7944
vn 0.2729 0.0238 -0.9618
vn -1.0000 0.0003 0.0001
vn -0.0717 0.9611 -0.2667
vn -0.5933 -0.0000 -0.8049
vn -0.9904 0.0341 -0.1337
vn -0.6846 0.0261 -0.7285
vn -0.6896 -0.1270 -0.7130
vn -0.6844 0.0234 -0.7288
vn -0.9978 0.0670 -0.0000
vn -0.9998 -0.0183 -0.0000
vn 0.0133 0.8264 -0.5629
vn -0.9998 -0.0193 -0.0000
vn -0.9910 -0.0001 -0.1337
vn 0.1095 0.3079 -0.9451
vn 0.0063 0.2225 -0.9749
vn 0.0214 0.1999 -0.9796
vn -0.0009 0.0328 -0.9995
vn -0.0001 0.0350 -0.9994
vn 0.0539 0.1140 -0.9920
vn 0.4151 0.6675 -0.6182
vn 0.9995 0.0097 -0.0298
vn -0.4386 -0.0003 -0.8987
vn 0.8656 0.0108 -0.5007
vn 0.9888 -0.0534 -0.1395
vn 0.9192 -0.3939 -0.0000
vn 0.5434 0.8368 -0.0673
vn 0.7091 0.5843 0.3947
vn 0.9983 0.0587 -0.0000
vn 0.4442 0.8959 -0.0000
vn 0.2624 -0.2969 -0.9182
vn 0.9675 0.0039 -0.2527
vn 0.9963 0.0487 -0.0715
vn 0.9053 -0.0119 -0.4246
vn 0.9997 0.0256 -0.0000
vn -0.6381 0.0494 -0.7684
vn -0.0004 0.8299 -0.5579
vn -0.0066 -0.0914 0.9958
vn -0.3315 -0.3719 -0.8671
vn -0.5437 0.0435 -0.8382
vn -0.3905 0.5984 -0.6996
vn 0.6163 0.0362 -0.7867
vn 0.0055 0.0829 -0.9965
vn 0.0008 -0.5528 -0.8333
vn 0.9736 0.0106 -0.2278
vn 0.9883 0.0109 -0.1524
vn -0.0330 -0.3296 -0.9435
vn -0.9837 0.0100 -0.1795
vn 0.0134 0.6051 -0.7960
vn 0.9905 0.0131 -0.1372
vn 0.6381 0.0494 -0.7684
vn -0.5678 0.1569 -0.8081
vn 0.0018 0.7581 -0.6522
vn 0.0008 -0.5251 -0.8511
vn 0.0008 -0.5242 -0.8516
vn -0.4640 0.0547 -0.8841
vn 0.1248 -0.0684 0.9898
vn -0.0002 0.5161 -0.8565
vn -0.0883 0.0545 -0.9946
vn 0.5698 0.0521 -0.8201
vn 0.5694 0.0514 -0.8204
vn 0.0004 -0.6307 -0.7760
vn -0.9011 -0.2744 -0.3357
vn -0.9701 0.0646 0.2339
vn -0.7571 0.6116 -0.2297
vn 0.0193 -0.0705 0.9973
vn -0.5875 -0.0048 0.8092
vn 0.8061 0.5410 0.2398
vn -0.0152 0.0726 -0.9972
vn 0.4953 0.4043 -0.7689
vn 0.9876 0.0001 -0.1571
vn 0.0001 -0.9999 0.0121
vn 0.0002 -1.0000 0.0044
vn 0.0003 -1.0000 0.0042
vn 0.0005 -1.0000 0.0053
vn 0.9943 -0.0001 -0.1065
vn -0.9751 -0.0034 -0.2216
vn 0.0001 -1.0000 0.0048
vn -0.2280 0.9685 -0.0998
vn -0.2290 0.9734 -0.0000
vn 0.9304 0.2821 -0.2342
vn -0.5981 -0.0000 0.8014
vn 0.9975 0.0125 -0.0699
vn 1.0000 -0.0001 -0.0011
vn 0.0003 -0.0933 -0.9956
vn -0.0044 -0.1669 0.9860
vn -0.7988 -0.4688 0.3769
vn -0.8306 0.0003 0.5568
vn 0.0972 0.5692 0.8165
vn -0.1317 0.7457 0.6532
vn -0.8608 0.5042 0.0689
vn 0.0025 0.1131 -0.9936
vn -0.7492 0.1441 -0.6465
vn -0.7630 0.6247 0.1662
vn -0.6975 0.2332 0.6776
vn 0.5965 0.0078 0.8026
vn -0.5377 0.0124 0.8431
vn -0.5526 0.0135 0.8333
vn 0.5525 0.0135 0.8334
vn -0.6651 0.7254 0.1776
vn -0.9705 0.2401 0.0230
vn -0.9761 0.1317 0.1729
vn -0.6578 -0.5297 0.5355
vn -0.0761 0.2556 0.9638
vn -0.0019 -0.2921 0.9564
vn -0.5965 0.0078 0.8026
vn 0.5526 0.0623 0.8311
vn -0.9061 0.2331 0.3532
vn -0.0000 0.7097 0.7045
vn 0.0004 0.5902 0.8072
vn -0.0004 0.6428 0.7661
vn -0.0015 0.0143 0.9999
vn -0.5457 -0.0000 0.8380
vn 0.6247 0.5542 0.5501
vn 0.0233 -0.5361 0.8438
vn -0.6162 0.0307 0.7870
vn 0.0263 0.5706 0.8208
vn 0.2770 -0.1978 -0.9403
vn 0.8286 0.0066 0.5598
vn -0.6208 0.0112 0.7839
vn 0.5691 0.0061 0.8222
vn 0.1160 -0.6461 0.7544
vn -0.0002 -0.5789 0.8154
vn -0.6327 0.0606 0.7720
vn 0.5527 0.0620 0.8311
vn -0.6688 0.0584 0.7412
vn 0.0058 0.0050 -1.0000
vn -0.0002 1.0000 -0.0084
vn -0.0002 0.6430 0.7659
vn 0.5525 0.0619 0.8312
vn -0.0002 0.0683 0.9977
vn -0.0206 0.0549 0.9983
vn -0.7257 0.0530 0.6860
vn 0.6162 0.0308 0.7870
vn -0.7136 -0.0128 0.7005
vn 0.6370 -0.0001 0.7709
vn -0.5989 -0.0143 0.8007
vn -0.7070 -0.7072 0.0018
vn 0.0035 -0.8452 0.5345
vn -0.0758 0.9962 0.0421
vn -0.7260 0.0494 0.6859
vn 0.0101 -0.1950 0.9808
vn -0.5683 0.0144 0.8227
vn -0.2011 0.1145 -0.9729
vn -0.1448 0.9894 0.0121
vn -0.4153 0.0537 0.9081
vn -0.6403 -0.6622 0.3892
vn -0.6163 0.0362 0.7867
vn -0.8732 0.0034 -0.4873
vn -0.0000 0.0059 -1.0000
vn -0.0147 -0.1953 0.9806
vn 0.1115 -0.1018 -0.9885
vn 0.8903 0.0001 -0.4553
vn -1.0000 -0.0000 -0.0002
vn -0.0002 0.9967 0.0812
vn -0.0000 0.0163 0.9999
vn 0.7138 -0.0136 0.7002
vn 0.0044 0.0356 0.9994
vn 0.0008 0.0358 -0.9994
vn 0.0068 0.0544 0.9985
vn 0.0121 0.0969 0.9952
vn -0.0000 0.7102 0.7040
vn 0.8294 0.3991 0.3910
vn -0.8294 0.3991 0.3910
vn -0.0000 0.3315 0.9435
vn -0.7053 0.2463 0.6647
vn 0.7069 0.2456 0.6633
vn -0.0006 -0.5789 0.8154
vn -0.0000 0.0349 0.9994
vn 0.5329 -0.0013 0.8462
vn -0.2365 0.1603 0.9583
vn 0.2488 0.7072 0.6618
vn -0.0010 0.6419 0.7668
vn -0.0000 0.5557 0.8314
vn -0.0014 0.8311 0.5561
vn -0.6115 0.0261 0.7908
vn -0.5528 0.0407 0.8323
vn -0.0001 0.0685 0.9976
vn -0.9294 -0.1668 0.3292
vn -0.6602 -0.4535 -0.5988
vn -0.1020 0.4783 0.8723
vn 0.9820 0.1055 -0.1567
vn 0.8974 -0.0629 -0.4367
vn -0.7052 -0.6390 -0.3074
vn 0.5788 -0.0120 0.8154
vn -0.5868 -0.0123 0.8097
vn -0.1824 -0.7453 0.6413
vn -0.3763 0.8232 -0.4251
vn 0.8051 -0.5915 0.0427
vn 0.6766 0.3901 -0.6245
vn -0.0826 0.9955 -0.0475
vn -0.8480 0.2069 -0.4879
vn 0.7919 0.4064 0.4557
vn -0.9238 0.1199 0.3636
vn 0.5860 -0.0049 -0.8103
vn 0.9535 -0.0123 -0.3012
vn -0.6074 0.0009 0.7944
vn -0.6846 0.0261 0.7285
vn -0.6896 -0.1270 0.7129
vn -0.6842 0.0234 0.7289
vn -0.5324 -0.4799 0.6973
vn -0.2208 -0.0417 0.9744
vn -0.3239 0.9456 -0.0295
vn 0.0133 0.8264 0.5629
vn 0.0133 -0.8264 0.5629
vn -0.6707 0.6063 0.4272
vn -0.9910 0.0002 0.1338
vn -0.9910 -0.0000 0.1341
vn 0.0002 0.0735 -0.9973
vn 0.0007 -0.9522 -0.3055
vn -0.7169 -0.6794 0.1562
vn 0.0063 0.2225 0.9749
vn 0.0240 0.1959 0.9803
vn 0.0539 0.1140 0.9920
vn -0.0001 0.0350 0.9994
vn -0.0009 0.0328 0.9995
vn -0.1511 0.2303 0.9613
vn 0.3120 0.7354 0.6015
vn 0.0356 0.7996 0.5994
vn -0.4002 -0.9164 -0.0097
vn 0.9274 0.3719 -0.0401
vn -0.4226 0.6437 0.6380
vn 0.1555 0.0449 0.9868
vn 0.9203 0.0723 -0.3844
vn 0.9397 0.1152 -0.3221
vn 0.7509 -0.0201 0.6601
vn 0.9786 0.0020 0.2056
vn 0.4826 -0.7924 -0.3731
vn 0.5766 0.2343 -0.7827
vn 0.9705 -0.2333 0.0602
vn -0.0004 0.8299 0.5579
vn -0.0066 -0.0914 -0.9958
vn -0.0002 0.1554 0.9878
vn -0.3315 -0.3720 0.8670
vn -0.5436 0.0434 0.8382
vn 0.5520 0.0524 0.8322
vn -0.0973 0.0980 0.9904
vn 0.7532 -0.5426 0.3718
vn -0.5945 0.0451 0.8028
vn -0.0040 0.0541 0.9985
vn 0.0008 -0.5528 0.8333
vn 0.9736 0.0106 0.2278
vn 0.9883 0.0109 0.1524
vn -0.0002 0.5410 0.8410
vn 0.9905 0.0131 0.1372
vn -0.9900 0.0096 0.1409
vn 0.6780 0.0540 0.7331
vn 0.0143 0.5291 0.8485
vn 0.0008 -0.5251 0.8511
vn -0.0002 0.5161 0.8565
vn -0.0883 0.0545 0.9946
vn -0.9653 0.0370 0.2584
vn 0.0004 -0.6307 0.7760
vn 0.7800 -0.4836 0.3971
vn -0.9701 0.0646 -0.2338
vn -0.4171 -0.9012 0.1178
vn -0.0167 -0.0741 -0.9971
vn -0.5875 -0.0048 -0.8092
vn 0.4915 0.8002 0.3435
vn 0.4953 -0.7643 0.4130
vn 0.0013 0.0736 0.9973
vn 0.7383 -0.5503 0.3899
vn 0.9757 0.0003 0.2191
vn 0.4953 0.4042 0.7690
vn 0.9684 0.0407 0.2462
vn 0.9763 -0.0002 0.2164
vn 0.9222 -0.0020 0.3867
vn 0.9854 0.0005 0.1705
vn 0.9778 -0.0809 0.1934
vn 0.9683 -0.0513 0.2446
vn 0.0002 -1.0000 -0.0043
vn 0.0002 -1.0000 -0.0044
vn 0.0001 -0.9999 -0.0121
vn 0.0006 -1.0000 -0.0060
vn 0.0005 -1.0000 -0.0051
vn -0.9943 -0.0011 0.1064
vn -0.1155 -0.0133 0.9932
vn 0.6581 0.7519 0.0393
vn 0.9560 0.2930 0.0152
vn -0.6586 0.7515 0.0397
vn -0.9563 0.2921 0.0153
vn -0.4337 0.2580 0.8634
vn 0.4336 0.2584 0.8632
vn -0.0002 0.9430 0.3329
vt 0.240022 0.616710
vt 0.239172 0.652535
vt 0.239273 0.616708
vt 0.161935 0.550464
vt 0.175058 0.554148
vt 0.172325 0.559147
vt 0.690026 0.875548
vt 0.727514 0.868229
vt 0.728754 0.883051
vt 0.040084 0.536969
vt 0.036864 0.535768
vt 0.050263 0.530406
vt 0.227004 0.420205
vt 0.218517 0.412510
vt 0.226659 0.409612
vt 0.177615 0.558145
vt 0.182630 0.560608
vt 0.208160 0.424625
vt 0.217776 0.425562
vt 0.214871 0.429822
vt 0.500556 0.455416
vt 0.471670 0.453481
vt 0.479579 0.378036
vt 0.027554 0.663377
vt 0.057368 0.664498
vt 0.057295 0.741391
vt 0.411678 0.296564
vt 0.414371 0.283487
vt 0.421585 0.298608
vt 0.745938 0.697904
vt 0.745706 0.704527
vt 0.745706 0.697995
vt 0.778364 0.636365
vt 0.784971 0.636886
vt 0.778445 0.636600
vt 0.784971 0.574513
vt 0.778364 0.574481
vt 0.778445 0.574227
vt 0.738336 0.636170
vt 0.744821 0.636692
vt 0.738417 0.636405
vt 0.744821 0.574513
vt 0.738339 0.574520
vt 0.738295 0.574227
vt 0.702608 0.709641
vt 0.702349 0.715922
vt 0.702373 0.709682
vt 0.738336 0.636660
vt 0.814560 0.613353
vt 0.808114 0.613498
vt 0.808224 0.613365
vt 0.718229 0.709629
vt 0.718294 0.703023
vt 0.718549 0.703099
vt 0.135985 0.823860
vt 0.116230 0.821174
vt 0.136163 0.823131
vt 0.127103 0.812870
vt 0.137027 0.814165
vt 0.058846 0.664389
vt 0.079753 0.690725
vt 0.071531 0.703351
vt 0.091465 0.681166
vt 0.059744 0.815646
vt 0.080527 0.792406
vt 0.092573 0.801716
vt 0.072056 0.779772
vt 0.067349 0.762961
vt 0.064177 0.741348
vt 0.066620 0.741334
vt 0.067085 0.719904
vt 0.470202 0.453373
vt 0.453182 0.426431
vt 0.463818 0.415108
vt 0.439477 0.433963
vt 0.403768 0.440441
vt 0.394097 0.449293
vt 0.394460 0.440368
vt 0.477006 0.355545
vt 0.478066 0.377838
vt 0.475573 0.377511
vt 0.471304 0.399075
vt 0.153063 0.567364
vt 0.151281 0.554169
vt 0.155054 0.549141
vt 0.165841 0.533689
vt 0.159926 0.530260
vt 0.413228 0.450353
vt 0.394160 0.450000
vt 0.915977 0.509895
vt 0.914752 0.509485
vt 0.917213 0.496724
vt 0.985270 0.723172
vt 0.988599 0.735757
vt 0.950284 0.722841
vt 0.950135 0.763030
vt 0.988543 0.754476
vt 0.988566 0.764185
vt 0.988667 0.771511
vt 0.990990 0.459796
vt 0.952501 0.459800
vt 0.952524 0.446419
vt 0.689581 0.867593
vt 0.689573 0.857513
vt 0.728754 0.827545
vt 0.690362 0.838632
vt 0.694789 0.826337
vt 0.835970 0.747465
vt 0.832954 0.737285
vt 0.833934 0.737014
vt 0.825760 0.826447
vt 0.828534 0.837204
vt 0.827402 0.837450
vt 0.913347 0.509703
vt 0.912026 0.509497
vt 0.914752 0.496724
vt 0.924911 0.495218
vt 0.937410 0.491385
vt 0.924909 0.546207
vt 0.965091 0.545995
vt 0.956177 0.491253
vt 0.965886 0.491139
vt 0.973211 0.490970
vt 0.914025 0.916905
vt 0.914036 0.861993
vt 0.927418 0.862016
vt 0.777703 0.879012
vt 0.776976 0.824941
vt 0.787049 0.824572
vt 0.818392 0.878830
vt 0.805946 0.824685
vt 0.818392 0.828659
vt 0.033974 0.298079
vt 0.058004 0.296131
vt 0.034012 0.300936
vt 0.196767 0.595476
vt 0.197192 0.605879
vt 0.196195 0.605842
vt 0.034012 0.447032
vt 0.050271 0.451963
vt 0.033974 0.450034
vt 0.033995 0.451948
vt 0.033995 0.296160
vt 0.033970 0.256519
vt 0.058007 0.258508
vt 0.033991 0.258433
vt 0.033808 0.489674
vt 0.050283 0.489638
vt 0.033789 0.491594
vt 0.180300 0.574146
vt 0.743361 0.683112
vt 0.743578 0.683120
vt 0.743361 0.690965
vt 0.728918 0.691644
vt 0.728918 0.683846
vt 0.729128 0.683855
vt 0.732227 0.683788
vt 0.732447 0.683771
vt 0.732447 0.691588
vt 0.725816 0.692417
vt 0.725610 0.684653
vt 0.725816 0.684636
vt 0.029038 0.814345
vt 0.058973 0.816307
vt 0.016762 0.823416
vt 0.019143 0.813705
vt 0.179716 0.666374
vt 0.150112 0.667360
vt 0.138004 0.657805
vt 0.140155 0.667720
vt 0.036193 0.300938
vt 0.036193 0.325287
vt 0.719704 0.702646
vt 0.715846 0.695423
vt 0.719704 0.694491
vt 0.719844 0.698795
vt 0.719824 0.691843
vt 0.724004 0.695171
vt 0.726126 0.680587
vt 0.729173 0.681309
vt 0.726126 0.683771
vt 0.822197 0.670086
vt 0.819156 0.667875
vt 0.822206 0.666800
vt 0.733168 0.585625
vt 0.732983 0.584753
vt 0.733613 0.585024
vt 0.739447 0.682766
vt 0.741887 0.658400
vt 0.743479 0.682859
vt 0.796928 0.713324
vt 0.791956 0.677252
vt 0.796572 0.677298
vt 0.743644 0.640529
vt 0.018365 0.813253
vt 0.019152 0.813010
vt 0.140146 0.668416
vt 0.139362 0.668160
vt 0.799277 0.574227
vt 0.799442 0.574484
vt 0.799133 0.574481
vt 0.744161 0.682859
vt 0.744359 0.683106
vt 0.743942 0.682857
vt 0.277542 0.669512
vt 0.276441 0.668242
vt 0.277315 0.668794
vt 0.277344 0.811767
vt 0.276441 0.812354
vt 0.277568 0.811019
vt 0.725610 0.684361
vt 0.725212 0.684667
vt 0.725400 0.684392
vt 0.904260 0.341201
vt 0.904371 0.341650
vt 0.903973 0.341634
vt 0.239203 0.417176
vt 0.226960 0.420926
vt 0.728392 0.585012
vt 0.727959 0.577393
vt 0.730116 0.578920
vt 0.724497 0.576504
vt 0.732230 0.581980
vt 0.117978 0.357737
vt 0.152766 0.352629
vt 0.152766 0.357771
vt 0.812575 0.655000
vt 0.805996 0.673101
vt 0.806000 0.654995
vt 0.117977 0.352596
vt 0.152766 0.309072
vt 0.889512 0.552145
vt 0.866900 0.558221
vt 0.866983 0.548045
vt 0.884820 0.546792
vt 0.887280 0.548059
vt 0.114040 0.211647
vt 0.114041 0.255242
vt 0.108232 0.255252
vt 0.815814 0.574227
vt 0.817883 0.588837
vt 0.812193 0.610104
vt 0.709496 0.698252
vt 0.712939 0.694168
vt 0.712939 0.707927
vt 0.753815 0.771914
vt 0.744790 0.735590
vt 0.749196 0.745611
vt 0.747436 0.735590
vt 0.711520 0.694881
vt 0.866680 0.550290
vt 0.846828 0.626515
vt 0.846828 0.546793
vt 0.744827 0.812166
vt 0.118084 0.303898
vt 0.152766 0.260374
vt 0.152766 0.303931
vt 0.709868 0.694410
vt 0.911189 0.411292
vt 0.910969 0.341347
vt 0.394700 0.913806
vt 0.394854 0.760466
vt 0.395661 0.760472
vt 0.209117 0.391195
vt 0.217872 0.398662
vt 0.210661 0.400482
vt 0.212651 0.379790
vt 0.217424 0.388715
vt 0.900779 0.862016
vt 0.891121 0.916976
vt 0.280629 0.575452
vt 0.239983 0.564451
vt 0.278954 0.562464
vt 0.189049 0.331360
vt 0.192489 0.360731
vt 0.180320 0.334906
vt 0.745457 0.450034
vt 0.757303 0.445978
vt 0.757412 0.449899
vt 0.238397 0.652647
vt 0.196207 0.615677
vt 0.238522 0.616705
vt 0.238535 0.577035
vt 0.199608 0.563069
vt 0.238551 0.564476
vt 0.143143 0.651936
vt 0.140234 0.614773
vt 0.146061 0.615237
vt 0.197084 0.575607
vt 0.198199 0.562965
vt 0.814589 0.630882
vt 0.756297 0.636463
vt 0.756965 0.655575
vt 0.754779 0.635988
vt 0.226087 0.396469
vt 0.225222 0.386218
vt 0.220596 0.376836
vt 0.734172 0.640411
vt 0.729831 0.641425
vt 0.729823 0.640576
vt 0.139615 0.574761
vt 0.130948 0.580055
vt 0.139369 0.573650
vt 0.738720 0.640636
vt 0.739154 0.645350
vt 0.738852 0.645307
vt 0.850825 0.656234
vt 0.871939 0.730242
vt 0.850825 0.724852
vt 0.158992 0.569378
vt 0.168264 0.573146
vt 0.196327 0.652173
vt 0.195110 0.615630
vt 0.702826 0.706268
vt 0.708896 0.703307
vt 0.709025 0.706813
vt 0.931082 0.607816
vt 0.928794 0.546869
vt 0.930696 0.546792
vt 0.689098 0.659997
vt 0.689321 0.659920
vt 0.689321 0.664031
vt 0.269595 0.383468
vt 0.272976 0.394977
vt 0.137771 0.815171
vt 0.150141 0.668090
vt 0.148123 0.816090
vt 0.256514 0.337945
vt 0.209253 0.353875
vt 0.247316 0.310422
vt 0.197512 0.328080
vt 0.707436 0.715816
vt 0.198304 0.468662
vt 0.182802 0.559886
vt 0.178138 0.557512
vt 0.510825 0.455995
vt 0.505418 0.300797
vt 0.511559 0.456810
vt 0.713407 0.585278
vt 0.713695 0.575913
vt 0.175848 0.553978
vt 0.175725 0.548167
vt 0.176396 0.548224
vt 0.703408 0.694396
vt 0.702734 0.702423
vt 0.763019 0.663050
vt 0.761233 0.676212
vt 0.761515 0.662948
vt 0.744807 0.640529
vt 0.738329 0.640382
vt 0.180419 0.667056
vt 0.255982 0.821226
vt 0.178560 0.815058
vt 0.154970 0.614412
vt 0.164154 0.613898
vt 0.164168 0.614683
vt 0.910321 0.412533
vt 0.904127 0.428394
vt 0.904127 0.412704
vt 0.114279 0.352589
vt 0.115315 0.309045
vt 0.117977 0.309039
vt 0.195173 0.605695
vt 0.177368 0.594344
vt 0.195849 0.595417
vt 0.950135 0.742017
vt 0.988592 0.742374
vt 0.762393 0.680628
vt 0.761589 0.687840
vt 0.087619 0.553734
vt 0.024407 0.545596
vt 0.087706 0.552920
vt 0.125003 0.613105
vt 0.134844 0.614448
vt 0.124940 0.613916
vt 0.175833 0.615844
vt 0.195464 0.652277
vt 0.173870 0.652526
vt 0.175922 0.614357
vt 0.610346 0.608357
vt 0.582985 0.608347
vt 0.610331 0.607596
vt 0.536405 0.610423
vt 0.547917 0.608734
vt 0.547946 0.609511
vt 0.571771 0.608725
vt 0.583008 0.609105
vt 0.571789 0.609486
vt 0.239306 0.577030
vt 0.239267 0.563792
vt 0.560808 0.608857
vt 0.197862 0.575662
vt 0.198964 0.562369
vt 0.490513 0.299257
vt 0.478822 0.377937
vt 0.148101 0.816832
vt 0.500512 0.456155
vt 0.510758 0.457538
vt 0.500462 0.456892
vt 0.496344 0.605248
vt 0.506940 0.604025
vt 0.507659 0.604744
vt 0.264815 0.363140
vt 0.257222 0.337721
vt 0.267574 0.373396
vt 0.264115 0.363339
vt 0.061428 0.741364
vt 0.058232 0.815524
vt 0.104313 0.656786
vt 0.058094 0.663790
vt 0.255813 0.821974
vt 0.177821 0.815737
vt 0.470120 0.454837
vt 0.394013 0.450740
vt 0.466068 0.602252
vt 0.394032 0.607044
vt 0.394016 0.606381
vt 0.083586 0.610405
vt 0.021388 0.607082
vt 0.021467 0.606276
vt 0.103390 0.647165
vt 0.100843 0.649909
vt 0.102241 0.647985
vt 0.470865 0.454149
vt 0.491956 0.299554
vt 0.154567 0.652259
vt 0.164115 0.615411
vt 0.163060 0.652403
vt 0.467442 0.602226
vt 0.496353 0.604497
vt 0.085235 0.575840
vt 0.024286 0.546416
vt 0.169080 0.523722
vt 0.163617 0.519722
vt 0.206905 0.411487
vt 0.206989 0.400756
vt 0.204510 0.393316
vt 0.204031 0.382911
vt 0.200651 0.384982
vt 0.189245 0.362239
vt 0.177545 0.336093
vt 0.150926 0.553734
vt 0.154436 0.548804
vt 0.162959 0.519612
vt 0.184963 0.467631
vt 0.202702 0.421069
vt 0.203464 0.421255
vt 0.206047 0.411700
vt 0.206199 0.400826
vt 0.188582 0.362551
vt 0.176862 0.336392
vt 0.729167 0.656053
vt 0.141611 0.557774
vt 0.146955 0.557506
vt 0.141523 0.558657
vt 0.129588 0.557051
vt 0.737532 0.629542
vt 0.737065 0.636849
vt 0.737115 0.629592
vt 0.200012 0.385353
vt 0.725212 0.686869
vt 0.725550 0.684667
vt 0.725420 0.686906
vt 0.725315 0.688857
vt 0.725550 0.688924
vt 0.820089 0.574935
vt 0.820284 0.574227
vt 0.820440 0.574577
vt 0.119171 0.612635
vt 0.083634 0.609668
vt 0.119250 0.611902
vt 0.021491 0.605531
vt 0.281999 0.652651
vt 0.281852 0.616216
vt 0.833287 0.413952
vt 0.838646 0.422190
vt 0.830623 0.416883
vt 0.702460 0.475561
vt 0.697363 0.488379
vt 0.698597 0.474728
vt 0.710863 0.459503
vt 0.702233 0.464259
vt 0.708165 0.456578
vt 0.840325 0.351390
vt 0.848731 0.344511
vt 0.849597 0.348360
vt 0.860779 0.342826
vt 0.861113 0.346749
vt 0.867312 0.342617
vt 0.867442 0.346547
vt 0.757303 0.530969
vt 0.745458 0.526760
vt 0.757412 0.527050
vt 0.739047 0.526552
vt 0.745326 0.530680
vt 0.738709 0.530465
vt 0.727383 0.524937
vt 0.726506 0.528775
vt 0.717992 0.521908
vt 0.716291 0.525481
vt 0.824766 0.409178
vt 0.828217 0.407283
vt 0.705728 0.510613
vt 0.698597 0.502031
vt 0.702460 0.501200
vt 0.701301 0.488380
vt 0.705728 0.466151
vt 0.716291 0.451291
vt 0.717992 0.454864
vt 0.726506 0.448004
vt 0.727383 0.451842
vt 0.849597 0.421644
vt 0.860779 0.427187
vt 0.848731 0.425492
vt 0.739047 0.450235
vt 0.745325 0.446114
vt 0.879137 0.342481
vt 0.879245 0.346412
vt 0.825760 0.870087
vt 0.827360 0.862888
vt 0.826906 0.870134
vt 0.915188 0.516235
vt 0.950400 0.776363
vt 0.988857 0.776723
vt 0.991061 0.436502
vt 0.952587 0.436465
vt 0.727752 0.846618
vt 0.689965 0.845271
vt 0.832967 0.731700
vt 0.777383 0.637472
vt 0.778043 0.681354
vt 0.777383 0.681375
vt 0.281371 0.575384
vt 0.279616 0.561688
vt 0.828317 0.843043
vt 0.806907 0.709557
vt 0.806114 0.673161
vt 0.806907 0.673101
vt 0.941444 0.772115
vt 0.939995 0.761154
vt 0.941347 0.761154
vt 0.944079 0.546192
vt 0.944075 0.491317
vt 0.978421 0.545605
vt 0.978421 0.490730
vt 0.937319 0.916976
vt 0.937371 0.862079
vt 0.799308 0.878476
vt 0.799298 0.824525
vt 0.050287 0.398348
vt 0.034012 0.398333
vt 0.073529 0.495621
vt 0.050311 0.495599
vt 0.738837 0.672186
vt 0.739235 0.660023
vt 0.739131 0.672191
vt 0.073529 0.521189
vt 0.891121 0.730573
vt 0.871939 0.650859
vt 0.891116 0.650432
vt 0.850825 0.736264
vt 0.871939 0.810272
vt 0.850825 0.804882
vt 0.891116 0.810603
vt 0.871939 0.730889
vt 0.891116 0.730573
vt 0.073530 0.296094
vt 0.073530 0.258523
vt 0.786433 0.653092
vt 0.789180 0.640403
vt 0.788797 0.653275
vt 0.739235 0.682756
vt 0.741711 0.658375
vt 0.073530 0.451986
vt 0.737984 0.629558
vt 0.737469 0.636975
vt 0.821267 0.588607
vt 0.821038 0.578313
vt 0.821388 0.578292
vt 0.728441 0.576206
vt 0.730509 0.578531
vt 0.728178 0.576906
vt 0.104609 0.635644
vt 0.083534 0.611206
vt 0.119140 0.613435
vt 0.559138 0.758614
vt 0.545968 0.758445
vt 0.889206 0.460919
vt 0.878389 0.430804
vt 0.889241 0.429282
vt 0.104373 0.657514
vt 0.687006 0.692045
vt 0.677384 0.655266
vt 0.686968 0.655290
vt 0.473899 0.338039
vt 0.275932 0.405979
vt 0.275072 0.405489
vt 0.793719 0.574469
vt 0.793398 0.636478
vt 0.793399 0.574227
vt 0.739410 0.683014
vt 0.395634 0.684166
vt 0.215492 0.429982
vt 0.218500 0.425960
vt 0.181723 0.489694
vt 0.176763 0.487701
vt 0.177106 0.815044
vt 0.918289 0.649755
vt 0.920220 0.613931
vt 0.920220 0.649786
vt 0.451217 0.290600
vt 0.440236 0.305049
vt 0.113561 0.656179
vt 0.125101 0.668365
vt 0.106620 0.673747
vt 0.504567 0.301491
vt 0.029089 0.813616
vt 0.799569 0.636951
vt 0.798778 0.673547
vt 0.798778 0.636886
vt 0.414607 0.282720
vt 0.189743 0.499242
vt 0.273678 0.394806
vt 0.270297 0.383268
vt 0.266884 0.373585
vt 0.471947 0.294013
vt 0.471785 0.294741
vt 0.397175 0.612461
vt 0.396416 0.611702
vt 0.729760 0.640114
vt 0.713693 0.640931
vt 0.713666 0.640469
vt 0.788514 0.685012
vt 0.788310 0.689326
vt 0.788336 0.685006
vt 0.248027 0.310175
vt 0.238577 0.596606
vt 0.197686 0.595520
vt 0.471549 0.454906
vt 0.466701 0.602888
vt 0.255983 0.662287
vt 0.256128 0.663022
vt 0.178998 0.667112
vt 0.713702 0.641781
vt 0.729800 0.641648
vt 0.713691 0.642003
vt 0.930074 0.711459
vt 0.927786 0.650512
vt 0.929682 0.650432
vt 0.221267 0.422326
vt 0.211883 0.417062
vt 0.073529 0.349663
vt 0.050288 0.349640
vt 0.422750 0.438460
vt 0.108107 0.808403
vt 0.701553 0.575196
vt 0.701545 0.575725
vt 0.917681 0.407052
vt 0.918875 0.398946
vt 0.919033 0.407052
vt 0.750255 0.638408
vt 0.753017 0.654679
vt 0.034278 0.532545
vt 0.035197 0.534235
vt 0.710863 0.517265
vt 0.708165 0.520187
vt 0.724679 0.575214
vt 0.724579 0.575986
vt 0.702233 0.512502
vt 0.738709 0.446323
vt 0.194079 0.616631
vt 0.821177 0.398679
vt 0.824991 0.397846
vt 0.819958 0.384991
vt 0.824991 0.372141
vt 0.823846 0.384993
vt 0.833286 0.356040
vt 0.824766 0.360809
vt 0.830623 0.353108
vt 0.838646 0.347807
vt 0.840325 0.418608
vt 0.940091 0.721932
vt 0.941602 0.714052
vt 0.941444 0.721931
vt 0.991061 0.482699
vt 0.952587 0.482663
vt 0.952524 0.473058
vt 0.738396 0.645195
vt 0.738214 0.640736
vt 0.952686 0.429282
vt 0.735944 0.640688
vt 0.735620 0.639921
vt 0.912521 0.516293
vt 0.939995 0.732754
vt 0.941347 0.732753
vt 0.941314 0.746930
vt 0.826214 0.862840
vt 0.827827 0.853828
vt 0.917522 0.348763
vt 0.919033 0.340884
vt 0.918875 0.348762
vt 0.917392 0.373762
vt 0.918778 0.359584
vt 0.918745 0.373761
vt 0.917426 0.387986
vt 0.918778 0.387985
vt 0.891174 0.862079
vt 0.944554 0.862178
vt 0.828217 0.362706
vt 0.821177 0.371305
vt 0.359615 0.430299
vt 0.380278 0.426545
vt 0.380264 0.430301
vt 0.073529 0.527487
vt 0.073529 0.530428
vt 0.879144 0.427685
vt 0.867396 0.423472
vt 0.879257 0.423755
vt 0.203851 0.393609
vt 0.800868 0.691509
vt 0.805193 0.709779
vt 0.801276 0.709515
vt 0.532744 0.758261
vt 0.535643 0.609673
vt 0.778089 0.637119
vt 0.778364 0.574227
vt 0.778364 0.637404
vt 0.775250 0.687325
vt 0.772213 0.717997
vt 0.772213 0.687397
vt 0.787977 0.636230
vt 0.787658 0.574227
vt 0.787978 0.574469
vt 0.532512 0.913004
vt 0.533567 0.758272
vt 0.799449 0.574469
vt 0.799779 0.636405
vt 0.799455 0.636158
vt 0.799140 0.636170
vt 0.725866 0.656078
vt 0.725872 0.680497
vt 0.737867 0.678121
vt 0.738135 0.660444
vt 0.738039 0.678083
vt 0.737867 0.660300
vt 0.737596 0.642528
vt 0.737867 0.642316
vt 0.743352 0.640708
vt 0.739500 0.716337
vt 0.739235 0.696913
vt 0.739488 0.696996
vt 0.743942 0.658484
vt 0.743645 0.683003
vt 0.743764 0.658476
vt 0.894099 0.395004
vt 0.886460 0.419760
vt 0.887604 0.389661
vt 0.734759 0.693034
vt 0.735025 0.712491
vt 0.734768 0.712553
vt 0.743645 0.640736
vt 0.743918 0.640529
vt 0.828190 0.643920
vt 0.828026 0.656100
vt 0.827843 0.643899
vt 0.827048 0.645276
vt 0.826725 0.667345
vt 0.826379 0.667386
vt 0.820938 0.596957
vt 0.819689 0.605190
vt 0.820581 0.596915
vt 0.828210 0.639655
vt 0.827854 0.639631
vt 0.827450 0.640962
vt 0.827399 0.645259
vt 0.734261 0.641257
vt 0.734249 0.641479
vt 0.725503 0.690590
vt 0.812580 0.672787
vt 0.819151 0.636915
vt 0.819156 0.672802
vt 0.201021 0.357096
vt 0.736320 0.603850
vt 0.735650 0.603851
vt 0.732725 0.581731
vt 0.734400 0.584988
vt 0.731010 0.578010
vt 0.713736 0.574602
vt 0.713718 0.575384
vt 0.701563 0.574415
vt 0.737283 0.639240
vt 0.736741 0.638704
vt 0.737950 0.637203
vt 0.737348 0.625090
vt 0.734061 0.639952
vt 0.735391 0.639507
vt 0.736398 0.638433
vt 0.825567 0.697231
vt 0.827717 0.705403
vt 0.827105 0.705429
vt 0.736933 0.625172
vt 0.800489 0.673505
vt 0.804861 0.688406
vt 0.110964 0.406662
vt 0.114272 0.450420
vt 0.111202 0.450428
vt 0.894293 0.340884
vt 0.887776 0.341187
vt 0.110979 0.357907
vt 0.114037 0.401506
vt 0.110964 0.401514
vt 0.114288 0.449986
vt 0.117978 0.406436
vt 0.117979 0.449993
vt 0.152765 0.211684
vt 0.117892 0.255200
vt 0.114272 0.211647
vt 0.875188 0.543110
vt 0.869003 0.513888
vt 0.875174 0.513907
vt 0.826191 0.636755
vt 0.827717 0.640893
vt 0.114039 0.309157
vt 0.110979 0.352760
vt 0.108172 0.309154
vt 0.819689 0.610104
vt 0.922550 0.613933
vt 0.920220 0.649745
vt 0.800021 0.651848
vt 0.804390 0.636886
vt 0.804009 0.654989
vt 0.117978 0.401295
vt 0.114284 0.357743
vt 0.808728 0.673101
vt 0.813117 0.688002
vt 0.809118 0.691100
vt 0.813437 0.709365
vt 0.689351 0.640782
vt 0.391532 0.821554
vt 0.391732 0.820732
vt 0.016555 0.664315
vt 0.777365 0.653941
vt 0.777052 0.678471
vt 0.777187 0.653934
vt 0.129521 0.557869
vt 0.769042 0.825671
vt 0.762935 0.880782
vt 0.747139 0.635988
vt 0.744827 0.694615
vt 0.744821 0.638951
vt 0.738078 0.710067
vt 0.735013 0.693117
vt 0.738060 0.693012
vt 0.778356 0.695238
vt 0.775323 0.712397
vt 0.775309 0.695342
vt 0.738078 0.681696
vt 0.796263 0.633254
vt 0.796263 0.577591
vt 0.778002 0.574227
vt 0.775697 0.632854
vt 0.775688 0.577190
vt 0.910659 0.410966
vt 0.790532 0.577590
vt 0.790532 0.633253
vt 0.749462 0.635988
vt 0.747152 0.694615
vt 0.747145 0.638951
vt 0.728913 0.697741
vt 0.725877 0.714850
vt 0.725866 0.697845
vt 0.725885 0.686501
vt 0.742553 0.713914
vt 0.742536 0.696891
vt 0.742553 0.685559
vt 0.729194 0.686423
vt 0.732220 0.697645
vt 0.729173 0.697749
vt 0.732611 0.710239
vt 0.734116 0.684268
vt 0.734254 0.714867
vt 0.243565 0.972470
vt 0.237884 0.823630
vt 0.238720 0.823602
vt 0.790852 0.574469
vt 0.790532 0.636478
vt 0.790533 0.574227
vt 0.775330 0.684023
vt 0.787658 0.574227
vt 0.785736 0.633436
vt 0.784971 0.576861
vt 0.729187 0.714788
vt 0.189563 0.468341
vt 0.036193 0.349637
vt 0.736332 0.611945
vt 0.737892 0.625060
vt 0.825372 0.692172
vt 0.826202 0.697128
vt 0.176098 0.487574
vt 0.689363 0.642316
vt 0.689356 0.642093
vt 0.725469 0.642528
vt 0.725212 0.642316
vt 0.799779 0.574469
vt 0.800098 0.636161
vt 0.799789 0.636158
vt 0.750312 0.687624
vt 0.753349 0.718641
vt 0.750312 0.718223
vt 0.768377 0.687477
vt 0.768031 0.718358
vt 0.768031 0.687232
vt 0.765512 0.718358
vt 0.765859 0.687477
vt 0.765859 0.718112
vt 0.689332 0.686508
vt 0.689123 0.681835
vt 0.689332 0.681857
vt 0.689311 0.664031
vt 0.689093 0.668762
vt 0.689093 0.664083
vt 0.725800 0.684363
vt 0.725610 0.642316
vt 0.725866 0.642529
vt 0.137027 0.657509
vt 0.279317 0.739556
vt 0.280051 0.740303
vt 0.911189 0.340884
vt 0.734562 0.715113
vt 0.734562 0.683769
vt 0.824215 0.607086
vt 0.819689 0.636044
vt 0.819689 0.605243
vt 0.786360 0.689683
vt 0.787864 0.715846
vt 0.786263 0.711204
vt 0.753349 0.689944
vt 0.757886 0.718353
vt 0.753353 0.717002
vt 0.763175 0.689684
vt 0.758649 0.718642
vt 0.758649 0.687840
vt 0.770549 0.713654
vt 0.770549 0.692108
vt 0.768031 0.692108
vt 0.924909 0.490697
vt 0.926838 0.429311
vt 0.927238 0.490730
vt 0.891683 0.509437
vt 0.893614 0.545259
vt 0.891683 0.545260
vt 0.927238 0.490696
vt 0.929168 0.429310
vt 0.929567 0.490730
vt 0.819798 0.574863
vt 0.819398 0.574777
vt 0.737864 0.660477
vt 0.737596 0.678152
vt 0.737596 0.660300
vt 0.712940 0.709733
vt 0.712940 0.703144
vt 0.027531 0.662605
vt 0.015792 0.663608
vt 0.015875 0.644071
vt 0.080323 0.648868
vt 0.015792 0.645705
vt 0.735913 0.612044
vt 0.752498 0.875557
vt 0.759629 0.867495
vt 0.759629 0.881571
vt 0.828219 0.669584
vt 0.827717 0.683052
vt 0.827871 0.669576
vt 0.738146 0.659993
vt 0.955629 0.796282
vt 0.965978 0.813950
vt 0.955587 0.814845
vt 0.777052 0.636195
vt 0.777326 0.635988
vt 0.738940 0.660011
vt 0.738214 0.684352
vt 0.738318 0.672168
vt 0.712791 0.576726
vt 0.712779 0.584451
vt 0.701091 0.576544
vt 0.689395 0.575536
vt 0.609411 0.981494
vt 0.674601 0.947161
vt 0.674753 0.981494
vt 0.650336 0.437244
vt 0.649478 0.471057
vt 0.649627 0.437278
vt 0.689347 0.641244
vt 0.146163 0.614437
vt 0.140381 0.613321
vt 0.146116 0.613691
vt 0.913843 0.516154
vt 0.913224 0.528687
vt 0.911532 0.648491
vt 0.907889 0.623195
vt 0.911399 0.622362
vt 0.942784 0.403433
vt 0.939126 0.428899
vt 0.939119 0.402323
vt 0.688825 0.673121
vt 0.689093 0.655442
vt 0.688997 0.673084
vt 0.763032 0.636488
vt 0.761689 0.654781
vt 0.761233 0.635988
vt 0.239334 0.596606
vt 0.744093 0.640772
vt 0.867265 0.427402
vt 0.861113 0.423264
vt 0.146588 0.556783
vt 0.820013 0.703736
vt 0.823460 0.673238
vt 0.823460 0.703873
vt 0.940250 0.780221
vt 0.941602 0.780220
vt 0.834315 0.712723
vt 0.833075 0.721383
vt 0.833219 0.712716
vt 0.914546 0.528548
vt 0.913430 0.538872
vt 0.033885 0.509317
vt 0.050274 0.521167
vt 0.033845 0.522913
vt 0.677399 0.365056
vt 0.677596 0.522789
vt 0.677399 0.522577
vt 0.684733 0.546511
vt 0.686320 0.542080
vt 0.686320 0.545578
vt 0.675775 0.522994
vt 0.675972 0.365057
vt 0.675972 0.522759
vt 0.778364 0.689906
vt 0.782900 0.718315
vt 0.778367 0.716965
vt 0.687956 0.541128
vt 0.686320 0.545538
vt 0.686320 0.542063
vt 0.826427 0.676802
vt 0.826082 0.676850
vt 0.776230 0.636061
vt 0.775571 0.680188
vt 0.775439 0.635988
vt 0.281539 0.595723
vt 0.240061 0.607582
vt 0.240091 0.596607
vt 0.804397 0.673505
vt 0.805184 0.636886
vt 0.805192 0.673505
vt 0.742566 0.711971
vt 0.743361 0.711944
vt 0.807936 0.673161
vt 0.808728 0.709557
vt 0.808068 0.709571
vt 0.800393 0.702397
vt 0.799599 0.673591
vt 0.800393 0.673564
vt 0.687916 0.691927
vt 0.688707 0.655331
vt 0.688574 0.691944
vt 0.899021 0.650447
vt 0.897327 0.721903
vt 0.897327 0.650432
vt 0.804813 0.610846
vt 0.805601 0.574227
vt 0.805608 0.610846
vt 0.743956 0.711966
vt 0.744750 0.683106
vt 0.744750 0.711939
vt 0.282275 0.595699
vt 0.281763 0.607683
vt 0.805193 0.636886
vt 0.805995 0.673505
vt 0.805200 0.673505
vt 0.807025 0.673161
vt 0.807817 0.709557
vt 0.807158 0.709571
vt 0.798778 0.707997
vt 0.799572 0.673564
vt 0.799572 0.707969
vt 0.897542 0.722841
vt 0.896065 0.794349
vt 0.896065 0.722907
vt 0.687006 0.691927
vt 0.687798 0.655331
vt 0.687665 0.691944
vt 0.778911 0.638795
vt 0.786044 0.642086
vt 0.779189 0.641293
vt 0.899021 0.721600
vt 0.900715 0.650457
vt 0.900715 0.721625
vt 0.796582 0.636230
vt 0.799133 0.577590
vt 0.799133 0.633253
vt 0.899108 0.340884
vt 0.897632 0.412391
vt 0.897632 0.340949
vt 0.834170 0.721390
vt 0.132612 0.652651
vt 0.123189 0.654770
vt 0.123032 0.654053
vt 0.788889 0.658967
vt 0.680269 0.364603
vt 0.679844 0.522299
vt 0.679844 0.364602
vt 0.939961 0.746930
vt 0.798778 0.636948
vt 0.796368 0.672696
vt 0.796122 0.636886
vt 0.820011 0.673133
vt 0.813437 0.708979
vt 0.813437 0.673101
vt 0.897327 0.722841
vt 0.891121 0.650432
vt 0.897292 0.650452
vt 0.749344 0.704353
vt 0.889366 0.559494
vt 0.866680 0.584929
vt 0.799687 0.673338
vt 0.803600 0.673094
vt 0.116030 0.465090
vt 0.117887 0.455171
vt 0.118276 0.465103
vt 0.790851 0.636230
vt 0.793398 0.577590
vt 0.793398 0.633254
vt 0.111283 0.484971
vt 0.113298 0.481312
vt 0.113359 0.484970
vt 0.881233 0.388984
vt 0.885577 0.341042
vt 0.885565 0.389142
vt 0.800098 0.610661
vt 0.804414 0.592321
vt 0.803994 0.610418
vt 0.759531 0.664587
vt 0.759715 0.677977
vt 0.758013 0.664112
vt 0.752467 0.661370
vt 0.889294 0.509402
vt 0.878339 0.460927
vt 0.152766 0.406469
vt 0.812580 0.636896
vt 0.806005 0.636886
vt 0.737106 0.678480
vt 0.734759 0.642316
vt 0.737596 0.642451
vt 0.812193 0.574228
vt 0.805613 0.592340
vt 0.805617 0.574227
vt 0.889267 0.586372
vt 0.866929 0.624860
vt 0.725212 0.694078
vt 0.689373 0.644993
vt 0.881233 0.420301
vt 0.886460 0.420492
vt 0.684733 0.541254
vt 0.680643 0.451077
vt 0.684733 0.489426
vt 0.073753 0.450446
vt 0.073530 0.211660
vt 0.808114 0.633199
vt 0.805289 0.615708
vt 0.808056 0.613244
vt 0.812416 0.574284
vt 0.073531 0.357924
vt 0.073531 0.352777
vt 0.828090 0.636621
vt 0.827717 0.636581
vt 0.812188 0.592341
vt 0.805609 0.610450
vt 0.744425 0.682859
vt 0.744624 0.640529
vt 0.744624 0.683105
vt 0.673897 0.754211
vt 0.689573 0.826621
vt 0.673897 0.825364
vt 0.840065 0.513888
vt 0.861517 0.543799
vt 0.840065 0.544646
vt 0.856671 0.648795
vt 0.850453 0.626848
vt 0.856671 0.627272
vt 0.840065 0.514512
vt 0.818757 0.542592
vt 0.818757 0.513888
vt 0.862858 0.626848
vt 0.856671 0.648602
vt 0.856671 0.627198
vt 0.904127 0.428700
vt 0.897902 0.412533
vt 0.904127 0.412834
vt 0.736811 0.754211
vt 0.721136 0.822024
vt 0.721136 0.754479
vt 0.912026 0.429282
vt 0.896351 0.497095
vt 0.896351 0.429551
vt 0.689573 0.754211
vt 0.705354 0.824412
vt 0.689573 0.826337
vt 0.843694 0.647246
vt 0.837469 0.631062
vt 0.843694 0.631369
vt 0.914930 0.719170
vt 0.908726 0.650432
vt 0.914898 0.650452
vt 0.705354 0.754211
vt 0.721136 0.824412
vt 0.705354 0.826337
vt 0.885926 0.626848
vt 0.879732 0.642709
vt 0.879732 0.627018
vt 0.879732 0.643032
vt 0.873506 0.626848
vt 0.879732 0.627155
vt 0.917392 0.409621
vt 0.917360 0.340903
vt 0.689555 0.451077
vt 0.688079 0.540936
vt 0.688079 0.451142
vt 0.686371 0.451077
vt 0.688046 0.541118
vt 0.686338 0.541118
vt 0.691250 0.451092
vt 0.689555 0.540907
vt 0.894293 0.412522
vt 0.895898 0.340895
vt 0.895898 0.412533
vt 0.684733 0.541117
vt 0.686338 0.451088
vt 0.686338 0.541128
vt 0.900585 0.340884
vt 0.899108 0.412391
vt 0.899108 0.340949
vt 0.896351 0.429282
vt 0.894618 0.500922
vt 0.894644 0.429282
vt 0.892727 0.794480
vt 0.894332 0.722852
vt 0.894332 0.794491
vt 0.902279 0.412052
vt 0.903974 0.340909
vt 0.903974 0.412076
vt 0.899237 0.794009
vt 0.900931 0.722866
vt 0.900931 0.794034
vt 0.891121 0.794480
vt 0.892727 0.722852
vt 0.892727 0.794491
vt 0.695764 0.694588
vt 0.689587 0.710683
vt 0.689581 0.694552
vt 0.914752 0.538732
vt 0.913049 0.546700
vt 0.834507 0.705787
vt 0.833411 0.705780
vt 0.692944 0.540551
vt 0.691250 0.451077
vt 0.692944 0.451102
vt 0.899237 0.722856
vt 0.897542 0.794312
vt 0.393891 0.738744
vt 0.917426 0.359585
vt 0.239307 0.607592
vt 0.744042 0.860796
vt 0.741712 0.824980
vt 0.744042 0.824982
vt 0.897632 0.340884
vt 0.895898 0.412523
vt 0.895924 0.340884
vt 0.896065 0.722841
vt 0.894332 0.794481
vt 0.894358 0.722841
vt 0.902279 0.340899
vt 0.900585 0.412354
vt 0.916511 0.516108
vt 0.915778 0.528635
vt 0.826681 0.853781
vt 0.917101 0.528508
vt 0.915890 0.538821
vt 0.033828 0.495583
vt 0.837285 0.793693
vt 0.833483 0.770567
vt 0.837284 0.747444
vt 0.837284 0.713663
vt 0.833483 0.690537
vt 0.837284 0.667414
vt 0.917213 0.538693
vt 0.915438 0.546645
vt 0.726120 0.656161
vt 0.729173 0.644754
vt 0.154879 0.613599
vt 0.054497 0.540097
vt 0.073529 0.541875
vt 0.701514 0.585363
vt 0.701065 0.584540
vt 0.276516 0.822667
vt 0.268099 0.972417
vt 0.264766 0.822892
vt 0.316692 0.822197
vt 0.290022 0.973030
vt 0.288392 0.822497
vt 0.278871 0.972546
vt 0.255263 0.972942
vt 0.268063 0.973500
vt 0.254983 0.973984
vt 0.317813 0.975013
vt 0.377201 0.975644
vt 0.377169 0.976590
vt 0.471849 0.915302
vt 0.531696 0.607995
vt 0.531208 0.915060
vt 0.406657 0.913929
vt 0.421709 0.612035
vt 0.420584 0.914040
vt 0.432589 0.611771
vt 0.421655 0.610943
vt 0.432777 0.610730
vt 0.471643 0.609949
vt 0.444172 0.610180
vt 0.471904 0.608981
vt 0.443853 0.611179
vt 0.317549 0.974055
vt 0.290346 0.974015
vt 0.279068 0.973574
vt 0.796583 0.574469
vt 0.796263 0.636478
vt 0.796263 0.574227
vt 0.408776 0.611765
vt 0.408476 0.610730
vt 0.242802 0.973254
vt 0.443861 0.914116
vt 0.432256 0.914093
vt 0.073530 0.252413
vt 0.251011 0.823232
vt 0.377201 0.821974
vt 0.570500 0.758735
vt 0.557961 0.913150
vt 0.609842 0.759094
vt 0.580905 0.913276
vt 0.582038 0.758844
vt 0.073529 0.398370
vt 0.779207 0.643240
vt 0.768775 0.758506
vt 0.770310 0.755615
vt 0.772630 0.761367
vt 0.789957 0.638588
vt 0.796068 0.643014
vt 0.789957 0.645569
vt 0.362912 0.529829
vt 0.365332 0.524909
vt 0.382210 0.530489
vt 0.358294 0.532364
vt 0.771515 0.821327
vt 0.771656 0.820133
vt 0.773453 0.823255
vt 0.776158 0.824187
vt 0.772996 0.754142
vt 0.767556 0.761373
vt 0.796068 0.638618
vt 0.790032 0.638353
vt 0.789957 0.675058
vt 0.796068 0.675708
vt 0.790032 0.675276
vt 0.373685 0.638606
vt 0.391480 0.627775
vt 0.392332 0.637114
vt 0.367715 0.470439
vt 0.371734 0.504192
vt 0.367442 0.470400
vt 0.772968 0.753706
vt 0.822287 0.754106
vt 0.295130 0.645395
vt 0.372801 0.629080
vt 0.822367 0.824213
vt 0.822289 0.761290
vt 0.380560 0.414470
vt 0.357382 0.399761
vt 0.381002 0.401443
vt 0.380251 0.434056
vt 0.382257 0.470169
vt 0.380615 0.470256
vt 0.393032 0.636999
vt 0.392168 0.627712
vt 0.043004 0.213586
vt 0.045877 0.213133
vt 0.054965 0.221006
vt 0.064366 0.224712
vt 0.073529 0.221024
vt 0.073529 0.224719
vt 0.768409 0.758268
vt 0.767152 0.761355
vt 0.364352 0.543516
vt 0.290079 0.578731
vt 0.289459 0.550270
vt 0.382891 0.530596
vt 0.382259 0.540962
vt 0.382363 0.542297
vt 0.386647 0.570228
vt 0.385965 0.570305
vt 0.770096 0.755215
vt 0.362345 0.529320
vt 0.358157 0.531664
vt 0.364200 0.542099
vt 0.361157 0.432721
vt 0.358400 0.388644
vt 0.366977 0.520083
vt 0.381779 0.519418
vt 0.289372 0.548889
vt 0.766162 0.794625
vt 0.770213 0.820149
vt 0.766024 0.794574
vt 0.351617 0.425470
vt 0.355448 0.426593
vt 0.355250 0.427206
vt 0.366254 0.520083
vt 0.771187 0.821469
vt 0.770614 0.820141
vt 0.833135 0.757662
vt 0.832920 0.755330
vt 0.833311 0.755475
vt 0.288613 0.539482
vt 0.371988 0.620257
vt 0.390656 0.618876
vt 0.293541 0.626631
vt 0.367269 0.572248
vt 0.381253 0.414293
vt 0.381711 0.401488
vt 0.382774 0.390600
vt 0.383491 0.379376
vt 0.384218 0.379463
vt 0.387447 0.352102
vt 0.390051 0.322291
vt 0.390800 0.322364
vt 0.386707 0.352018
vt 0.381889 0.503920
vt 0.381212 0.503915
vt 0.382457 0.519408
vt 0.380971 0.426460
vt 0.391343 0.618811
vt 0.289353 0.578765
vt 0.382062 0.390522
vt 0.644343 0.437310
vt 0.644332 0.471078
vt 0.364303 0.542807
vt 0.382913 0.541590
vt 0.288744 0.549637
vt 0.372465 0.504170
vt 0.055203 0.224704
vt 0.833433 0.803871
vt 0.832735 0.757691
vt 0.772712 0.771936
vt 0.822297 0.771887
vt 0.360322 0.432498
vt 0.358896 0.430480
vt 0.380948 0.433724
vt 0.380959 0.430313
vt 0.287814 0.538835
vt 0.822703 0.761272
vt 0.822701 0.753688
vt 0.763340 0.771927
vt 0.294404 0.645406
vt 0.294304 0.635798
vt 0.359725 0.377332
vt 0.034008 0.224709
vt 0.034008 0.220988
vt 0.064247 0.221015
vt 0.073529 0.211647
vt 0.292820 0.626727
vt 0.351998 0.412600
vt 0.284640 0.394573
vt 0.352630 0.399428
vt 0.354929 0.376919
vt 0.289192 0.342705
vt 0.357970 0.349274
vt 0.362795 0.349734
vt 0.351673 0.424746
vt 0.282726 0.420706
vt 0.282782 0.419907
vt 0.034008 0.252379
vt 0.393139 0.292392
vt 0.064013 0.211743
vt 0.393891 0.292472
vt 0.773358 0.794640
vt 0.822739 0.794701
vt 0.822340 0.794714
vt 0.822711 0.771860
vt 0.282750 0.652681
vt 0.282584 0.616210
vt 0.050263 0.527465
vt 0.033789 0.529700
vt 0.747292 0.540206
vt 0.744906 0.541663
vt 0.744912 0.539896
vt 0.741296 0.544043
vt 0.743659 0.544055
vt 0.741309 0.544897
vt 0.959510 0.719074
vt 0.968655 0.720159
vt 0.959879 0.719993
vt 0.968301 0.373433
vt 0.967945 0.374425
vt 0.967817 0.373502
vt 0.967507 0.376950
vt 0.964889 0.377310
vt 0.965035 0.376373
vt 0.967358 0.377887
vt 0.967818 0.406967
vt 0.967296 0.407103
vt 0.747641 0.539756
vt 0.747893 0.541697
vt 0.747634 0.541831
vt 0.960810 0.687830
vt 0.966524 0.687547
vt 0.968855 0.689494
vt 0.960434 0.720633
vt 0.966737 0.721194
vt 0.963404 0.721229
vt 0.879774 0.510821
vt 0.880137 0.510128
vt 0.880294 0.510484
vt 0.878934 0.512283
vt 0.879364 0.511689
vt 0.879142 0.512405
vt 0.964895 0.408911
vt 0.967474 0.409063
vt 0.965002 0.409742
vt 0.964826 0.374150
vt 0.967423 0.374526
vt 0.964953 0.375073
vt 0.890891 0.512209
vt 0.891248 0.511295
vt 0.891510 0.512144
vt 0.743644 0.533495
vt 0.741291 0.533549
vt 0.741303 0.532677
vt 0.969788 0.720233
vt 0.969606 0.719280
vt 0.970152 0.719330
vt 0.744912 0.537354
vt 0.959375 0.688553
vt 0.959687 0.689320
vt 0.959146 0.689260
vt 0.743633 0.537662
vt 0.741277 0.540426
vt 0.741275 0.537189
vt 0.890051 0.510758
vt 0.889885 0.510068
vt 0.890631 0.510548
vt 0.879078 0.544424
vt 0.878339 0.543911
vt 0.878761 0.543600
vt 0.888370 0.510035
vt 0.886550 0.509404
vt 0.888726 0.509674
vt 0.970874 0.652134
vt 0.959139 0.652921
vt 0.959361 0.652205
vt 0.747641 0.536628
vt 0.747900 0.539625
vt 0.747561 0.539978
vt 0.747303 0.541723
vt 0.747292 0.539845
vt 0.888191 0.545781
vt 0.886550 0.546555
vt 0.886400 0.545978
vt 0.969205 0.688740
vt 0.969433 0.689456
vt 0.961759 0.687131
vt 0.963204 0.686634
vt 0.963235 0.687000
vt 0.960014 0.687819
vt 0.960319 0.687150
vt 0.960553 0.687494
vt 0.744401 0.541374
vt 0.744070 0.540353
vt 0.744397 0.540306
vt 0.963358 0.721491
vt 0.961817 0.721077
vt 0.744075 0.541523
vt 0.743628 0.540376
vt 0.744073 0.537759
vt 0.744397 0.537849
vt 0.965784 0.721550
vt 0.965714 0.721286
vt 0.965073 0.342468
vt 0.967643 0.342330
vt 0.967537 0.343173
vt 0.968156 0.342503
vt 0.968537 0.343418
vt 0.968056 0.343311
vt 0.968465 0.344555
vt 0.968694 0.720802
vt 0.968338 0.721011
vt 0.968099 0.720779
vt 0.968536 0.721248
vt 0.969249 0.720849
vt 0.743635 0.541689
vt 0.741283 0.542524
vt 0.744070 0.536070
vt 0.960388 0.686020
vt 0.970445 0.685597
vt 0.969847 0.685961
vt 0.743632 0.534364
vt 0.744089 0.533797
vt 0.744078 0.534528
vt 0.965563 0.686679
vt 0.966821 0.687223
vt 0.965438 0.687041
vt 0.969717 0.688519
vt 0.969977 0.689332
vt 0.744458 0.541443
vt 0.744465 0.539826
vt 0.743647 0.543204
vt 0.744098 0.543751
vt 0.959332 0.719997
vt 0.958966 0.719079
vt 0.969239 0.720184
vt 0.969024 0.719255
vt 0.967990 0.408891
vt 0.967366 0.408234
vt 0.967887 0.408097
vt 0.967295 0.373603
vt 0.967983 0.344451
vt 0.959508 0.690449
vt 0.959283 0.685062
vt 0.971269 0.684163
vt 0.970952 0.684991
vt 0.744399 0.536214
vt 0.744465 0.537436
vt 0.963277 0.687356
vt 0.960511 0.688010
vt 0.744414 0.533789
vt 0.744889 0.534293
vt 0.744438 0.534513
vt 0.744887 0.542883
vt 0.744414 0.543388
vt 0.744438 0.542663
vt 0.968363 0.687303
vt 0.968566 0.687981
vt 0.968026 0.687635
vt 0.968031 0.688153
vt 0.967729 0.687959
vt 0.743626 0.535906
vt 0.741280 0.535083
vt 0.744414 0.534307
vt 0.744409 0.534677
vt 0.960237 0.720860
vt 0.959877 0.720635
vt 0.969612 0.690593
vt 0.970157 0.690472
vt 0.747634 0.534561
vt 0.747900 0.536496
vt 0.744210 0.755699
vt 0.744572 0.785697
vt 0.744279 0.785816
vt 0.965361 0.687395
vt 0.967464 0.344315
vt 0.965000 0.343607
vt 0.744458 0.535735
vt 0.744210 0.786955
vt 0.744413 0.787563
vt 0.744120 0.787682
vt 0.747571 0.534966
vt 0.747292 0.536716
vt 0.747303 0.534836
vt 0.883472 0.546574
vt 0.883425 0.545996
vt 0.880184 0.545382
vt 0.879201 0.545450
vt 0.879584 0.545023
vt 0.890242 0.544958
vt 0.890000 0.545876
vt 0.889641 0.545324
vt 0.886400 0.509794
vt 0.883472 0.509423
vt 0.747624 0.543061
vt 0.747874 0.543479
vt 0.747615 0.543613
vt 0.744907 0.535514
vt 0.747292 0.536969
vt 0.747615 0.532806
vt 0.747883 0.533212
vt 0.747624 0.533346
vt 0.744863 0.533504
vt 0.747254 0.533462
vt 0.680860 0.545961
vt 0.680702 0.546719
vt 0.680643 0.545892
vt 0.744861 0.543672
vt 0.747256 0.543714
vt 0.747230 0.544499
vt 0.967879 0.377987
vt 0.879156 0.511567
vt 0.878512 0.512224
vt 0.878774 0.511371
vt 0.744076 0.754898
vt 0.744503 0.755579
vt 0.964826 0.407782
vt 0.971269 0.653974
vt 0.958966 0.684239
vt 0.958966 0.654050
vt 0.961844 0.686460
vt 0.966605 0.686616
vt 0.963630 0.686634
vt 0.968572 0.650673
vt 0.963630 0.650450
vt 0.966605 0.650432
vt 0.891064 0.543525
vt 0.891683 0.513286
vt 0.891683 0.543830
vt 0.878969 0.513534
vt 0.878969 0.543722
vt 0.969034 0.690629
vt 0.890747 0.544352
vt 0.891334 0.544748
vt 0.962018 0.687467
vt 0.747561 0.536850
vt 0.747595 0.543387
vt 0.747347 0.543884
vt 0.747327 0.543255
vt 0.970254 0.651394
vt 0.960496 0.651123
vt 0.969739 0.651067
vt 0.744370 0.754777
vt 0.743865 0.754332
vt 0.744159 0.754211
vt 0.967723 0.376288
vt 0.968027 0.377048
vt 0.968138 0.375065
vt 0.968429 0.374357
vt 0.968625 0.374999
vt 0.967615 0.375165
vt 0.965249 0.375712
vt 0.965144 0.375712
vt 0.890821 0.545379
vt 0.878688 0.544825
vt 0.959790 0.685662
vt 0.680919 0.545340
vt 0.680703 0.545270
vt 0.881474 0.546376
vt 0.881635 0.545821
vt 0.747595 0.533441
vt 0.747327 0.533306
vt 0.966840 0.721456
vt 0.744414 0.542883
vt 0.744088 0.543036
vt 0.961747 0.721335
vt 0.880021 0.545937
vt 0.888550 0.546333
vt 0.747571 0.541861
vt 0.747615 0.532809
vt 0.747347 0.532677
vt 0.959873 0.688744
vt 0.961525 0.686786
vt 0.959604 0.687581
vt 0.967882 0.341592
vt 0.968394 0.341764
vt 0.967728 0.409770
vt 0.967159 0.686890
vt 0.969078 0.687761
vt 0.968669 0.688911
vt 0.747276 0.534681
vt 0.965415 0.340884
vt 0.965256 0.410449
vt 0.747278 0.542495
vt 0.879391 0.510617
vt 0.889532 0.510427
vt 0.890669 0.511497
vt 0.881296 0.509719
vt 0.881456 0.510078
vt 0.747893 0.534433
vt 0.747883 0.542932
vt 0.744158 0.788348
vt 0.883425 0.509812
vt 0.878761 0.513412
vt 0.958967 0.690391
vt 0.891064 0.513337
vt 0.971096 0.652848
vt 0.744503 0.786834
vt 0.878339 0.513368
vt 0.895828 0.502008
vt 0.894618 0.543332
vt 0.894855 0.500922
vt 0.951687 0.489348
vt 0.938040 0.450185
vt 0.952501 0.489011
vt 0.878306 0.513912
vt 0.877244 0.537387
vt 0.877244 0.513888
vt 0.805033 0.521147
vt 0.805910 0.544612
vt 0.805033 0.545445
vt 0.867577 0.649177
vt 0.866459 0.627341
vt 0.867577 0.626848
vt 0.869897 0.648228
vt 0.868701 0.627032
vt 0.869897 0.626848
vt 0.850538 0.810603
vt 0.863464 0.831443
vt 0.849670 0.810991
vt 0.862568 0.831729
vt 0.849093 0.811737
vt 0.807659 0.520813
vt 0.806458 0.546583
vt 0.806456 0.520803
vt 0.923819 0.608207
vt 0.947418 0.609401
vt 0.924246 0.609381
vt 0.868701 0.648850
vt 0.867582 0.627537
vt 0.868701 0.626848
vt 0.951585 0.429282
vt 0.936698 0.450041
vt 0.905685 0.501539
vt 0.906878 0.541221
vt 0.905685 0.541842
vt 0.849093 0.869182
vt 0.864673 0.831441
vt 0.849911 0.870326
vt 0.387039 0.652667
vt 0.387265 0.655794
vt 0.393868 0.737128
vt 0.280039 0.738794
vt 0.393755 0.737938
vt 0.825280 0.604999
vt 0.821832 0.574227
vt 0.825280 0.574364
vt 0.689333 0.677795
vt 0.689123 0.673121
vt 0.689333 0.673144
vt 0.253136 0.652651
vt 0.132743 0.830999
vt 0.190433 0.499084
vt 0.199028 0.468374
vt 0.221997 0.422927
vt 0.048750 0.212679
vt 0.054497 0.212125
vt 0.039466 0.214370
vt 0.033990 0.217763
vt 0.034461 0.216626
vt 0.035768 0.215262
vt 0.035084 0.215818
vt 0.039276 0.214250
vt 0.039593 0.214192
vt 0.048485 0.538929
vt 0.762935 0.541087
vt 0.764129 0.546780
vt 0.763305 0.546793
vt 0.778982 0.545170
vt 0.781545 0.543995
vt 0.781490 0.545002
vt 0.778502 0.544024
vt 0.781573 0.542937
vt 0.773835 0.541775
vt 0.772645 0.546620
vt 0.772655 0.540976
vt 0.773694 0.546623
vt 0.774929 0.542636
vt 0.774666 0.546632
vt 0.781743 0.541361
vt 0.783998 0.541866
vt 0.781922 0.542332
vt 0.783946 0.543077
vt 0.782099 0.543370
vt 0.784054 0.544255
vt 0.782260 0.544406
vt 0.782396 0.545368
vt 0.768189 0.546778
vt 0.769398 0.539802
vt 0.769046 0.546790
vt 0.689087 0.543977
vt 0.689643 0.543008
vt 0.689648 0.543881
vt 0.689089 0.542029
vt 0.689650 0.542140
vt 0.769753 0.546643
vt 0.770357 0.539912
vt 0.770605 0.546630
vt 0.777908 0.542820
vt 0.781573 0.541899
vt 0.759365 0.535166
vt 0.759346 0.536228
vt 0.759096 0.535278
vt 0.752309 0.535252
vt 0.752558 0.534221
vt 0.752789 0.534403
vt 0.777240 0.541637
vt 0.781545 0.540953
vt 0.775862 0.543441
vt 0.775494 0.546645
vt 0.781573 0.540525
vt 0.784239 0.540701
vt 0.771469 0.540349
vt 0.771592 0.546622
vt 0.766132 0.539790
vt 0.767200 0.546771
vt 0.766145 0.546769
vt 0.768433 0.539665
vt 0.763862 0.540531
vt 0.765098 0.546772
vt 0.764953 0.540089
vt 0.784305 0.545323
vt 0.782497 0.546192
vt 0.779314 0.546176
vt 0.781412 0.545889
vt 0.758617 0.534425
vt 0.758847 0.534245
vt 0.753466 0.533711
vt 0.757943 0.539699
vt 0.757224 0.540462
vt 0.757113 0.540186
vt 0.756187 0.540438
vt 0.752063 0.537182
vt 0.751775 0.536160
vt 0.752063 0.536200
vt 0.757107 0.533234
vt 0.758114 0.533494
vt 0.757938 0.533729
vt 0.759634 0.537250
vt 0.759346 0.537210
vt 0.759099 0.538158
vt 0.758851 0.539189
vt 0.758620 0.539007
vt 0.752792 0.538984
vt 0.752044 0.538244
vt 0.752312 0.538131
vt 0.754301 0.540176
vt 0.753294 0.539916
vt 0.753471 0.539681
vt 0.754185 0.532948
vt 0.754296 0.533223
vt 0.689668 0.541335
vt 0.688518 0.545475
vt 0.687961 0.544787
vt 0.688510 0.544673
vt 0.688505 0.543806
vt 0.785528 0.541149
vt 0.786417 0.541844
vt 0.785758 0.541941
vt 0.785837 0.542803
vt 0.786417 0.543787
vt 0.786506 0.542809
vt 0.785528 0.544505
vt 0.785758 0.543678
vt 0.752568 0.537120
vt 0.752568 0.536242
vt 0.752788 0.535395
vt 0.688510 0.542112
vt 0.687970 0.541128
vt 0.688518 0.541403
vt 0.689066 0.541128
vt 0.688526 0.542110
vt 0.688518 0.541405
vt 0.785751 0.545520
vt 0.785162 0.545227
vt 0.755222 0.532972
vt 0.756218 0.532682
vt 0.756181 0.532977
vt 0.755190 0.540728
vt 0.756225 0.540733
vt 0.755228 0.540433
vt 0.689665 0.544698
vt 0.784686 0.545797
vt 0.688531 0.543800
vt 0.689076 0.544780
vt 0.688526 0.544669
vt 0.688518 0.545474
vt 0.687956 0.542840
vt 0.688505 0.542932
vt 0.784686 0.539984
vt 0.785751 0.540212
vt 0.785162 0.540482
vt 0.689081 0.542833
vt 0.688531 0.542928
vt 0.776542 0.540557
vt 0.781490 0.540163
vt 0.709645 0.708905
vt 0.560809 0.609639
vt 0.569303 0.913213
vt 0.544721 0.913077
vt 0.295235 0.654953
vt 0.295964 0.654993
vt 0.393891 0.646287
vt 0.374567 0.648142
vt 0.393180 0.646455
vt 0.113455 0.655452
vt 0.154887 0.615040
vt 0.240078 0.577030
vt 0.194183 0.614582
vt 0.198640 0.575714
vt 0.459942 0.291562
vt 0.451363 0.289861
vt 0.146188 0.612420
vt 0.147690 0.611836
vt 0.125164 0.610921
vt 0.134983 0.612944
vt 0.125047 0.612359
vt 0.922583 0.610010
vt 0.923039 0.569556
vt 0.923819 0.569547
vt 0.986652 0.297713
vt 0.954672 0.306132
vt 0.954103 0.297729
vt 0.879330 0.201178
vt 0.953714 0.197512
vt 0.953745 0.200758
vt 0.915499 0.722841
vt 0.914866 0.749738
vt 0.914085 0.749732
vt 0.986436 0.212709
vt 0.954001 0.232846
vt 0.953806 0.210414
vt 0.841469 0.251815
vt 0.881004 0.230984
vt 0.881940 0.252377
vt 0.953918 0.308593
vt 0.883276 0.287449
vt 0.128164 0.583668
vt 0.151165 0.585340
vt 0.149379 0.603239
vt 0.150987 0.585307
vt 0.916280 0.790136
vt 0.915505 0.790202
vt 0.120105 0.610533
vt 0.122413 0.601572
vt 0.123042 0.601608
vt 0.155485 0.603497
vt 0.157054 0.585736
vt 0.866960 0.282569
vt 0.839323 0.253830
vt 0.945314 0.404084
vt 0.944054 0.428481
vt 0.944843 0.404088
vt 0.129165 0.583877
vt 0.123414 0.601712
vt 0.817066 0.213526
vt 0.813982 0.205295
vt 0.149262 0.608730
vt 0.148810 0.610521
vt 0.975722 0.201426
vt 0.985531 0.207803
vt 0.466505 0.324233
vt 0.152857 0.567652
vt 0.150163 0.567408
vt 0.120609 0.610209
vt 0.125237 0.610563
vt 0.135127 0.611548
vt 0.145012 0.570021
vt 0.165741 0.593792
vt 0.148676 0.610345
vt 0.147674 0.611549
vt 0.149085 0.608672
vt 0.149557 0.603257
vt 0.146271 0.612097
vt 0.988534 0.211329
vt 0.976115 0.198247
vt 0.981787 0.203661
vt 0.987247 0.205484
vt 0.982858 0.200711
vt 0.879100 0.198006
vt 0.811450 0.202595
vt 0.126993 0.584368
vt 0.123213 0.599088
vt 0.122724 0.598010
vt 0.989168 0.256179
vt 0.989283 0.297532
vt 0.984305 0.312058
vt 0.986008 0.314505
vt 0.814857 0.213048
vt 0.935410 0.405013
vt 0.936647 0.429090
vt 0.936185 0.429128
vt 0.128808 0.583719
vt 0.084800 0.579651
vt 0.021682 0.568511
vt 0.868748 0.280896
vt 0.882018 0.289557
vt 0.131287 0.580275
vt 0.118616 0.611066
vt 0.083684 0.608885
vt 0.021548 0.604738
vt 0.944525 0.389047
vt 0.944054 0.389051
vt 0.021198 0.574099
vt 0.084723 0.580451
vt 0.121654 0.601328
vt 0.911059 0.988944
vt 0.823419 0.958117
vt 0.918180 0.957909
vt 0.759637 0.540464
vt 0.760398 0.534333
vt 0.760402 0.540515
vt 0.768498 0.930037
vt 0.910630 0.952177
vt 0.768387 0.951732
vt 0.122458 0.598828
vt 0.938003 0.390980
vt 0.937819 0.405816
vt 0.937684 0.390900
vt 0.938138 0.405818
vt 0.937684 0.430163
vt 0.688290 0.930017
vt 0.682482 0.952161
vt 0.751775 0.532735
vt 0.751011 0.541360
vt 0.751011 0.532677
vt 0.768359 0.957466
vt 0.681049 0.957910
vt 0.823293 0.989588
vt 0.681161 0.957909
vt 0.910602 0.957909
vt 0.760402 0.532727
vt 0.759634 0.534283
vt 0.759637 0.532677
vt 0.936181 0.390248
vt 0.935875 0.405018
vt 0.922589 0.546793
vt 0.921810 0.546801
vt 0.176576 0.604425
vt 0.175883 0.615102
vt 0.880101 0.211107
vt 0.762814 0.540281
vt 0.761659 0.539655
vt 0.762935 0.539712
vt 0.019736 0.629925
vt 0.081907 0.633999
vt 0.878280 0.902567
vt 0.874450 0.927299
vt 0.869139 0.930016
vt 0.779186 0.662935
vt 0.785996 0.685508
vt 0.778911 0.685398
vt 0.753778 0.812276
vt 0.752543 0.812846
vt 0.752498 0.812167
vt 0.786186 0.655892
vt 0.779252 0.648049
vt 0.786172 0.648105
vt 0.823772 0.929961
vt 0.681049 0.901588
vt 0.823814 0.901701
vt 0.762773 0.541030
vt 0.761590 0.545875
vt 0.761496 0.540972
vt 0.753868 0.813764
vt 0.753225 0.826528
vt 0.752588 0.813654
vt 0.755819 0.824146
vt 0.757724 0.864586
vt 0.756447 0.864709
vt 0.762867 0.545932
vt 0.761659 0.546589
vt 0.753823 0.812956
vt 0.756406 0.809394
vt 0.757096 0.824023
vt 0.761537 0.540224
vt 0.756447 0.808683
vt 0.757683 0.809272
vt 0.786200 0.663017
vt 0.779218 0.655822
vt 0.105695 0.636065
vt 0.106317 0.636960
vt 0.123268 0.651048
vt 0.104091 0.646016
vt 0.100926 0.648276
vt 0.080404 0.647234
vt 0.754505 0.826637
vt 0.752498 0.867042
vt 0.106351 0.638155
vt 0.041916 0.537652
vt 0.825674 0.230907
vt 0.134765 0.666613
vt 0.689093 0.655318
vt 0.722647 0.702882
vt 0.719861 0.702882
vt 0.455282 0.313403
vt 0.282497 0.607706
vt 0.164982 0.603821
vt 0.238553 0.607556
vt 0.459806 0.292300
vt 0.159286 0.530159
vt 0.211877 0.417068
vt 0.115780 0.278373
vt 0.117892 0.260340
vt 0.115780 0.302722
vt 0.073530 0.255268
vt 0.108202 0.260399
vt 0.073530 0.260415
vt 0.108202 0.304006
vt 0.073753 0.455592
vt 0.111264 0.455574
vt 0.919996 0.541568
vt 0.923663 0.498815
vt 0.923663 0.542459
vt 0.152773 0.473030
vt 0.143210 0.481821
vt 0.135348 0.473016
vt 0.950888 0.848823
vt 0.976389 0.895518
vt 0.950888 0.895531
vt 0.889512 0.620032
vt 0.905294 0.547610
vt 0.905294 0.619981
vt 0.152766 0.255233
vt 0.118430 0.472594
vt 0.951274 0.630137
vt 0.977823 0.635028
vt 0.951310 0.635286
vt 0.978296 0.613884
vt 0.951354 0.603337
vt 0.978950 0.603068
vt 0.977952 0.648997
vt 0.951439 0.649255
vt 0.951255 0.624312
vt 0.977826 0.629879
vt 0.951255 0.618697
vt 0.977917 0.624053
vt 0.951274 0.614147
vt 0.978082 0.618436
vt 0.676727 0.847422
vt 0.681032 0.837512
vt 0.686936 0.872817
vt 0.674828 0.872080
vt 0.674063 0.872895
vt 0.673897 0.872053
vt 0.968243 0.382696
vt 0.969023 0.381421
vt 0.969206 0.382528
vt 0.979095 0.649878
vt 0.978259 0.650061
vt 0.980908 0.375712
vt 0.980860 0.376881
vt 0.686927 0.873854
vt 0.951460 0.650322
vt 0.969246 0.409152
vt 0.968283 0.409039
vt 0.677813 0.841556
vt 0.680195 0.837009
vt 0.979270 0.618600
vt 0.979479 0.614092
vt 0.678706 0.841951
vt 0.675789 0.847153
vt 0.675401 0.853084
vt 0.979018 0.629937
vt 0.979108 0.624165
vt 0.674930 0.858070
vt 0.674432 0.852947
vt 0.979013 0.635036
vt 0.673949 0.858054
vt 0.980079 0.603815
vt 0.686936 0.828437
vt 0.980908 0.409543
vt 0.609334 0.947161
vt 0.544068 0.932051
vt 0.612467 0.935236
vt 0.637356 0.681966
vt 0.637150 0.812477
vt 0.118511 0.471990
vt 0.116015 0.471341
vt 0.118520 0.471343
vt 0.689347 0.585455
vt 0.689351 0.584629
vt 0.674601 0.947168
vt 0.680867 0.938408
vt 0.544068 0.981494
vt 0.966882 0.833409
vt 0.955545 0.833409
vt 0.185636 0.301669
vt 0.177056 0.304997
vt 0.828375 0.656101
vt 0.689387 0.575008
vt 0.689391 0.574227
vt 0.238259 0.282599
vt 0.237544 0.282845
vt 0.639835 0.607944
vt 0.739028 0.684359
vt 0.738733 0.684362
vt 0.165404 0.309781
vt 0.166088 0.309469
vt 0.168312 0.308532
vt 0.821198 0.588648
vt 0.821558 0.588680
vt 0.658127 0.681997
vt 0.658076 0.812507
vt 0.669492 0.607044
vt 0.639830 0.607179
vt 0.669502 0.913261
vt 0.609024 0.913348
vt 0.669502 0.607810
vt 0.720369 0.703243
vt 0.720217 0.709150
vt 0.720162 0.703326
vt 0.626524 0.438110
vt 0.632345 0.471784
vt 0.627966 0.472221
vt 0.650373 0.421555
vt 0.649733 0.410192
vt 0.650446 0.410188
vt 0.629133 0.540831
vt 0.623979 0.549115
vt 0.621915 0.546570
vt 0.645945 0.309514
vt 0.643666 0.288824
vt 0.647938 0.288989
vt 0.103523 0.863962
vt 0.016887 0.834589
vt 0.103939 0.835032
vt 0.636164 0.421832
vt 0.632439 0.410491
vt 0.635872 0.410357
vt 0.652588 0.300514
vt 0.653298 0.300656
vt 0.651771 0.309897
vt 0.649827 0.398772
vt 0.644345 0.370216
vt 0.650190 0.368410
vt 0.650519 0.398779
vt 0.644062 0.410182
vt 0.640367 0.398757
vt 0.644044 0.398744
vt 0.600717 0.412089
vt 0.606441 0.412134
vt 0.605898 0.414046
vt 0.616156 0.422844
vt 0.625722 0.422242
vt 0.618723 0.430654
vt 0.634871 0.288793
vt 0.636947 0.285565
vt 0.638642 0.288723
vt 0.642976 0.514306
vt 0.645986 0.526752
vt 0.640803 0.525416
vt 0.636046 0.372980
vt 0.635716 0.398816
vt 0.552605 0.592100
vt 0.575652 0.573927
vt 0.577823 0.577571
vt 0.643287 0.510624
vt 0.648885 0.507641
vt 0.648642 0.511330
vt 0.639719 0.513920
vt 0.637768 0.524635
vt 0.582616 0.585481
vt 0.602691 0.563322
vt 0.607241 0.570135
vt 0.623638 0.535341
vt 0.630699 0.532367
vt 0.626065 0.537900
vt 0.634350 0.534295
vt 0.636971 0.535658
vt 0.627403 0.528237
vt 0.633552 0.523551
vt 0.628629 0.554374
vt 0.632309 0.398874
vt 0.640706 0.421656
vt 0.644304 0.421581
vt 0.582991 0.586112
vt 0.557516 0.600397
vt 0.625010 0.400821
vt 0.646631 0.526933
vt 0.648210 0.514967
vt 0.648883 0.515068
vt 0.635534 0.505196
vt 0.640947 0.471197
vt 0.640172 0.506189
vt 0.724052 0.706109
vt 0.723884 0.708949
vt 0.618688 0.543198
vt 0.615981 0.540443
vt 0.636145 0.546650
vt 0.631390 0.542813
vt 0.642407 0.538323
vt 0.629092 0.554906
vt 0.016078 0.929256
vt 0.018809 0.933709
vt 0.017975 0.934716
vt 0.598130 0.555776
vt 0.649659 0.421571
vt 0.624794 0.512028
vt 0.621515 0.515596
vt 0.623675 0.511403
vt 0.615030 0.524624
vt 0.607359 0.527906
vt 0.614232 0.523314
vt 0.125278 0.708239
vt 0.125294 0.772681
vt 0.121428 0.772641
vt 0.652026 0.318871
vt 0.651311 0.318845
vt 0.635211 0.328568
vt 0.637020 0.319333
vt 0.641793 0.538010
vt 0.725222 0.706472
vt 0.769392 0.649875
vt 0.765844 0.638706
vt 0.769407 0.638684
vt 0.636683 0.547084
vt 0.573338 0.569961
vt 0.546221 0.581109
vt 0.571357 0.566517
vt 0.143848 0.856134
vt 0.146888 0.852502
vt 0.147165 0.852840
vt 0.629735 0.521203
vt 0.635212 0.513282
vt 0.769395 0.683345
vt 0.772969 0.684194
vt 0.769400 0.684370
vt 0.600367 0.559631
vt 0.640417 0.410231
vt 0.772975 0.684988
vt 0.769409 0.685438
vt 0.637617 0.309065
vt 0.634067 0.308910
vt 0.573035 0.288551
vt 0.591284 0.283311
vt 0.591655 0.288443
vt 0.641780 0.319474
vt 0.645509 0.318594
vt 0.642225 0.309296
vt 0.650911 0.368422
vt 0.109869 0.911105
vt 0.109947 0.921307
vt 0.106124 0.912151
vt 0.772951 0.674713
vt 0.769386 0.678763
vt 0.769383 0.674708
vt 0.772949 0.671301
vt 0.769381 0.671297
vt 0.102847 0.939585
vt 0.103887 0.941247
vt 0.092551 0.940087
vt 0.626495 0.500780
vt 0.624169 0.472542
vt 0.611745 0.534606
vt 0.596273 0.552403
vt 0.592860 0.546000
vt 0.772949 0.661092
vt 0.769379 0.667885
vt 0.769381 0.661089
vt 0.600582 0.284069
vt 0.600952 0.288514
vt 0.025591 0.939140
vt 0.110757 0.933082
vt 0.640809 0.437404
vt 0.635347 0.509269
vt 0.639944 0.510095
vt 0.539099 0.415237
vt 0.512233 0.419778
vt 0.512044 0.417778
vt 0.152399 0.961313
vt 0.148766 0.957709
vt 0.152833 0.960732
vt 0.619167 0.530020
vt 0.161765 0.963771
vt 0.157326 0.962126
vt 0.161875 0.963421
vt 0.590880 0.412192
vt 0.595432 0.409826
vt 0.595730 0.411782
vt 0.623755 0.524800
vt 0.139446 0.864037
vt 0.140086 0.859271
vt 0.141081 0.859420
vt 0.620368 0.438501
vt 0.179557 0.839564
vt 0.207924 0.830653
vt 0.208070 0.831018
vt 0.565530 0.556250
vt 0.539773 0.569821
vt 0.565259 0.554642
vt 0.589615 0.539355
vt 0.608115 0.529227
vt 0.590125 0.540818
vt 0.151611 0.849974
vt 0.159015 0.846372
vt 0.159185 0.846774
vt 0.182454 0.969317
vt 0.182586 0.968914
vt 0.569297 0.414317
vt 0.590629 0.410245
vt 0.643556 0.506860
vt 0.141500 0.859590
vt 0.143514 0.855896
vt 0.151008 0.848886
vt 0.151422 0.849636
vt 0.568073 0.560744
vt 0.540536 0.571162
vt 0.017129 0.893275
vt 0.015919 0.911234
vt 0.016020 0.892975
vt 0.629809 0.502398
vt 0.542854 0.575217
vt 0.153354 0.959775
vt 0.157580 0.961386
vt 0.149054 0.957434
vt 0.153028 0.960395
vt 0.611145 0.418083
vt 0.629632 0.507614
vt 0.626047 0.506902
vt 0.142597 0.947818
vt 0.144834 0.953112
vt 0.142127 0.947786
vt 0.649349 0.511144
vt 0.649584 0.507655
vt 0.930444 0.806271
vt 0.947918 0.822226
vt 0.930362 0.822148
vt 0.139860 0.864121
vt 0.624854 0.506435
vt 0.625298 0.500377
vt 0.619154 0.520957
vt 0.618376 0.519677
vt 0.622415 0.516666
vt 0.236770 0.983449
vt 0.211070 0.976348
vt 0.236868 0.983091
vt 0.568964 0.412365
vt 0.539747 0.417176
vt 0.211316 0.975600
vt 0.237074 0.982330
vt 0.548241 0.584610
vt 0.550566 0.588618
vt 0.765829 0.649897
vt 0.607645 0.570737
vt 0.636361 0.437603
vt 0.635731 0.471542
vt 0.632986 0.437799
vt 0.600628 0.410164
vt 0.595118 0.405045
vt 0.600140 0.404470
vt 0.162092 0.962659
vt 0.182799 0.968195
vt 0.151991 0.850678
vt 0.159467 0.847481
vt 0.619201 0.438927
vt 0.631449 0.504345
vt 0.907461 0.806769
vt 0.907381 0.822843
vt 0.822205 0.661534
vt 0.822441 0.650902
vt 0.822442 0.661429
vt 0.623025 0.472582
vt 0.143410 0.947900
vt 0.145178 0.952957
vt 0.147656 0.853450
vt 0.180848 0.842913
vt 0.161646 0.850079
vt 0.160505 0.849170
vt 0.632766 0.422010
vt 0.617508 0.431182
vt 0.614872 0.423490
vt 0.612466 0.417001
vt 0.138153 0.897994
vt 0.138119 0.931829
vt 0.137027 0.898028
vt 0.156892 0.963242
vt 0.157194 0.962475
vt 0.595134 0.404326
vt 0.600104 0.403755
vt 0.609910 0.284646
vt 0.610341 0.288545
vt 0.613286 0.301869
vt 0.621822 0.288858
vt 0.772947 0.667889
vt 0.107859 0.899289
vt 0.107616 0.863760
vt 0.617528 0.397004
vt 0.622402 0.405499
vt 0.613679 0.400813
vt 0.144505 0.856622
vt 0.140656 0.864308
vt 0.142239 0.859909
vt 0.138906 0.869925
vt 0.139721 0.869962
vt 0.159570 0.958533
vt 0.163495 0.960114
vt 0.159167 0.958805
vt 0.149542 0.956922
vt 0.148245 0.950795
vt 0.152134 0.954756
vt 0.151565 0.954865
vt 0.145318 0.940052
vt 0.145110 0.947540
vt 0.143247 0.939763
vt 0.145832 0.952613
vt 0.184442 0.965301
vt 0.211663 0.973904
vt 0.183427 0.966497
vt 0.179812 0.840319
vt 0.139244 0.932075
vt 0.139140 0.939632
vt 0.208323 0.831763
vt 0.236613 0.821974
vt 0.236836 0.822812
vt 0.182041 0.970025
vt 0.179420 0.839195
vt 0.207283 0.829972
vt 0.178991 0.838459
vt 0.138442 0.869908
vt 0.138364 0.864068
vt 0.140962 0.947449
vt 0.140298 0.939930
vt 0.146369 0.851807
vt 0.236543 0.984260
vt 0.210930 0.976700
vt 0.158636 0.845625
vt 0.143859 0.953190
vt 0.138575 0.897993
vt 0.139675 0.932104
vt 0.142727 0.855397
vt 0.236940 0.823214
vt 0.148050 0.958085
vt 0.892522 0.810403
vt 0.896777 0.823579
vt 0.892450 0.823958
vt 0.896690 0.843438
vt 0.892476 0.843928
vt 0.947824 0.842095
vt 0.930277 0.842011
vt 0.930719 0.796706
vt 0.948016 0.801083
vt 0.930475 0.801154
vt 0.895086 0.800935
vt 0.896523 0.799964
vt 0.896880 0.804009
vt 0.892609 0.807311
vt 0.896857 0.807594
vt 0.948013 0.806150
vt 0.896625 0.858930
vt 0.892515 0.858874
vt 0.907294 0.842704
vt 0.907524 0.798019
vt 0.907490 0.802183
vt 0.930208 0.859078
vt 0.907227 0.858974
vt 0.921558 0.457714
vt 0.912321 0.475354
vt 0.912826 0.457118
vt 0.920482 0.445908
vt 0.913075 0.444867
vt 0.922071 0.475886
vt 0.911857 0.492315
vt 0.920648 0.437122
vt 0.921718 0.439801
vt 0.913346 0.437770
vt 0.212567 0.972600
vt 0.237812 0.979548
vt 0.237135 0.823983
vt 0.947746 0.859165
vt 0.142527 0.865012
vt 0.143448 0.870474
vt 0.141355 0.870183
vt 0.139418 0.897990
vt 0.140502 0.932138
vt 0.163937 0.959835
vt 0.147046 0.858595
vt 0.145764 0.861361
vt 0.144992 0.861579
vt 0.154302 0.958482
vt 0.149049 0.854874
vt 0.147783 0.858515
vt 0.153223 0.852294
vt 0.150532 0.855704
vt 0.144341 0.865349
vt 0.155522 0.957233
vt 0.154499 0.853155
vt 0.208704 0.833425
vt 0.181575 0.843059
vt 0.161481 0.964541
vt 0.141112 0.898003
vt 0.141561 0.940015
vt 0.237524 0.825809
vt 0.146934 0.947504
vt 0.143117 0.897923
vt 0.142282 0.931929
vt 0.140726 0.939968
vt 0.209625 0.834640
vt 0.572726 0.282599
vt 0.542359 0.289110
vt 0.542088 0.282725
vt 0.621090 0.284992
vt 0.641180 0.286226
vt 0.511804 0.289763
vt 0.511559 0.283701
vt 0.654801 0.291346
vt 0.654097 0.291125
vt 0.644733 0.287222
vt 0.765816 0.667905
vt 0.765818 0.671316
vt 0.772960 0.649877
vt 0.765818 0.661111
vt 0.765820 0.674727
vt 0.765837 0.684571
vt 0.765848 0.685912
vt 0.765832 0.683367
vt 0.113097 0.930460
vt 0.112466 0.933841
vt 0.772975 0.638686
vt 0.724861 0.703706
vt 0.723618 0.703301
vt 0.633693 0.285454
vt 0.631120 0.512781
vt 0.631242 0.508585
vt 0.628681 0.512232
vt 0.900453 0.798924
vt 0.137331 0.870048
vt 0.144259 0.932131
vt 0.626724 0.519098
vt 0.511608 0.412725
vt 0.589627 0.405651
vt 0.570912 0.407483
vt 0.541083 0.410168
vt 0.621881 0.410851
vt 0.607807 0.403505
vt 0.650640 0.471083
vt 0.629346 0.308873
vt 0.627416 0.315888
vt 0.633706 0.319243
vt 0.111300 0.929905
vt 0.113147 0.925610
vt 0.021189 0.938563
vt 0.025313 0.940444
vt 0.017156 0.928814
vt 0.107370 0.940610
vt 0.765823 0.678781
vt 0.616589 0.303492
vt 0.618782 0.305506
vt 0.624534 0.395023
vt 0.015948 0.863192
vt 0.015792 0.834612
vt 0.021772 0.937309
vt 0.780502 0.269524
vt 0.570967 0.255977
vt 0.784711 0.258392
vt 0.619257 0.392409
vt 0.620878 0.378387
vt 0.621838 0.379091
vt 0.108496 0.904924
vt 0.104472 0.905500
vt 0.017060 0.863726
vt 0.610048 0.301206
vt 0.605346 0.301869
vt 0.591747 0.308401
vt 0.585431 0.310242
vt 0.542782 0.311238
vt 0.109851 0.938839
vt 0.109490 0.935849
vt 0.111580 0.936740
vt 0.600556 0.303289
vt 0.772954 0.678769
vt 0.108007 0.937643
vt 0.112592 0.920618
vt 0.111020 0.925663
vt 0.103811 0.899595
vt 0.618588 0.305666
vt 0.616427 0.303635
vt 0.620600 0.308724
vt 0.616963 0.396570
vt 0.618606 0.392110
vt 0.621279 0.308588
vt 0.621415 0.312003
vt 0.511559 0.412026
vt 0.541287 0.409448
vt 0.571135 0.406764
vt 0.589509 0.404944
vt 0.607775 0.402782
vt 0.613215 0.400232
vt 0.512280 0.311833
vt 0.108020 0.835157
vt 0.553496 0.254330
vt 0.567076 0.244214
vt 0.622178 0.312128
vt 0.623239 0.321681
vt 0.622061 0.322967
vt 0.556151 0.213061
vt 0.800716 0.208067
vt 0.802911 0.212396
vt 0.632051 0.377430
vt 0.640633 0.371483
vt 0.788607 0.248263
vt 0.803904 0.228608
vt 0.792577 0.237166
vt 0.801163 0.222973
vt 0.804377 0.248479
vt 0.802562 0.258474
vt 0.551895 0.243544
vt 0.563338 0.232878
vt 0.561406 0.265471
vt 0.566704 0.267866
vt 0.907921 0.621920
vt 0.911431 0.621087
vt 0.908021 0.620866
vt 0.911532 0.620032
vt 0.919990 0.542795
vt 0.923657 0.543686
vt 0.919990 0.498532
vt 0.923657 0.497600
vt 0.923641 0.496724
vt 0.942790 0.402209
vt 0.939126 0.401098
vt 0.978529 0.850031
vt 0.978860 0.893075
vt 0.977625 0.895191
vt 0.788310 0.685006
vt 0.788310 0.716331
vt 0.735228 0.603961
vt 0.800407 0.589190
vt 0.804806 0.574227
vt 0.744821 0.634858
vt 0.778012 0.635988
vt 0.114272 0.255192
vt 0.113346 0.465506
vt 0.113283 0.467757
vt 0.113261 0.479118
vt 0.073753 0.484989
vt 0.758483 0.656050
vt 0.789252 0.681241
vt 0.786632 0.660859
vt 0.825943 0.692162
vt 0.184298 0.467514
vt 0.737005 0.611951
vt 0.763178 0.654940
vt 0.118398 0.473001
vt 0.133699 0.481347
vt 0.116006 0.471987
vt 0.786502 0.640121
vt 0.789194 0.639825
vt 0.116015 0.467278
vt 0.152766 0.450026
vt 0.152770 0.461528
vt 0.152772 0.471323
vt 0.152772 0.471892
vt 0.152773 0.472461
vt 0.750131 0.636183
vt 0.750101 0.653890
vt 0.749894 0.635988
vt 0.715094 0.700688
vt 0.713237 0.701789
vt 0.712940 0.700438
vt 0.738196 0.684362
vt 0.738524 0.701479
vt 0.738207 0.701726
vt 0.800302 0.473745
vt 0.804968 0.447692
vt 0.804932 0.473747
vt 0.680022 0.719516
vt 0.678817 0.718462
vt 0.680192 0.718852
vt 0.698543 0.710166
vt 0.699197 0.694168
vt 0.699202 0.711063
vt 0.801500 0.619814
vt 0.801813 0.617868
vt 0.802402 0.618272
vt 0.847381 0.812159
vt 0.849093 0.814175
vt 0.848893 0.814287
vt 0.770549 0.687396
vt 0.771127 0.715173
vt 0.770872 0.715263
vt 0.800505 0.619461
vt 0.801642 0.617578
vt 0.732514 0.656061
vt 0.732278 0.680587
vt 0.732278 0.656161
vt 0.800445 0.622988
vt 0.805289 0.634965
vt 0.804620 0.635979
vt 0.687006 0.691944
vt 0.689217 0.706408
vt 0.687382 0.706191
vt 0.800098 0.621196
vt 0.800169 0.623051
vt 0.844447 0.810704
vt 0.844379 0.810909
vt 0.738141 0.660268
vt 0.737867 0.642523
vt 0.738141 0.642316
vt 0.788722 0.685009
vt 0.788466 0.689130
vt 0.788544 0.685006
vt 0.750085 0.689217
vt 0.749894 0.689483
vt 0.678264 0.719017
vt 0.678265 0.717875
vt 0.731424 0.656191
vt 0.731425 0.680617
vt 0.800405 0.621258
vt 0.801170 0.621209
vt 0.801205 0.622698
vt 0.800795 0.619609
vt 0.785581 0.687514
vt 0.785827 0.689818
vt 0.784659 0.689818
vt 0.680423 0.716361
vt 0.677596 0.716429
vt 0.685741 0.695424
vt 0.678432 0.716574
vt 0.743942 0.683239
vt 0.743639 0.700337
vt 0.743585 0.683481
vt 0.686287 0.719338
vt 0.685419 0.718703
vt 0.731424 0.683142
vt 0.729173 0.680738
vt 0.765512 0.685338
vt 0.763530 0.652915
vt 0.765274 0.652810
vt 0.731422 0.643058
vt 0.804451 0.636161
vt 0.701690 0.710147
vt 0.702295 0.694168
vt 0.702349 0.711044
vt 0.738516 0.684604
vt 0.739235 0.700627
vt 0.729173 0.658116
vt 0.732525 0.656246
vt 0.733391 0.642997
vt 0.733377 0.656507
vt 0.889434 0.869203
vt 0.887312 0.814352
vt 0.889434 0.810603
vt 0.782900 0.714710
vt 0.784659 0.691586
vt 0.784210 0.715410
vt 0.775250 0.652807
vt 0.773527 0.685137
vt 0.773631 0.652756
vt 0.805271 0.614776
vt 0.805289 0.613633
vt 0.695979 0.709863
vt 0.698538 0.695018
vt 0.765512 0.637143
vt 0.733387 0.683079
vt 0.734305 0.656246
vt 0.733424 0.643059
vt 0.734293 0.642316
vt 0.773280 0.637178
vt 0.775250 0.635988
vt 0.749687 0.653991
vt 0.749650 0.636214
vt 0.744742 0.641086
vt 0.744624 0.672958
vt 0.848725 0.817910
vt 0.685089 0.716178
vt 0.689123 0.673121
vt 0.688831 0.690237
vt 0.688825 0.673362
vt 0.749696 0.689550
vt 0.749894 0.689788
vt 0.833683 0.810810
vt 0.848526 0.817927
vt 0.848693 0.814400
vt 0.729173 0.643385
vt 0.833882 0.811019
vt 0.844312 0.811114
vt 0.805247 0.527858
vt 0.699202 0.697163
vt 0.699207 0.709844
vt 0.770798 0.687402
vt 0.772000 0.714483
vt 0.733424 0.683141
vt 0.733432 0.656277
vt 0.833483 0.870396
vt 0.797087 0.677735
vt 0.798778 0.703598
vt 0.797531 0.701375
vt 0.847235 0.812323
vt 0.833691 0.869497
vt 0.763183 0.702743
vt 0.764864 0.689806
vt 0.765441 0.702435
vt 0.715678 0.702174
vt 0.713796 0.703023
vt 0.715065 0.699834
vt 0.712947 0.698655
vt 0.715678 0.694683
vt 0.713479 0.694168
vt 0.786086 0.644073
vt 0.779225 0.645198
vt 0.988714 0.233365
vt 0.954301 0.254937
vt 0.137457 0.651703
vt 0.991312 0.233093
vt 0.140542 0.611952
vt 0.134974 0.613667
vt 0.140590 0.611605
vt 0.991767 0.255999
vt 0.131738 0.651456
vt 0.135186 0.611205
vt 0.823366 0.232026
vt 0.145255 0.571087
vt 0.150268 0.567897
vt 0.888929 0.549841
vt 0.950915 0.848806
vt 0.954818 0.809345
vt 0.955545 0.848811
vt 0.947172 0.649810
vt 0.948503 0.608207
vt 0.863413 0.296612
vt 0.856491 0.303959
vt 0.865695 0.300119
vt 0.663100 0.306398
vt 0.674964 0.304049
vt 0.667450 0.297948
vt 0.867497 0.306104
vt 0.857864 0.310749
vt 0.867232 0.312041
vt 0.679332 0.300665
vt 0.675201 0.292240
vt 0.863317 0.321204
vt 0.856549 0.314012
vt 0.854877 0.316039
vt 0.857816 0.307260
vt 0.663612 0.313209
vt 0.675123 0.315178
vt 0.673496 0.311177
vt 0.675609 0.326889
vt 0.851016 0.318349
vt 0.679554 0.318509
vt 0.667934 0.321323
vt 0.673512 0.307999
vt 0.858240 0.326065
vt 0.850867 0.299557
vt 0.858166 0.291698
vt 0.854789 0.301893
vt 0.851101 0.305426
vt 0.677414 0.308673
vt 0.848950 0.313400
vt 0.851977 0.311855
vt 0.854424 0.310256
vt 0.852809 0.310019
vt 0.853392 0.312562
vt 0.856120 0.310497
vt 0.848844 0.304542
vt 0.852130 0.304295
vt 0.849292 0.303048
vt 0.853355 0.303136
vt 0.849965 0.301395
vt 0.851198 0.312546
vt 0.852231 0.313668
vt 0.854919 0.313270
vt 0.680388 0.315064
vt 0.849419 0.314890
vt 0.679989 0.316676
vt 0.850108 0.316528
vt 0.852767 0.307984
vt 0.854373 0.307739
vt 0.856057 0.307506
vt 0.680225 0.304116
vt 0.680616 0.305537
vt 0.679796 0.302502
vt 0.677505 0.310441
vt 0.676150 0.308513
vt 0.676221 0.310645
vt 0.674921 0.308300
vt 0.674984 0.310869
vt 0.678195 0.306659
vt 0.677124 0.305902
vt 0.676092 0.305093
vt 0.680750 0.313650
vt 0.677269 0.313274
vt 0.676242 0.314104
vt 0.678326 0.312513
vt 0.853454 0.314813
vt 0.851899 0.306127
vt 0.853314 0.305418
vt 0.854848 0.304706
vt 0.865506 0.317803
vt 0.822442 0.666693
vt 0.252964 0.513687
vt 0.262411 0.441482
vt 0.320218 0.485766
vt 0.624446 0.379759
vt 0.627242 0.379797
vt 0.629881 0.378979
vt 0.624442 0.321115
vt 0.628945 0.321213
vt 0.626168 0.320687
vt 0.631714 0.322086
vt 0.633611 0.323481
vt 0.118413 0.688796
vt 0.118811 0.691286
vt 0.118678 0.691459
vt 0.111594 0.792145
vt 0.113930 0.793215
vt 0.109610 0.792856
vt 0.117539 0.686747
vt 0.113175 0.685814
vt 0.114637 0.687277
vt 0.118147 0.789730
vt 0.115389 0.792343
vt 0.114327 0.789556
vt 0.120648 0.786688
vt 0.118863 0.783444
vt 0.124234 0.780508
vt 0.122720 0.783566
vt 0.121309 0.694304
vt 0.121158 0.694450
vt 0.116808 0.786537
vt 0.123576 0.697563
vt 0.123412 0.697688
vt 0.124860 0.700619
vt 0.124686 0.700702
vt 0.634549 0.371933
vt 0.125124 0.702627
vt 0.124946 0.702655
vt 0.822205 0.651001
vt 0.822188 0.636886
vt 0.803627 0.269640
vt 0.800623 0.274527
vt 0.798567 0.272607
vt 0.120371 0.780421
vt 0.124855 0.777988
vt 0.553281 0.225738
vt 0.552086 0.232814
vt 0.809625 0.261387
vt 0.806123 0.271126
vt 0.814763 0.249681
vt 0.812400 0.262387
vt 0.546847 0.255737
vt 0.541992 0.244792
vt 0.544437 0.244303
vt 0.811834 0.249101
vt 0.814680 0.236849
vt 0.551762 0.265113
vt 0.544559 0.256659
vt 0.542182 0.231897
vt 0.544674 0.231907
vt 0.545820 0.219749
vt 0.548247 0.220468
vt 0.810904 0.215646
vt 0.807932 0.218498
vt 0.549853 0.214267
vt 0.552199 0.216765
vt 0.796315 0.217641
vt 0.811670 0.236734
vt 0.813232 0.223892
vt 0.634608 0.375453
vt 0.634538 0.373812
vt 0.635243 0.326572
vt 0.635590 0.325061
vt 0.121304 0.775344
vt 0.125171 0.775380
vt 0.120986 0.777953
vt 0.782995 0.279191
vt 0.790254 0.275766
vt 0.792211 0.277774
vt 0.571442 0.278549
vt 0.564111 0.274743
vt 0.572701 0.276447
vt 0.562716 0.276743
vt 0.556596 0.271026
vt 0.125453 0.708198
vt 0.125189 0.705386
vt 0.125364 0.705354
vt 0.549692 0.266496
vt 0.573696 0.268929
vt 0.781111 0.277083
vt 0.804225 0.237413
vt 0.555707 0.220831
vt 0.797090 0.217302
vt 0.802229 0.221278
vt 0.553184 0.224502
vt 0.798347 0.263943
vt 0.788294 0.268415
vt 0.557157 0.260976
vt 0.558910 0.219606
vt 0.795177 0.265793
vt 0.810274 0.224370
vt 0.804243 0.228220
vt 0.560484 0.218249
vt 0.555618 0.208502
vt 0.116774 0.688199
vt 0.112471 0.794087
vt 0.107013 0.793730
vt 0.555392 0.222284
vt 0.036455 0.940872
vt 0.105676 0.938883
vt 0.912142 0.431996
vt 0.915222 0.432725
vt 0.917607 0.433773
vt 0.919190 0.435211
vt 0.892796 0.804800
vt 0.893515 0.802861
vt 0.017009 0.911001
vt 0.016946 0.921694
vt 0.015841 0.916883
vt 0.016939 0.916674
vt 0.015838 0.921822
vt 0.619919 0.377684
vt 0.616158 0.376980
vt 0.210284 0.977353
vt 0.773386 0.823763
vt 0.356794 0.412914
vt 0.286570 0.371039
vt 0.353625 0.388265
vt 0.285567 0.382861
vt 0.283640 0.408123
vt 0.295186 0.282599
vt 0.777025 0.635988
vt 0.776257 0.680137
vt 0.776230 0.635988
vt 0.924118 0.493845
vt 0.921940 0.491132
vt 0.923717 0.457588
vt 0.922537 0.444532
vt 0.924266 0.475781
vt 0.950208 0.822243
vt 0.950112 0.842109
vt 0.950335 0.801186
vt 0.950299 0.808920
vt 0.950023 0.861219
vt 0.947195 0.796741
vt 0.891165 0.843821
vt 0.891121 0.823971
vt 0.891199 0.809490
vt 0.891269 0.806429
vt 0.895078 0.798652
vt 0.897364 0.797200
vt 0.891479 0.803600
vt 0.892761 0.801118
vt 0.891225 0.860941
vt 0.907538 0.795143
vt 0.930519 0.794491
vt 0.902223 0.795914
vt 0.948936 0.794942
vt 0.317807 0.969866
vt 0.319893 0.822560
vt 0.317003 0.877288
vt 0.369745 0.822001
vt 0.369851 0.975448
vt 0.369832 0.975448
vt 0.317807 0.969866
vt 0.320700 0.973764
vt 0.324930 0.974252
vt 0.339375 0.974636
vt 0.339904 0.974650
vt 0.369820 0.966760
vt 0.355594 0.973461
vt 0.355579 0.966404
vt 0.339121 0.965994
vt 0.324937 0.972651
vt 0.324902 0.965638
vt 0.339146 0.973027
vt 0.338833 0.822115
vt 0.324180 0.822169
vt 0.339368 0.822113
vt 0.317501 0.965663
vt 0.317501 0.965663
vt 0.319891 0.822560
vt 0.324190 0.822169
vt 0.354877 0.975049
vt 0.355410 0.975064
vt 0.355097 0.822055
vt 0.354557 0.822057
vt 0.320438 0.824311
vt 0.324253 0.830755
vt 0.318333 0.827103
vt 0.369726 0.822001
vt 0.317001 0.826392
vt 0.317001 0.826392
vt 0.316739 0.830589
vt 0.317003 0.877288
vt 0.316739 0.830589
vt 0.320698 0.973764
vt 0.354554 0.822063
vt 0.324930 0.973452
vt 0.339171 0.973829
vt 0.324927 0.974250
vt 0.339264 0.974633
vt 0.324939 0.974252
vt 0.369825 0.974642
vt 0.355566 0.974264
vt 0.369829 0.975448
vt 0.355504 0.975066
vt 0.355290 0.823663
vt 0.369720 0.822808
vt 0.369721 0.823613
vt 0.355259 0.822859
vt 0.369723 0.822001
vt 0.355192 0.822055
vt 0.338612 0.823720
vt 0.355258 0.822859
vt 0.338631 0.822918
vt 0.338720 0.822116
vt 0.324189 0.822969
vt 0.324177 0.822171
vt 0.369825 0.973836
vt 0.377200 0.974837
vt 0.377200 0.822781
vt 0.317669 0.826737
vt 0.320142 0.823452
vt 0.317018 0.826395
vt 0.319896 0.822584
vt 0.317285 0.830682
vt 0.316740 0.830589
vt 0.319113 0.969185
vt 0.318039 0.965582
vt 0.318617 0.965505
vt 0.318462 0.969536
vt 0.317502 0.965662
vt 0.317823 0.969864
vt 0.321219 0.972025
vt 0.320937 0.972878
vt 0.320703 0.973740
vt 0.317004 0.877286
vt 0.317546 0.877322
vt 0.317872 0.830773
vt 0.318130 0.877353
vt 0.377201 0.830677
vt 0.369726 0.830692
vt 0.377201 0.966944
vt 0.377201 0.974030
vt 0.355420 0.888597
vt 0.338844 0.888436
vt 0.324530 0.888286
vt 0.369765 0.888731
vt 0.338637 0.830755
vt 0.324204 0.823770
vt 0.355302 0.830726
vt 0.377201 0.877788
vt 0.369758 0.877736
vt 0.324476 0.877392
vt 0.377201 0.888798
vt 0.355398 0.877634
vt 0.338804 0.877512
vt 0.741990 0.757410
vt 0.740695 0.759352
vt 0.740710 0.757413
vt 0.317607 0.888220
vt 0.317065 0.888201
vt 0.317064 0.888201
vt 0.317064 0.888201
vt 0.355401 0.877627
vt 0.318190 0.888239
vt 0.239946 0.652651
vt 0.038532 0.536390
vt 0.866680 0.626848
vt 0.755819 0.812166
vt 0.393891 0.913801
vt 0.197112 0.652316
vt 0.808121 0.630354
vt 0.709645 0.694958
vt 0.762670 0.676222
vt 0.491342 0.298711
vt 0.137027 0.815847
vt 0.725030 0.684753
vt 0.834063 0.731707
vt 0.778175 0.637404
vt 0.827170 0.842995
vt 0.806247 0.709571
vt 0.940091 0.772116
vt 0.793718 0.636230
vt 0.918289 0.613932
vt 0.788514 0.689572
vt 0.778012 0.574427
vt 0.737867 0.660268
vt 0.743859 0.683239
vt 0.820044 0.605243
vt 0.725270 0.690461
vt 0.812580 0.636886
vt 0.733454 0.581512
vt 0.805193 0.673790
vt 0.114036 0.406666
vt 0.114037 0.357911
vt 0.114288 0.406441
vt 0.826521 0.636581
vt 0.922550 0.649747
vt 0.114284 0.401288
vt 0.809538 0.709102
vt 0.777288 0.678707
vt 0.778364 0.714613
vt 0.732227 0.683771
vt 0.732514 0.688719
vt 0.778364 0.681375
vt 0.800088 0.574227
vt 0.753349 0.687552
vt 0.768377 0.718112
vt 0.824218 0.634145
vt 0.763178 0.716742
vt 0.768031 0.713654
vt 0.924909 0.429282
vt 0.927238 0.429282
vt 0.737768 0.678114
vt 0.757402 0.867152
vt 0.828064 0.683068
vt 0.689391 0.576361
vt 0.140337 0.614018
vt 0.908016 0.648261
vt 0.942790 0.428927
vt 0.688825 0.655266
vt 0.744359 0.640529
vt 0.820013 0.673101
vt 0.917522 0.398947
vt 0.677596 0.364677
vt 0.804390 0.636886
vt 0.808728 0.673101
vt 0.805988 0.636886
vt 0.807817 0.673101
vt 0.785885 0.640069
vt 0.798778 0.673664
vt 0.820013 0.709004
vt 0.749469 0.697749
vt 0.881245 0.340884
vt 0.734759 0.679253
vt 0.889512 0.626439
vt 0.689347 0.694168
vt 0.812185 0.610450
vt 0.689573 0.754615
vt 0.846828 0.649132
vt 0.894293 0.429232
vt 0.833859 0.647769
vt 0.869897 0.643554
vt 0.688079 0.451077
vt 0.891121 0.722841
vt 0.695751 0.711189
vt 0.691250 0.540526
vt 0.762935 0.771901
vt 0.293580 0.635859
vt 0.822784 0.824525
vt 0.965177 0.341622
vt 0.747227 0.532677
vt 0.680919 0.546788
vt 0.747615 0.544019
vt 0.968243 0.376385
vt 0.958966 0.688314
vt 0.879985 0.510941
vt 0.743865 0.788466
vt 0.895828 0.543617
vt 0.805910 0.521112
vt 0.866483 0.649465
vt 0.868749 0.648249
vt 0.867577 0.648051
vt 0.952501 0.429955
vt 0.689081 0.543001
vt 0.769398 0.539655
vt 0.752041 0.535137
vt 0.784686 0.539655
vt 0.767319 0.539655
vt 0.758120 0.539936
vt 0.751775 0.537220
vt 0.757218 0.532959
vt 0.759634 0.536190
vt 0.759368 0.538273
vt 0.752561 0.539165
vt 0.754190 0.540451
vt 0.753289 0.533474
vt 0.687970 0.545685
vt 0.786161 0.540958
vt 0.687961 0.541922
vt 0.786161 0.544713
vt 0.755184 0.532677
vt 0.689105 0.544892
vt 0.689081 0.543809
vt 0.687956 0.543817
vt 0.785218 0.539655
vt 0.689076 0.541918
vt 0.703369 0.709107
vt 0.944521 0.428521
vt 0.938004 0.430166
vt 0.751775 0.541418
vt 0.681136 0.930017
vt 0.762935 0.546646
vt 0.753778 0.867152
vt 0.689321 0.652941
vt 0.919996 0.499746
vt 0.152721 0.482295
vt 0.674742 0.873118
vt 0.979190 0.649035
vt 0.686928 0.826622
vt 0.544068 0.947161
vt 0.652483 0.309947
vt 0.557894 0.601029
vt 0.148887 0.950916
vt 0.237647 0.827019
vt 0.579459 0.310759
vt 0.772963 0.683347
vt 0.633430 0.375498
vt 0.976389 0.848811
vt 0.747376 0.631881
vt 0.786973 0.681486
vt 0.115982 0.472591
vt 0.786487 0.640698
vt 0.732514 0.680480
vt 0.788722 0.689372
vt 0.750312 0.653848
vt 0.686287 0.692045
vt 0.732270 0.642316
vt 0.732514 0.642316
vt 0.782900 0.687514
vt 0.774823 0.687325
vt 0.696029 0.695347
vt 0.749469 0.653978
vt 0.744709 0.672938
vt 0.805198 0.613244
vt 0.677384 0.718083
vt 0.833483 0.810603
vt 0.800344 0.527842
vt 0.734297 0.683769
vt 0.798778 0.673665
vt 0.715318 0.701541
vt 0.786125 0.645923
vt 0.950888 0.794491
vt 0.283986 0.438625
vt 0.239701 0.496432
vt 0.311906 0.505879
vt 0.112191 0.685037
vt 0.634305 0.324740
vt 0.819156 0.639546
vt 0.552619 0.231070
vt 0.754768 0.366508
vt 0.741843 0.365397
vt 0.754768 0.366508
vt 0.737022 0.359542
vt 0.738894 0.342722
vt 0.757951 0.339096
vt 0.744948 0.337854
vt 0.744948 0.337854
vt 0.760814 0.361653
vt 0.760504 0.364289
vt 0.760817 0.361633
vt 0.760515 0.364196
vt 0.757475 0.366741
vt 0.757360 0.366731
vt 0.754768 0.366508
vt 0.763089 0.342303
vt 0.762779 0.344939
vt 0.762777 0.344959
vt 0.760674 0.339356
vt 0.763078 0.342396
vt 0.741843 0.365397
vt 0.739137 0.365164
vt 0.739251 0.365174
vt 0.736724 0.362221
vt 0.736735 0.362127
vt 0.737020 0.359562
vt 0.742339 0.337605
vt 0.738896 0.342702
vt 0.739192 0.340042
vt 0.739181 0.340136
vt 0.742224 0.337594
vt 0.759872 0.359694
vt 0.761427 0.346653
vt 0.760674 0.339356
vt 0.763089 0.342303
vt 0.742224 0.337594
vt 0.739192 0.340042
vt 0.760817 0.361633
vt 0.760504 0.364289
vt 0.757475 0.366741
vt 0.736724 0.362221
vt 0.739137 0.365164
vt 0.762777 0.344959
vt 0.745642 0.347897
vt 0.745966 0.357388
vt 0.754101 0.356511
vt 0.756440 0.365015
vt 0.753509 0.365040
vt 0.761573 0.343547
vt 0.760559 0.339345
vt 0.759365 0.340735
vt 0.756531 0.340187
vt 0.746076 0.339174
vt 0.740510 0.363682
vt 0.738254 0.360942
vt 0.738321 0.357883
vt 0.740336 0.341482
vt 0.739781 0.344538
vt 0.759243 0.362718
vt 0.743397 0.364181
vt 0.743163 0.339141
vt 0.757854 0.361131
vt 0.758825 0.357562
vt 0.755853 0.358663
vt 0.756982 0.355278
vt 0.755450 0.363173
vt 0.753887 0.360439
vt 0.752539 0.357967
vt 0.752156 0.363464
vt 0.750845 0.360968
vt 0.750376 0.358519
vt 0.759878 0.348700
vt 0.759801 0.344941
vt 0.757522 0.350642
vt 0.757199 0.347090
vt 0.755372 0.351264
vt 0.753800 0.347058
vt 0.752805 0.343898
vt 0.751799 0.346127
vt 0.755678 0.344975
vt 0.754757 0.341561
vt 0.757927 0.342456
vt 0.755001 0.348765
vt 0.745140 0.362864
vt 0.741940 0.362029
vt 0.747007 0.360633
vt 0.744133 0.359584
vt 0.747960 0.358308
vt 0.740023 0.359606
vt 0.742601 0.357491
vt 0.744766 0.355682
vt 0.739872 0.355922
vt 0.742259 0.353955
vt 0.744387 0.353171
vt 0.747561 0.340867
vt 0.744218 0.341121
vt 0.748959 0.343536
vt 0.745890 0.344057
vt 0.749374 0.345900
vt 0.744711 0.350288
vt 0.743912 0.345856
vt 0.742783 0.349295
vt 0.741796 0.343206
vt 0.740863 0.346894
vt 0.747204 0.346441
vt 0.755038 0.354131
vt 0.717128 0.702642
vt 0.789519 0.713324
vt 0.812571 0.673101
vt 0.817139 0.574233
vt 0.739015 0.640529
vt 0.928794 0.607913
vt 0.707653 0.709625
vt 0.913898 0.429129
vt 0.114279 0.309045
vt 0.015792 0.823680
vt 0.819689 0.574850
vt 0.820907 0.588575
vt 0.677384 0.692021
vt 0.743644 0.683112
vt 0.799437 0.673564
vt 0.927786 0.711556
vt 0.940250 0.714053
vt 0.917681 0.340884
vt 0.775250 0.718414
vt 0.787658 0.636478
vt 0.531696 0.912999
vt 0.799757 0.574227
vt 0.799449 0.636417
vt 0.737689 0.660296
vt 0.739244 0.716411
vt 0.894293 0.419448
vt 0.869017 0.543090
vt 0.114039 0.352752
vt 0.799687 0.637148
vt 0.813437 0.673385
vt 0.747145 0.697749
vt 0.735016 0.679253
vt 0.728918 0.717064
vt 0.739491 0.683112
vt 0.787658 0.636850
vt 0.732227 0.717003
vt 0.765512 0.687232
vt 0.689123 0.690548
vt 0.689311 0.672797
vt 0.725610 0.684636
vt 0.788002 0.685247
vt 0.757886 0.687552
vt 0.893614 0.509404
vt 0.965075 0.794491
vt 0.725870 0.683846
vt 0.684733 0.541128
vt 0.675775 0.364701
vt 0.782900 0.687514
vt 0.687956 0.546476
vt 0.776230 0.680212
vt 0.742566 0.683139
vt 0.799599 0.702424
vt 0.687916 0.655266
vt 0.899021 0.721918
vt 0.804806 0.574227
vt 0.743956 0.683133
vt 0.798778 0.673592
vt 0.897542 0.794283
vt 0.687006 0.655266
vt 0.899021 0.650432
vt 0.899108 0.412326
vt 0.132820 0.653359
vt 0.680269 0.522300
vt 0.891155 0.722821
vt 0.115382 0.455168
vt 0.761233 0.678452
vt 0.750312 0.687552
vt 0.878426 0.509404
vt 0.684733 0.505431
vt 0.680643 0.543733
vt 0.684733 0.453603
vt 0.073531 0.406679
vt 0.744359 0.640773
vt 0.861517 0.514603
vt 0.840065 0.544753
vt 0.866459 0.649054
vt 0.736811 0.825123
vt 0.912026 0.500195
vt 0.705354 0.755712
vt 0.908759 0.719150
vt 0.721136 0.755712
vt 0.889503 0.643444
vt 0.911222 0.409602
vt 0.689555 0.540871
vt 0.691250 0.540922
vt 0.684733 0.451077
vt 0.900585 0.412326
vt 0.896325 0.500922
vt 0.892727 0.722841
vt 0.902279 0.340884
vt 0.899237 0.722841
vt 0.914371 0.546561
vt 0.899237 0.794327
vt 0.741712 0.860794
vt 0.897606 0.412523
vt 0.896040 0.794481
vt 0.902279 0.412370
vt 0.916761 0.546518
vt 0.726109 0.642316
vt 0.531658 0.607044
vt 0.364667 0.524739
vt 0.832972 0.804277
vt 0.968625 0.342706
vt 0.747874 0.532677
vt 0.968392 0.686419
vt 0.961663 0.650715
vt 0.959981 0.651457
vt 0.968243 0.409599
vt 0.878306 0.538025
vt 0.807659 0.546707
vt 0.906720 0.500922
vt 0.821832 0.604862
vt 0.034012 0.349635
vt 0.784686 0.546205
vt 0.689109 0.541128
vt 0.785218 0.546158
vt 0.689066 0.545681
vt 0.775862 0.539655
vt 0.921810 0.609946
vt 0.916280 0.722847
vt 0.021222 0.572318
vt 0.021279 0.573300
vt 0.910736 0.930485
vt 0.681049 0.989382
vt 0.936647 0.390253
vt 0.875766 0.901765
vt 0.879791 0.904477
vt 0.879995 0.907107
vt 0.875871 0.924687
vt 0.872007 0.929233
vt 0.757724 0.808561
vt 0.115780 0.285867
vt 0.115780 0.261517
vt 0.889512 0.546793
vt 0.968385 0.381846
vt 0.725222 0.709257
vt 0.237884 0.979226
vt 0.919974 0.497656
vt 0.977625 0.849138
vt 0.978860 0.851252
vt 0.978529 0.894297
vt 0.800098 0.574487
vt 0.113339 0.455573
vt 0.800341 0.447689
vt 0.847528 0.811995
vt 0.689217 0.692092
vt 0.737963 0.660260
vt 0.743937 0.700585
vt 0.764367 0.687612
vt 0.701685 0.694999
vt 0.739228 0.685478
vt 0.886450 0.868650
vt 0.763508 0.635988
vt 0.732514 0.683770
vt 0.689118 0.690486
vt 0.848328 0.817943
vt 0.772000 0.687232
vt 0.732228 0.683771
vt 0.763178 0.687612
vt 0.945976 0.649694
vt 0.317395 0.496373
vt 0.304157 0.513653
vt 0.294651 0.519141
vt 0.284054 0.521999
vt 0.273077 0.521999
vt 0.262470 0.519175
vt 0.245190 0.505938
vt 0.236844 0.485834
vt 0.236844 0.474858
vt 0.239668 0.464251
vt 0.245156 0.454745
vt 0.252905 0.446971
vt 0.273009 0.438625
vt 0.294593 0.441449
vt 0.304098 0.446937
vt 0.311873 0.454686
vt 0.317361 0.464192
vt 0.320218 0.474790
vt 0.555051 0.272851
vt 0.621291 0.322246
vt 0.777052 0.680137
vt 0.377201 0.823588
vt 0.741972 0.759348
s 1
usemtl citybus3_dark.007
f 632/343/327 812/344/328 811/345/329
f 478/346/330 624/347/331 440/348/332
f 729/349/333 487/350/334 1122/351/335
f 2322/352/336 1155/353/336 1124/354/336
f 442/355/337 582/356/338 593/357/339
f 438/358/340 439/359/341 440/348/332
f 437/360/342 441/361/343 622/362/344
f 624/347/331 438/358/340 440/348/332
f 443/363/345 444/364/346 445/365/347
f 657/366/348 686/367/346 685/368/346
f 448/369/349 453/370/350 760/371/346
f 457/372/351 520/373/352 450/374/353
f 628/375/354 501/376/355 451/377/356
f 519/378/357 674/379/358 673/380/359
f 631/381/351 626/382/352 455/383/360
f 501/384/361 452/385/362 451/386/363
f 453/387/364 786/388/364 678/389/364
f 626/382/357 454/390/365 455/383/366
f 786/391/367 653/392/368 678/393/369
f 627/394/370 679/395/371 456/396/372
f 450/397/353 711/398/373 457/399/351
f 457/399/374 458/400/346 608/401/375
f 655/402/346 773/403/346 460/404/346
f 655/402/346 461/405/346 773/403/346
f 712/406/346 462/407/346 463/408/346
f 712/406/346 464/409/346 462/407/346
f 774/410/346 465/411/346 466/412/346
f 465/411/346 467/413/346 466/412/346
f 650/414/346 468/415/346 469/416/346
f 650/414/346 766/417/346 468/415/346
f 470/418/346 454/419/376 471/420/375
f 755/421/346 472/422/346 473/423/346
f 472/422/346 768/424/346 473/423/346
f 1593/425/377 477/426/378 698/427/379
f 596/428/380 698/427/379 700/429/381
f 479/430/382 455/431/366 454/419/365
f 448/432/383 480/433/384 718/434/385
f 481/435/386 720/436/387 482/437/388
f 792/438/389 483/439/390 484/440/391
f 792/438/389 484/440/391 485/441/392
f 1121/442/393 725/443/394 486/444/395
f 487/350/334 488/445/396 731/446/397
f 789/447/398 734/448/399 489/449/400
f 733/450/401 735/451/402 471/452/403
f 754/453/401 753/454/404 490/455/403
f 608/456/405 491/457/406 738/458/407
f 737/459/408 736/460/409 492/461/410
f 493/462/411 494/463/412 495/464/413
f 493/462/411 495/464/413 740/465/414
f 1120/466/415 744/467/416 497/468/417
f 790/469/418 749/470/419 498/471/420
f 499/472/421 752/473/422 502/474/423
f 738/475/424 492/476/425 520/477/426
f 1581/478/427 1703/479/428 1700/480/429
f 626/481/430 789/482/431 733/483/432
f 733/483/432 789/482/431 489/484/433
f 737/485/434 492/476/425 738/475/424
f 754/486/435 499/487/436 502/488/437
f 481/489/438 482/490/439 718/491/440
f 1664/492/441 440/348/332 439/359/341
f 507/493/442 508/494/442 797/495/442
f 797/496/443 508/497/444 794/498/445
f 511/499/446 812/500/447 796/501/448
f 796/502/449 812/503/328 813/504/450
f 449/505/451 672/506/451 512/507/451
f 513/508/451 449/505/451 512/507/451
f 514/509/452 515/510/453 516/511/453
f 515/510/453 517/512/453 516/511/453
f 926/513/454 492/476/425 927/514/455
f 926/513/454 520/477/426 492/476/425
f 518/515/456 673/516/457 1450/517/458
f 1698/518/451 1456/519/451 450/520/451
f 835/521/459 913/522/460 837/523/461
f 841/524/462 521/525/463 522/526/464
f 967/527/465 523/528/466 524/529/467
f 525/530/453 843/531/453 939/532/453
f 556/533/468 916/534/469 1028/535/470
f 843/531/453 658/536/453 939/532/453
f 513/508/471 531/537/471 607/538/471
f 661/539/472 936/540/472 517/512/472
f 525/541/473 936/542/473 878/543/473
f 527/544/474 942/545/475 528/546/476
f 529/547/477 942/548/478 512/549/479
f 516/550/480 530/551/481 937/552/482
f 946/553/483 530/554/484 939/555/485
f 531/556/486 940/557/486 532/558/486
f 2250/559/487 832/560/488 442/355/489
f 534/561/490 903/562/491 902/563/492
f 534/561/490 905/564/493 903/562/491
f 534/561/490 900/565/494 523/528/495
f 534/561/490 902/563/492 900/565/494
f 553/566/496 1727/567/336 1736/568/336
f 1042/569/497 553/570/498 1031/571/497
f 1029/572/499 1728/573/336 1727/567/336
f 908/574/500 538/575/501 541/576/502
f 908/574/500 541/576/502 540/577/503
f 908/574/500 540/577/503 539/578/504
f 521/579/505 917/580/506 556/581/507
f 921/582/508 919/583/509 550/584/510
f 968/585/511 544/586/512 545/587/513
f 546/588/514 547/589/514 538/590/514
f 538/590/514 547/589/514 541/591/514
f 548/592/515 544/586/512 968/585/511
f 547/593/516 1719/594/516 2222/595/516
f 546/588/514 1731/596/514 547/589/514
f 1033/597/517 1729/598/518 1721/599/336
f 968/585/519 967/600/519 548/592/519
f 930/601/451 940/557/451 527/602/451
f 1144/603/520 930/604/521 619/605/521
f 579/606/522 581/607/523 584/608/524
f 579/606/522 577/609/525 578/610/526
f 496/611/527 1120/466/415 1119/612/528
f 652/613/529 808/614/530 649/615/530
f 1779/616/531 585/617/532 1781/618/533
f 752/619/534 754/620/535 502/621/536
f 511/622/537 800/623/346 807/624/346
f 806/625/529 803/626/538 804/627/530
f 533/628/539 2310/629/540 635/630/541
f 793/631/529 439/359/341 795/632/538
f 796/633/542 653/392/543 786/391/544
f 548/634/545 1034/635/546 544/636/545
f 595/637/547 578/610/526 594/638/548
f 581/607/523 593/357/339 582/356/338
f 592/639/549 578/610/526 577/609/525
f 909/640/550 893/641/551 892/642/552
f 2334/643/553 1603/644/554 2326/645/555
f 969/646/556 968/647/557 962/648/558
f 487/649/346 787/650/559 792/651/346
f 590/652/560 440/348/332 589/653/561
f 800/623/562 508/654/444 798/655/563
f 1557/656/564 510/657/565 1555/658/566
f 1050/659/567 951/660/568 559/661/569
f 928/662/570 1698/663/571 926/664/572
f 594/638/548 645/665/573 595/637/547
f 595/637/547 643/666/574 593/357/339
f 659/667/575 662/668/576 660/669/576
f 674/379/577 501/376/578 628/375/579
f 452/385/579 626/382/578 631/381/579
f 611/670/580 592/639/549 591/671/581
f 1780/672/582 591/671/581 1777/673/583
f 453/387/350 718/674/584 786/388/585
f 588/675/586 437/360/342 622/362/344
f 613/676/587 438/358/588 612/677/589
f 616/678/590 615/679/591 665/680/592
f 905/564/493 972/681/593 973/682/594
f 831/683/595 506/684/596 822/685/597
f 831/683/595 438/358/588 624/347/598
f 507/686/599 510/657/565 599/687/600
f 2234/688/601 541/689/602 2233/690/603
f 454/390/376 733/691/604 471/692/375
f 630/693/346 628/694/579 629/695/346
f 1560/696/605 714/697/606 638/698/607
f 1064/699/608 1066/700/609 1069/701/610
f 922/702/611 921/703/612 1046/704/613
f 1708/705/346 1665/706/614 1580/707/346
f 787/708/615 720/436/387 719/709/616
f 541/689/602 912/710/617 540/711/618
f 784/712/619 817/713/620 859/714/619
f 716/715/621 2329/716/622 598/717/623
f 1663/718/346 507/719/599 599/720/600
f 1666/721/624 638/698/607 714/697/606
f 640/722/625 639/723/626 669/724/625
f 602/725/627 644/726/628 600/727/629
f 647/728/630 641/729/631 603/730/632
f 810/731/633 804/627/634 825/732/635
f 603/730/632 648/733/636 647/728/630
f 648/733/636 600/727/629 644/726/628
f 803/626/637 801/734/638 2290/735/639
f 474/736/640 681/737/641 472/422/641
f 667/738/642 659/667/643 660/669/644
f 642/739/645 663/740/646 664/741/647
f 667/742/648 666/743/649 828/744/650
f 639/745/651 611/670/652 669/746/652
f 647/747/653 668/748/654 639/745/651
f 684/749/655 688/750/656 685/368/657
f 1696/751/658 655/402/658 654/752/658
f 451/753/356 629/695/659 628/694/354
f 675/754/641 630/693/640 629/695/641
f 455/431/360 676/755/660 631/756/351
f 677/757/661 451/758/363 452/759/362
f 680/760/662 563/761/663 565/762/663
f 1674/763/664 1693/764/665 1673/765/666
f 444/364/667 642/739/668 651/766/667
f 684/749/669 655/402/670 465/411/671
f 681/737/672 687/767/672 445/365/672
f 1558/768/673 637/769/674 1557/770/564
f 667/742/675 633/771/667 610/772/676
f 1584/773/677 567/774/678 784/712/679
f 505/775/680 700/429/381 692/776/681
f 584/608/524 704/777/682 693/778/683
f 708/779/684 584/608/524 693/778/683
f 580/780/685 708/779/684 694/781/686
f 706/782/687 580/780/685 694/781/686
f 1781/618/533 706/782/687 1790/783/688
f 698/427/689 862/784/690 697/785/691
f 700/429/692 701/786/693 692/776/694
f 703/787/695 854/788/696 702/789/697
f 702/789/697 858/790/698 704/777/699
f 704/777/699 705/791/700 693/778/701
f 1790/783/702 852/792/703 1791/793/702
f 835/521/459 871/794/704 913/522/460
f 867/795/705 707/796/706 710/797/707
f 710/797/707 861/798/708 867/795/705
f 512/507/709 531/537/710 513/508/711
f 896/799/712 540/800/713 912/801/617
f 708/779/714 709/802/715 694/781/716
f 863/803/717 697/804/718 862/805/719
f 868/806/720 862/805/719 869/807/721
f 964/808/722 967/809/723 969/810/724
f 1691/811/725 717/812/726 1631/813/725
f 680/760/727 569/814/728 717/812/726
f 653/815/543 632/343/346 682/816/346
f 485/817/346 722/818/346 757/819/346
f 497/820/346 743/821/346 745/822/346
f 748/823/346 746/824/346 747/825/346
f 488/826/346 730/827/346 731/828/346
f 731/828/346 732/829/729 763/830/730
f 763/830/730 735/831/731 734/832/732
f 738/833/733 736/834/734 737/835/735
f 780/836/736 491/837/737 779/838/738
f 494/839/346 779/838/738 739/840/346
f 495/841/346 739/840/346 777/842/346
f 485/817/346 756/843/346 761/844/346
f 741/845/346 742/846/346 496/847/346
f 496/847/346 743/821/346 744/848/346
f 782/849/346 745/822/346 746/824/346
f 748/823/346 772/850/346 749/851/346
f 749/851/346 750/852/346 498/853/346
f 483/854/346 759/855/739 721/856/346
f 751/857/730 753/858/740 752/619/534
f 734/832/732 733/859/741 489/860/742
f 773/861/743 772/862/744 747/863/743
f 448/432/383 759/864/745 480/433/384
f 483/439/390 787/708/615 719/709/616
f 762/865/746 485/441/392 761/866/747
f 1122/867/335 486/444/395 728/868/748
f 788/869/749 731/446/397 763/870/750
f 734/448/399 788/869/749 763/870/750
f 732/871/751 471/452/403 735/451/402
f 994/872/451 990/873/451 991/874/451
f 670/875/752 649/615/753 615/876/754
f 770/877/751 490/455/403 753/454/404
f 998/878/451 1004/879/451 1002/880/451
f 756/881/755 755/882/756 723/883/756
f 494/463/412 781/884/757 780/885/758
f 1119/886/528 740/465/414 741/887/747
f 783/888/759 497/468/417 782/889/748
f 791/890/760 498/471/420 751/891/761
f 781/884/757 736/460/409 780/885/758
f 500/892/762 626/481/430 501/893/763
f 482/490/439 571/894/764 785/895/765
f 1776/896/766 545/897/767 1775/898/766
f 1248/899/336 785/895/765 571/894/764
f 482/900/559 788/901/768 789/902/769
f 790/903/346 781/904/770 493/905/346
f 492/906/771 791/907/772 499/908/773
f 575/909/774 499/487/436 573/910/775
f 596/428/380 506/684/776 624/347/331
f 808/614/777 810/731/778 825/732/779
f 1024/911/780 1032/912/781 1036/913/782
f 843/531/783 878/914/784 842/915/785
f 789/482/431 576/916/786 482/490/439
f 865/917/787 895/918/788 896/799/789
f 966/919/790 534/920/791 963/921/792
f 857/922/793 887/923/794 904/924/795
f 1675/925/796 597/926/797 1692/927/798
f 600/727/799 1563/928/800 1565/929/801
f 1038/930/802 555/931/803 554/932/804
f 825/732/805 803/626/806 2290/735/807
f 461/405/346 655/402/346 1697/933/346
f 559/934/808 954/935/808 1050/936/808
f 755/421/346 476/937/346 474/736/346
f 755/421/346 474/736/346 472/422/346
f 666/743/809 665/680/810 828/744/811
f 614/938/812 2250/559/487 442/355/489
f 614/938/812 442/355/489 605/939/813
f 873/940/814 614/941/815 621/942/814
f 939/532/816 936/943/816 525/530/816
f 526/944/817 619/605/521 930/604/521
f 623/945/818 441/361/819 2253/946/820
f 2226/947/821 692/776/681 2232/948/822
f 662/668/576 689/949/346 660/669/576
f 712/406/346 465/411/346 774/410/346
f 712/406/346 774/410/346 464/409/346
f 558/950/823 943/951/514 952/952/514
f 760/371/346 475/953/346 446/954/346
f 656/955/346 459/956/346 771/957/346
f 1697/933/346 771/957/346 461/405/346
f 445/365/347 617/958/824 616/678/825
f 685/368/346 688/750/346 606/959/826
f 685/368/346 606/959/826 657/366/348
f 1020/960/453 1017/961/453 1021/962/453
f 678/963/827 475/953/660 453/370/827
f 2226/947/821 588/675/586 2228/964/828
f 752/473/422 791/890/760 751/891/761
f 593/357/339 605/939/829 442/355/337
f 644/965/830 605/939/831 643/666/832
f 648/966/833 646/967/834 647/747/653
f 1576/968/835 474/736/835 1572/969/835
f 479/430/382 650/414/658 651/766/667
f 479/430/382 651/766/667 455/431/366
f 684/749/655 686/367/836 654/752/837
f 812/344/447 807/624/838 811/345/839
f 609/970/817 526/944/817 658/971/817
f 607/538/840 449/505/841 513/508/842
f 907/972/843 906/973/844 1026/974/844
f 1216/975/845 841/976/846 522/977/847
f 669/746/652 1780/672/848 1788/978/848
f 795/632/849 613/676/587 2290/735/850
f 642/739/668 616/678/851 665/680/852
f 1573/979/346 1703/479/346 1578/980/346
f 691/981/672 675/982/853 651/766/672
f 630/693/854 673/983/359 674/984/358
f 675/754/672 690/985/855 514/509/855
f 860/986/856 861/987/857 859/988/856
f 691/981/835 642/739/645 664/741/647
f 1048/989/451 943/990/451 557/991/451
f 684/749/669 712/406/858 672/506/859
f 688/750/835 449/505/841 606/959/860
f 681/737/641 650/414/641 472/422/641
f 681/737/672 444/364/672 651/766/672
f 651/766/861 677/757/862 676/755/861
f 467/413/346 465/411/346 655/402/346
f 467/413/346 655/402/346 460/404/346
f 768/424/346 472/422/346 650/414/346
f 768/424/346 650/414/346 469/416/346
f 478/346/330 1593/425/377 698/427/379
f 625/992/863 583/993/864 582/356/338
f 492/476/425 1458/994/865 1457/995/866
f 766/417/346 650/414/346 479/430/346
f 766/417/346 479/430/346 764/996/346
f 711/398/346 778/997/346 458/400/346
f 711/398/346 458/400/346 457/399/374
f 1789/998/867 973/682/868 1787/999/867
f 479/430/346 454/419/376 470/418/346
f 479/430/346 470/418/346 764/996/346
f 711/398/346 712/406/346 463/408/346
f 711/398/346 463/408/346 778/997/346
f 450/397/353 672/506/660 712/406/660
f 450/397/353 712/406/660 711/398/373
f 462/1000/869 775/1001/755 776/1002/869
f 1032/1003/870 1034/635/871 1036/1004/872
f 1665/706/614 589/653/561 1664/492/441
f 1555/1005/336 1124/354/336 1556/1006/336
f 740/1007/346 777/842/346 776/1008/346
f 853/1009/873 904/924/795 889/1010/874
f 740/1007/346 775/1011/346 741/845/346
f 498/853/346 770/1012/729 751/857/730
f 508/654/875 799/1013/876 798/655/877
f 761/844/346 723/1014/346 724/1015/346
f 769/1016/346 486/1017/346 725/1018/346
f 729/1019/346 727/1020/346 767/1021/346
f 729/1019/346 765/1022/346 488/826/346
f 484/1023/346 721/856/346 722/818/346
f 469/1024/878 767/1025/743 727/1026/878
f 762/1027/746 761/1028/747 724/1029/879
f 969/646/880 963/1030/881 964/1031/882
f 1122/867/335 728/868/748 729/1032/333
f 868/1033/883 909/640/550 894/1034/884
f 608/456/405 779/1035/745 491/457/406
f 768/1036/885 727/1026/878 726/1037/885
f 755/882/756 769/1038/514 723/883/756
f 461/1039/744 750/1040/886 772/862/744
f 460/1041/878 747/1042/743 746/1043/878
f 466/1044/514 745/1045/885 743/1046/514
f 774/1047/756 743/1046/514 742/1048/756
f 1119/612/528 741/1049/747 496/611/527
f 783/888/759 782/889/748 748/1050/887
f 728/1051/346 726/1052/346 727/1020/346
f 2492/1053/888 1207/1054/889 2495/1055/890
f 1124/354/336 572/1056/336 1123/1057/336
f 718/1058/891 720/1059/892 481/1060/893
f 708/779/714 705/791/700 856/1061/894
f 668/748/895 594/638/548 592/639/549
f 687/767/896 615/679/897 617/958/898
f 1027/1062/899 914/1063/900 551/1064/900
f 801/734/901 795/632/902 2290/735/903
f 602/725/813 621/1065/812 614/1066/813
f 837/1067/904 665/1068/905 615/1069/906
f 926/1070/907 934/1071/908 928/1072/908
f 840/1073/909 634/1074/910 839/1075/910
f 620/1076/911 621/1065/812 601/1077/812
f 849/1078/912 665/1079/913 830/1080/914
f 936/542/915 845/1081/916 878/543/915
f 2258/1082/917 835/521/918 836/1083/919
f 834/1084/920 829/1085/921 848/1086/922
f 671/1087/923 839/1088/924 634/1089/925
f 843/531/783 879/1090/926 658/536/927
f 845/1091/928 844/1092/929 875/1093/930
f 847/1094/931 849/1095/932 850/1096/933
f 871/1097/934 555/1098/935 1037/1099/936
f 834/1100/920 830/1101/937 665/1102/938
f 847/1094/931 851/1103/939 846/1104/940
f 853/1105/941 852/1106/942 709/1107/943
f 885/1108/944 855/1109/945 884/1110/946
f 1786/1111/947 965/1112/948 1792/1113/947
f 857/1114/949 709/1107/943 856/1115/950
f 886/1116/951 854/1117/952 885/1108/944
f 861/987/857 866/1118/953 867/1119/954
f 867/1120/954 868/806/720 869/807/721
f 1043/1121/955 1046/1122/956 550/1123/957
f 591/671/581 577/609/525 586/1124/958
f 524/529/959 884/1125/960 899/1126/961
f 901/1127/962 885/1128/963 524/529/959
f 888/1129/964 901/1127/962 887/923/794
f 891/1130/965 889/1010/874 890/1131/966
f 1785/1132/967 890/1131/966 1789/998/967
f 863/1133/968 894/1034/884 911/1134/969
f 864/1135/970 911/1134/969 895/918/788
f 897/1136/971 865/917/787 896/799/789
f 903/562/972 887/923/973 902/563/974
f 890/1131/868 905/564/975 973/682/868
f 908/1137/976 892/642/977 907/972/843
f 894/1034/978 908/1137/976 910/1138/979
f 895/918/980 539/1139/981 540/800/713
f 865/1140/982 697/1141/718 864/1142/983
f 542/1143/984 896/799/712 912/801/617
f 1045/1144/985 915/1145/899 1027/1062/899
f 551/1146/986 913/1147/987 1044/1148/988
f 724/1015/346 769/1016/346 725/1018/346
f 913/1149/936 1037/1099/936 1044/1150/936
f 1030/1151/989 925/1152/990 1049/1153/991
f 874/1154/992 1045/1155/993 555/1156/994
f 1022/1157/518 1028/1158/995 543/1159/996
f 1078/1160/997 1076/1161/997 1077/1162/997
f 888/1163/998 858/1164/999 886/1116/951
f 918/1165/1000 549/1166/989 550/1167/1001
f 919/583/509 918/1168/510 550/584/510
f 724/1029/879 1121/442/393 762/1027/746
f 1048/1169/1002 945/1170/336 953/951/336
f 881/1171/934 1041/1172/935 1040/1173/934
f 1041/1174/1003 924/1175/1004 553/566/496
f 553/1176/985 923/1177/899 1031/1178/899
f 882/1179/900 1031/1178/899 923/1177/899
f 906/973/844 821/1180/1005 1026/974/844
f 615/876/1006 808/614/1007 825/732/1008
f 1450/1181/1009 937/552/482 1451/1182/1010
f 531/537/1011 618/1183/1012 607/538/1011
f 834/1184/1013 824/1185/1014 833/1186/1015
f 784/712/619 861/798/708 696/1187/1016
f 748/1188/887 790/469/418 783/1189/759
f 849/1190/1017 925/1191/1018 882/1192/1019
f 925/1193/1018 848/1194/1020 881/1195/1021
f 833/1196/1022 914/1197/1023 915/1198/1024
f 848/1194/1020 880/1199/1025 881/1195/1021
f 874/1200/1026 873/940/1027 872/1201/1028
f 841/1202/462 917/1203/1029 521/1204/463
f 840/1205/1030 940/557/1031 930/601/1032
f 840/1073/1033 543/1206/1034 916/1207/1035
f 878/1208/1036 877/1209/1037 918/1210/1038
f 842/1211/1039 918/1212/1038 919/1213/1040
f 920/1214/1041 842/1211/1039 919/1213/1040
f 877/1215/1037 875/1093/1042 876/1216/1043
f 875/1093/1042 922/1217/1044 876/1216/1043
f 924/1218/1045 850/1219/1046 923/1220/1047
f 952/1221/1048 528/1222/1049 938/1223/1050
f 1137/1224/817 846/1225/911 620/1226/911
f 851/1227/1051 621/1228/814 846/1229/1051
f 872/1230/1028 833/1196/1022 915/1198/1024
f 824/1231/1052 913/1232/460 914/1233/1023
f 850/1219/1046 882/1234/1019 923/1220/1047
f 702/789/1053 587/1235/1054 703/787/1055
f 515/510/1056 661/539/1057 517/512/1058
f 1777/673/583 586/1124/958 1779/616/531
f 1457/995/866 500/892/762 518/1236/1059
f 785/895/765 718/491/440 482/490/439
f 2224/1237/1060 883/1238/1061 897/1136/971
f 625/992/1062 2253/946/820 441/361/819
f 883/1239/1063 699/1240/1064 865/1140/982
f 692/776/694 2231/1241/1065 2232/948/1065
f 860/986/856 817/1242/1066 816/1243/1066
f 947/1244/1067 939/555/485 658/1245/1068
f 841/1246/1069 531/1247/1070 532/1248/1070
f 932/1249/908 518/1250/907 814/1251/908
f 659/667/1071 936/540/1072 661/539/1072
f 931/1252/1073 526/1253/1074 930/1254/1073
f 658/1255/1075 929/1256/1074 947/1257/1075
f 492/476/425 518/1236/1059 927/514/455
f 934/1258/1076 1453/1259/1077 1454/1260/1078
f 1453/1261/1079 932/1262/1080 1452/1263/1081
f 938/1264/1082 526/1265/1083 944/1266/1084
f 516/511/1085 936/540/1086 530/1267/1085
f 937/552/1087 530/551/1088 935/1268/1089
f 937/552/1087 935/1268/1089 933/1269/1090
f 527/602/1091 531/556/1092 942/1270/1091
f 935/1271/1093 528/1222/1094 942/1272/1095
f 957/1273/1096 946/1274/1050 947/1275/1097
f 951/1276/1098 946/1277/1050 948/1278/1048
f 949/1279/1099 950/1280/1049 951/1281/1098
f 945/1282/1096 938/1283/1050 944/1284/1097
f 945/1285/1096 931/1252/1100 953/1286/1099
f 949/1287/1099 947/1257/1097 929/1256/1100
f 954/1288/1101 952/1289/1102 945/1290/453
f 559/1291/1103 948/1292/514 956/1293/1104
f 955/1294/1105 948/1295/453 957/1296/453
f 964/1297/1106 534/920/791 523/1298/1107
f 823/1299/1108 2258/1300/917 614/1301/1109
f 679/395/1110 754/1302/1111 490/1303/1112
f 1210/1304/1113 618/1183/1114 1215/1305/1115
f 686/367/658 1210/1304/1113 654/752/658
f 515/510/1056 690/985/658 662/668/1116
f 689/949/1117 667/738/642 660/669/644
f 584/608/524 582/356/338 583/993/864
f 958/1306/1118 1667/1307/1119 1668/1308/1120
f 2224/1237/1121 542/1143/984 2234/1309/601
f 981/1310/1122 978/1311/1123 974/1312/1124
f 1785/1313/1125 568/1314/1126 1791/1315/1127
f 962/648/1128 966/1316/1129 963/1030/881
f 981/1317/1130 1782/1318/1131 1784/1319/1132
f 834/1184/1013 873/1320/1133 621/1321/1134
f 970/1322/1135 968/647/557 545/897/767
f 1776/896/1136 961/1323/1137 1786/1324/1136
f 978/1325/1138 972/681/593 974/1326/1139
f 1783/1327/1140 819/1328/1141 1787/999/1142
f 1784/1329/451 979/1330/451 981/1331/451
f 1974/1332/1143 1961/1333/1144 1971/1334/1145
f 860/986/1146 820/1335/451 906/973/1146
f 636/1336/1147 2319/1337/1148 713/1338/1149
f 458/1339/1150 739/1340/1151 779/1035/745
f 1716/1341/1152 2206/1342/1153 2213/1343/1154
f 2201/1344/1155 1712/1345/1156 2210/1346/1157
f 844/1347/929 826/1348/1158 875/1349/930
f 967/1350/465 1035/1351/1159 548/1352/1160
f 1575/1353/1161 806/625/1162 810/731/633
f 837/523/1163 836/1083/919 835/521/918
f 706/782/1164 709/802/715 852/792/703
f 931/1354/1165 527/544/474 528/546/476
f 1580/707/1166 801/734/901 1581/478/1167
f 480/1355/1168 719/1356/1169 720/1059/892
f 477/426/1170 869/1357/1171 862/784/690
f 1454/1358/1172 928/1359/908 934/1360/908
f 758/1361/869 756/881/755 757/1362/869
f 766/1363/744 730/1364/886 765/1365/744
f 775/1001/755 774/1047/756 742/1048/756
f 778/1366/1151 777/1367/1173 739/1340/1151
f 796/1368/1174 1249/1369/1175 797/1370/1176
f 982/1371/1177 989/1372/1177 988/1373/1177
f 985/1374/1178 982/1375/1178 984/1376/1178
f 986/1377/1179 984/1378/1179 987/1379/1179
f 953/1380/1099 528/1381/1049 943/1382/1098
f 989/1383/1180 987/1384/1180 988/1385/1180
f 902/563/974 901/1127/1181 900/565/1182
f 884/1110/946 2231/1386/1183 2223/1387/1184
f 996/1388/453 993/1389/453 997/1390/453
f 1574/1391/346 1704/1392/346 1579/1393/346
f 1000/1394/1185 1004/1395/1185 999/1396/1185
f 1014/1397/1186 1021/493/1186 1017/1398/1186
f 1012/1399/451 1006/1400/451 1007/1401/451
f 1001/1402/1186 1002/1403/1186 1005/1404/1186
f 1001/1405/453 1003/1406/453 1000/1407/453
f 1098/1408/1187 1089/1409/1187 1090/1410/1187
f 1008/1411/1185 1012/1412/1185 1007/1413/1185
f 1006/1414/1186 1013/1415/1186 1009/1416/1186
f 1576/1417/658 1701/1418/658 1574/1391/658
f 1020/1419/1185 1015/1420/1185 1016/1421/1185
f 1018/1422/451 1014/1423/451 1015/1424/451
f 990/1425/1188 997/1426/1188 993/1427/1188
f 1112/1428/1189 1110/1429/1189 1111/1430/1189
f 1009/1431/453 1011/1432/453 1008/1433/453
f 1558/1434/673 1155/1435/1190 533/1436/539
f 1096/1437/1191 1097/1438/1191 1098/1439/1191
f 911/1134/1192 910/1138/979 539/1139/981
f 826/1440/1193 920/1441/1041 922/1442/1044
f 1090/1443/1189 1091/1444/1189 1094/1445/1189
f 893/641/551 906/973/1146 892/642/552
f 764/1446/886 732/871/751 730/1364/886
f 456/1447/372 1566/1448/1194 1570/1449/1195
f 2230/1450/1196 1024/911/780 1036/913/782
f 982/1451/346 987/1452/346 984/1453/346
f 638/698/1197 1663/718/1198 637/769/1199
f 473/1454/514 726/1037/885 769/1038/514
f 1048/1455/1200 552/1456/1201 1047/1457/1202
f 1047/1458/1203 556/1459/1204 1028/1460/1205
f 1724/1461/997 1051/1462/997 1054/1463/997
f 457/372/374 738/1464/1206 520/373/1207
f 907/1465/1208 546/1466/1209 538/575/501
f 925/1467/1210 1040/1173/934 1049/1468/1210
f 2241/1469/336 554/1470/1211 2240/1471/1212
f 829/1472/1213 924/1473/1045 880/1474/1025
f 2222/1475/1214 2221/1476/1214 537/1477/1214
f 1025/1478/451 1039/1479/451 1038/1480/451
f 877/1481/1210 1042/1482/934 549/1483/1210
f 2233/1484/1215 547/1485/1215 2229/1486/1215
f 547/1485/1216 2230/1487/1217 2229/1486/1218
f 1039/1488/1219 1037/1489/1220 1038/930/802
f 553/566/496 1734/1490/336 1045/1155/993
f 549/1491/1221 1031/571/497 1030/1492/1221
f 1043/1493/1222 955/1494/1105 1033/1495/1223
f 1049/1496/1224 1027/1497/1225 551/1498/1224
f 657/366/348 607/538/1226 618/1183/1227
f 1026/1499/1228 535/1500/1229 546/1466/1209
f 1023/1501/1230 543/1502/1231 521/1245/1232
f 2298/1503/451 1038/1480/451 554/1504/451
f 956/1505/1104 552/1506/1233 558/1507/823
f 663/740/1234 610/772/576 664/741/1235
f 1722/1508/1236 551/1146/986 1044/1148/988
f 556/581/507 1023/1509/1237 521/579/505
f 545/1510/1238 544/1511/1238 1032/1512/1238
f 550/584/510 1046/1513/1239 921/582/508
f 549/1166/989 1714/1514/1240 1735/1515/1240
f 889/1010/1241 903/562/972 905/564/975
f 888/1516/998 856/1115/950 705/1517/1242
f 1040/1518/1225 1045/1519/1243 1027/1497/1225
f 950/1520/1244 526/1521/1245 935/1522/1246
f 1054/1523/1247 1723/1524/1247 1724/1525/1247
f 1071/1526/1248 1074/1527/1248 1073/1528/1248
f 1071/1529/1249 1077/1530/1250 1076/1531/1251
f 1075/1532/1252 1078/1533/1252 1077/1534/1252
f 1078/1535/1253 1073/1536/1254 1074/1537/1255
f 1052/1538/1256 1054/1539/1257 1051/1540/1258
f 1068/1541/1247 1064/1542/1247 1065/1543/1247
f 1059/1544/1247 1055/1545/1247 1062/1546/1247
f 1058/1547/1259 1060/1548/1259 1057/1549/1259
f 1067/1550/1260 1065/1551/1261 1070/1552/1262
f 1055/1553/997 1061/1554/997 1062/1555/997
f 586/1124/958 580/780/685 585/617/532
f 1067/1556/1259 1069/1557/1259 1066/1558/1259
f 1055/1559/1263 1057/1560/609 1060/1561/610
f 1058/1562/1260 1062/1563/1261 1061/1564/1262
f 1064/1565/997 1070/1270/997 1065/1566/997
f 1082/1567/1189 1080/1568/1189 1081/1569/1189
f 1085/1570/346 1083/1571/346 1086/1572/346
f 1088/1573/1187 1079/1574/1187 1082/1567/1187
f 1094/1575/1264 1092/1576/1264 1093/1577/1264
f 1081/1578/1264 1083/1579/1265 1084/1580/1264
f 1101/1581/1189 1099/1582/1189 1100/1583/1189
f 1114/1584/346 1116/1585/346 1115/1586/346
f 1100/1587/1264 1102/1588/1264 1103/1589/1264
f 1105/1590/1191 1106/1591/1191 1107/1592/1191
f 1115/1593/1191 1117/1594/1191 1118/1595/1191
f 1111/1596/1264 1113/1597/1264 1114/1598/1264
f 796/1599/1266 794/1600/1267 511/1601/537
f 463/1602/1173 776/1603/869 777/1367/1173
f 468/1604/743 765/1365/744 767/1605/743
f 1088/1606/1268 1086/1607/1191 1087/1608/1191
f 1118/1609/1187 1109/1610/1187 1112/1428/1187
f 1451/1182/1172 933/1269/1269 1452/1611/1172
f 467/1612/885 746/1043/878 745/1045/885
f 610/772/576 691/981/346 664/741/1235
f 648/966/833 643/666/832 645/665/1270
f 1575/1353/1271 1704/1392/1272 1705/1613/1273
f 955/1614/1274 949/1615/336 1050/1616/1275
f 1093/1617/346 1095/1618/346 1096/1619/346
f 1103/1620/346 1104/1621/346 1105/1622/346
f 1107/1623/1187 1108/1624/1187 1101/1581/1187
f 760/1625/1150 721/1626/1151 759/864/745
f 771/1627/886 770/877/751 750/1040/886
f 677/757/346 631/756/579 676/755/346
f 446/1628/1151 722/1629/1173 721/1626/1151
f 785/895/765 796/1368/1174 786/1630/1276
f 1119/1631/346 790/903/346 493/905/346
f 790/903/346 1119/1631/346 1120/1632/346
f 790/903/346 1120/1632/346 783/1633/346
f 762/1634/346 487/649/346 792/651/346
f 487/649/346 762/1634/346 1121/1635/346
f 487/649/346 1121/1635/346 1122/1636/346
f 447/1637/1173 757/1638/869 722/1629/1173
f 870/1639/1277 874/1640/1026 871/794/704
f 636/1336/1147 1582/1641/1278 1560/696/605
f 504/1642/336 1123/1057/336 570/1643/336
f 974/1326/1139 1792/1644/1279 1782/1645/1279
f 1148/1646/1280 1125/1647/1281 1153/1648/1282
f 1149/1649/1283 1127/1650/1284 1152/1651/1285
f 1152/1651/1285 1126/1652/1286 1148/1646/1280
f 1130/1653/1287 1141/1654/1288 1143/1655/1289
f 1142/1656/1290 1128/1657/1291 1138/1658/1291
f 1233/1659/1292 1136/1660/1293 1161/1661/1294
f 1145/1662/1295 1131/1663/1281 1146/1664/1296
f 1134/1665/1297 1141/1666/1298 1140/1667/1299
f 1132/1668/1300 1139/1669/1301 1142/1670/1302
f 1135/1671/1303 1140/1667/1299 1139/1669/1301
f 1129/1672/1304 1139/1673/1305 1127/1650/1306
f 1127/1650/1306 1140/1674/1307 1126/1652/1308
f 879/1675/1309 846/1676/1310 658/1677/1309
f 620/1226/1311 1130/1653/1312 1137/1224/1313
f 1126/1652/1308 1141/1654/1288 1125/1647/1314
f 1142/1670/1302 1136/1660/1315 1132/1668/1300
f 1133/1678/1316 1141/1666/1298 1131/1663/1317
f 1143/1679/1318 609/970/1319 658/971/1320
f 1137/1224/1321 1143/1655/1289 658/1680/1322
f 1132/1668/1323 1228/1681/1324 1135/1671/1325
f 1135/1671/1325 1229/1682/1326 1134/1665/1286
f 1134/1665/1286 1146/1664/1296 1131/1663/1281
f 1133/1678/1312 1144/603/1327 619/605/1328
f 573/910/775 499/487/436 1147/1683/1329
f 1150/1684/1330 1125/1647/1281 1130/1653/1312
f 1129/1672/1323 1797/1685/1237 1128/1657/514
f 1561/1686/1331 1153/1687/1332 1563/928/800
f 1564/1688/1333 1152/1689/1334 1562/1690/1335
f 602/725/1336 1565/929/801 601/1077/1337
f 789/482/431 574/1691/786 576/916/786
f 1155/1435/1190 2318/1692/1338 533/1436/539
f 1162/1693/1339 1164/1694/1340 1163/1695/1341
f 1198/1696/1342 1221/1697/1343 1165/1698/1344
f 1171/1699/1345 1166/1700/1346 1170/1701/1347
f 1169/1702/1348 1171/1699/1345 1170/1701/1347
f 2493/1703/1349 1172/1704/1350 1196/1705/1351
f 1174/1706/1352 1196/1705/1351 1172/1704/1350
f 1163/1695/1341 1164/1694/1340 1194/1707/1353
f 1184/1708/1354 1162/1693/1339 1163/1695/1341
f 1859/1709/1355 1198/1696/1356 1828/1710/1357
f 1201/1711/1358 627/1712/1359 456/1713/1360
f 1567/1714/346 1176/1715/346 1568/1716/346
f 1237/1717/1361 1244/1718/1362 1238/1719/1363
f 1192/1720/1364 1195/1721/1365 1194/1707/1366
f 1571/1722/346 1175/1723/346 1567/1714/346
f 1209/1724/1367 1174/1706/1352 1172/1704/1350
f 1194/1707/1353 1182/1725/1368 1163/1695/1341
f 1179/1726/1369 2502/1727/1296 1203/1728/1296
f 1711/1729/1370 1960/1730/1371 1239/1731/1372
f 1569/1732/1373 1176/1715/1374 1870/1733/1375
f 1227/1734/1376 1247/1735/1176 1220/1736/1377
f 1232/1737/518 1159/1738/1378 1160/1739/518
f 1187/1740/1379 1184/1708/1380 1188/1741/1381
f 1200/1742/346 1211/1743/346 1214/1744/346
f 1868/1745/1382 1204/1746/1383 1170/1701/1384
f 1202/1747/1385 1872/1748/1386 1208/1749/1387
f 1164/1694/1388 1187/1740/1379 1191/1750/1389
f 1191/1751/1390 1169/1702/1391 1192/1752/1392
f 1212/1753/1393 1170/1701/1347 1204/1746/1227
f 1238/1719/1363 1193/1754/1394 1237/1717/1361
f 2504/1755/1326 1203/1728/1296 2502/1727/1296
f 1170/1701/1347 1189/1756/1395 1205/1757/1396
f 1237/1717/1397 1711/1729/1398 1239/1731/1399
f 1183/1758/1400 1169/1702/1348 1212/1753/1393
f 1236/1759/1401 1186/1760/1402 1238/1761/1403
f 1185/1762/1404 1167/1763/1405 1190/1764/1406
f 1166/1700/1407 1188/1765/1408 1189/1756/1409
f 2494/1766/1410 1173/1767/1411 2493/1703/1412
f 1174/1768/1413 1190/1769/1414 1196/1770/1415
f 1197/1771/1416 1192/1752/1392 1169/1702/1391
f 1224/1772/346 1208/1749/346 1226/1773/346
f 1695/1774/346 1199/1775/346 1224/1772/346
f 1202/1747/346 1199/1775/346 1200/1742/346
f 1864/1776/1417 1203/1728/1418 1862/1777/1419
f 1863/1778/1420 1177/1779/1421 1865/1780/1422
f 1861/1781/1423 1230/1782/1424 1947/1783/1424
f 1865/1780/1422 1178/1784/1425 1861/1781/1423
f 1974/1785/1426 1205/1757/1427 1246/1786/1428
f 1867/1787/1429 1170/1701/1384 1205/1757/1427
f 1179/1726/1430 1206/1788/1431 1207/1054/1432
f 1226/1773/1433 1872/1748/1386 1905/1789/1433
f 654/1790/1434 1214/1744/835 1211/1743/1434
f 1862/1777/1419 1180/1791/1435 1863/1778/1420
f 1972/1792/1436 1961/1333/1437 1959/1793/1438
f 1213/1794/1439 1204/1746/1440 1876/1795/1441
f 1213/1794/1442 1214/1744/1443 1210/1796/1443
f 1213/1794/1442 1202/1747/1444 1200/1742/1445
f 1239/1731/1399 1245/1797/1446 1237/1717/1397
f 1147/1683/1329 1219/1798/1447 1232/1737/518
f 1213/1794/1439 1183/1758/1448 1212/1753/1448
f 1209/1799/1449 1185/1800/1450 1174/1768/1413
f 1240/1801/1451 1182/1725/1368 1241/1802/1452
f 2492/1053/1453 1186/1803/1454 2494/1804/1455
f 1710/1805/1456 2495/1055/1457 2141/1806/1458
f 1215/1807/1459 1183/1758/1460 1210/1796/1461
f 1194/1707/1366 1191/1750/1389 1192/1720/1364
f 1216/1808/1462 1195/1721/1463 1215/1809/1464
f 1238/1761/1403 1243/1810/1465 1236/1759/1401
f 1191/1751/1390 1166/1700/1407 1171/1699/1466
f 1570/1811/1467 1225/1812/1468 1571/1722/1469
f 1189/1756/1409 1244/1718/1362 1245/1797/1470
f 2501/1813/1471 1180/1791/1326 2504/1755/1326
f 1220/1736/1377 1221/1814/1472 1859/1815/1473
f 1231/1816/1378 1158/1817/775 1159/1738/1378
f 627/1712/1343 1165/1698/1344 1221/1697/1343
f 1225/1812/1468 1696/1818/1434 1695/1774/1434
f 1176/1715/1374 1905/1789/1433 1870/1733/1375
f 1175/1723/346 1226/1773/346 1176/1715/346
f 2499/1819/1474 1146/1820/1296 2498/1821/1296
f 2496/1822/1475 1233/1823/1292 2500/1824/1476
f 1230/1782/1477 1178/1784/1478 2503/1825/1479
f 1168/1826/1480 634/1827/1481 1144/1828/520
f 1219/1798/1447 627/1829/1482 1221/1814/1472
f 1230/1782/1477 2500/1824/1476 1156/1830/1294
f 1220/1736/1377 1950/1831/775 1231/1816/1378
f 1147/1683/1329 1232/1737/518 1160/1739/518
f 1947/1783/1424 1156/1830/1483 1157/1832/1483
f 1219/1798/1447 1231/1816/1378 1232/1737/518
f 1236/1759/1484 1240/1801/1451 1235/1833/1485
f 1235/1833/1485 1173/1767/1486 1236/1759/1484
f 1974/1785/1426 1239/1731/1372 1960/1730/1371
f 671/1834/1487 1209/1724/1488 1234/1835/1489
f 1242/1836/1490 1234/1835/1489 1241/1802/1491
f 1245/1797/1446 1205/1757/1396 1189/1756/1395
f 1216/1808/1462 1241/1802/1491 1182/1725/1492
f 1243/1810/1465 1188/1741/1381 1184/1708/1380
f 1240/1801/1451 1184/1708/1354 1163/1695/1341
f 572/1056/336 1249/1369/1175 1248/899/336
f 678/1837/369 682/816/1493 683/1838/1494
f 797/1370/1176 509/1839/336 510/1840/336
f 627/1829/1482 499/487/436 754/486/435
f 1283/1841/1495 1372/1842/1496 1276/1843/1497
f 1338/1844/1498 1297/1845/1499 1315/1846/1500
f 1268/1847/1501 1299/1848/1502 1304/1849/1503
f 1270/1850/1504 1311/1851/1505 1271/1852/1506
f 1296/1853/1507 1253/1854/1508 1314/1855/1509
f 1265/1856/1510 1412/1857/1511 1409/1858/1512
f 1254/1859/1513 1397/1860/1514 1392/1861/1515
f 1354/1862/1516 1370/1863/1517 1407/1864/1518
f 1305/1865/1519 1324/1866/1520 1273/1867/1521
f 1348/1868/1522 1347/1869/1523 1393/1870/1524
f 1425/1871/1525 1400/1872/1526 1426/1873/1527
f 1402/1874/1528 1379/1875/1529 1387/1876/1530
f 1280/1877/1531 1307/1878/1532 1313/1879/1533
f 1405/1880/1534 1390/1881/1535 1423/1882/1536
f 1306/1883/1537 1341/1884/1538 1312/1885/1539
f 1301/1886/1540 1266/1887/1541 1267/1888/1542
f 1257/1889/1543 1283/1841/1495 1276/1843/1497
f 1366/1890/1544 1416/1891/1545 1420/1892/1546
f 1272/1893/1547 1281/1894/1548 1282/1895/1549
f 1353/1896/1550 1350/1897/1551 1391/1898/1552
f 1292/1899/1553 1253/1900/1554 1285/1901/1555
f 1389/1902/1556 1284/1903/1557 1351/1904/1558
f 1399/1905/1559 1426/1906/1559 1400/1907/1559
f 1255/1908/1560 1290/1909/1561 1254/1859/1513
f 1250/1910/1562 1342/1911/1563 1288/1912/1564
f 1321/1913/1565 1282/1914/1566 1251/1915/1567
f 1407/1864/1518 1384/1916/1568 1411/1917/1569
f 1359/1918/1570 1259/1919/1571 1258/1920/1572
f 1367/1921/1573 1360/1922/1574 1358/1923/1575
f 1328/1924/1576 1263/1925/1577 1262/1926/1578
f 1275/1927/1579 1331/1928/1580 1273/1867/1521
f 1330/1929/1581 1261/1930/1582 1263/1925/1577
f 1261/1930/1582 1274/1931/1583 1263/1925/1577
f 1263/1925/1577 1275/1932/1579 1262/1926/1578
f 1262/1933/1578 1273/1867/1521 1260/1934/1584
f 1423/1935/1585 1364/1936/1586 1415/1937/1587
f 1368/1938/1588 1420/1939/1546 1418/1940/1589
f 1271/1852/1506 1421/1941/1590 1270/1850/1504
f 1302/1942/1591 1327/1943/1592 1298/1944/1593
f 1329/1945/1594 1302/1942/1591 1300/1946/1595
f 1281/1894/1548 1326/1947/1596 1339/1948/1597
f 1272/1893/1547 1337/1949/1598 1274/1931/1583
f 1343/1950/1599 1318/1951/1559 1345/1952/1600
f 1333/1953/1601 1310/1954/1602 1336/1955/1603
f 1278/1956/1604 1375/1957/1605 1279/1958/1606
f 1411/1917/1569 1382/1959/1607 1413/1960/1608
f 1276/1843/1497 1377/1961/1609 1278/1962/1604
f 1325/1963/1610 1300/1964/1595 1297/1845/1499
f 1268/1847/1501 1309/1965/1611 1270/1966/1504
f 1303/1967/1612 1264/1968/1613 1266/1887/1541
f 1382/1969/1607 1408/1970/1614 1413/1971/1608
f 1269/1972/1615 1419/1973/1616 1271/1852/1506
f 1417/1974/1617 1264/1968/1613 1268/1847/1501
f 1271/1852/1506 1307/1878/1532 1269/1972/1615
f 1317/1975/1559 1286/1976/1559 1319/1977/1559
f 1274/1931/1583 1335/1978/1618 1275/1932/1579
f 1276/1843/1497 1259/1979/1571 1257/1889/1543
f 1278/1956/1604 1258/1920/1572 1259/1919/1571
f 1279/1958/1606 1256/1980/1619 1258/1920/1572
f 1363/1981/1620 1358/1923/1575 1354/1862/1516
f 1270/1966/1504 1417/1974/1617 1268/1847/1501
f 1369/1982/1621 1356/1983/1622 1360/1984/1574
f 1373/1985/1623 1383/1986/1624 1376/1987/1625
f 1376/1988/1625 1385/1989/1626 1374/1990/1627
f 1374/1990/1627 1380/1991/1628 1371/1992/1629
f 1332/1993/1630 1282/1895/1549 1340/1994/1631
f 1336/1955/1603 1308/1995/1632 1334/1996/1633
f 1334/1997/1633 1308/1998/1632 1305/1865/1519
f 1267/1888/1542 1410/1999/1634 1412/2000/1511
f 1389/2001/1635 1291/2002/1636 1255/1908/1560
f 1252/2003/1637 1429/2004/1638 1404/2005/1639
f 1415/1937/1587 1368/1938/1588 1418/1940/1589
f 1279/1958/1606 1370/1863/1517 1277/2006/1640
f 1414/2007/1641 1280/1877/1531 1422/2008/1642
f 1361/2009/1643 1257/1889/1543 1259/1979/1571
f 1405/2010/1644 1399/2011/1645 1352/2012/1646
f 1321/2013/1647 1289/2014/1648 1344/2015/1649
f 1251/1915/1567 1281/2016/1650 1250/2017/1651
f 1322/2018/1652 1315/2019/1653 1293/2020/1654
f 1295/2021/1655 1341/2022/1656 1320/2023/1657
f 1255/2024/1658 1283/2025/1659 1284/1903/1557
f 1393/2026/1660 1401/2027/1661 1348/2028/1662
f 1357/2029/1663 1284/2030/1664 1257/1889/1543
f 1353/2031/1665 1395/2032/1666 1388/2033/1667
f 1365/2034/1668 1350/2035/1669 1356/1983/1622
f 1292/2036/1670 1287/2037/1671 1317/2038/1672
f 1378/2039/1673 1347/2040/1674 1386/2041/1675
f 1296/1853/1507 1267/2042/1542 1265/1856/1510
f 1349/2043/1676 1402/2044/1677 1387/2045/1678
f 1294/2046/1679 1286/2047/1680 1252/2003/1637
f 1253/1854/1508 1409/1858/1512 1403/2048/1681
f 1429/2049/1559 1287/2050/1559 1427/2051/1559
f 1342/2052/1559 1289/2053/1559 1288/2054/1559
f 1394/2055/1559 1290/2056/1600 1291/2057/1599
f 1252/2058/1682 1422/2059/1683 1280/2060/1684
f 1285/1901/1685 1427/2061/1686 1287/2062/1671
f 1266/1887/1541 1406/2063/1687 1410/1999/1634
f 1294/2064/1688 1280/2060/1684 1313/2065/1689
f 1355/2066/1690 1258/1920/1572 1256/1980/1619
f 1251/2067/1691 1288/1912/1564 1289/2014/1648
f 1324/1866/1520 1262/1933/1578 1260/1934/1584
f 1322/2068/1692 1316/2069/1693 1343/2070/1694
f 1398/2071/1559 1396/2072/1559 1395/2073/1559
f 1319/2074/1695 1295/2075/1696 1318/2076/1697
f 1297/2077/1499 1301/2078/1540 1296/1853/1507
f 1300/1946/1595 1303/1967/1612 1301/1886/1540
f 1302/1942/1591 1299/1848/1502 1303/1967/1612
f 1308/1998/1632 1304/1849/1503 1305/1865/1519
f 1310/2079/1602 1309/2080/1611 1308/2081/1632
f 1306/2082/1537 1311/1851/1505 1310/2079/1602
f 1304/1849/1503 1298/1944/1593 1305/1865/1519
f 1315/2083/1500 1296/1853/1507 1314/1855/1509
f 1312/2084/1539 1307/1878/1532 1306/2082/1537
f 1312/2085/1698 1294/2064/1688 1313/2065/1689
f 1314/2086/1699 1293/2020/1654 1315/2019/1653
f 1319/1977/1559 1316/2087/1559 1317/1975/1559
f 1293/2088/1700 1317/2038/1672 1316/2089/1693
f 1250/2017/1651 1339/2090/1701 1323/2091/1702
f 1320/2092/1703 1344/2015/1649 1345/2093/1704
f 1298/1944/1593 1328/2094/1576 1324/1866/1520
f 1327/2095/1592 1330/1929/1581 1328/1924/1576
f 1329/2096/1594 1326/1947/1596 1330/1929/1581
f 1332/1993/1630 1336/1955/1603 1337/1949/1598
f 1337/1949/1598 1334/1996/1633 1335/1978/1618
f 1335/2097/1618 1305/1865/1519 1331/1928/1580
f 1325/1963/1610 1339/1948/1597 1326/1947/1596
f 1340/1994/1631 1333/1953/1601 1332/1993/1630
f 1338/2098/1705 1323/2091/1702 1339/2090/1701
f 1320/2023/1657 1340/2099/1706 1321/1913/1565
f 1345/1952/1600 1342/2052/1559 1343/1950/1599
f 1323/2100/1707 1343/2070/1694 1342/1911/1563
f 1295/2101/1696 1345/2093/1704 1318/2102/1697
f 1359/1918/1570 1354/1862/1516 1358/1923/1575
f 1362/2103/1708 1367/1921/1573 1363/1981/1620
f 1361/2104/1643 1358/1923/1575 1360/1922/1574
f 1366/1890/1544 1369/2105/1621 1367/1921/1573
f 1357/2029/1663 1360/1984/1574 1356/1983/1622
f 1368/1938/1588 1365/2106/1668 1369/2107/1621
f 1372/1842/1496 1376/1987/1625 1377/1961/1609
f 1382/1969/1607 1378/2108/1673 1379/1875/1529
f 1377/2109/1609 1374/1990/1627 1375/1957/1605
f 1384/1916/1568 1383/2110/1624 1382/1959/1607
f 1375/1957/1605 1371/1992/1629 1370/1863/1517
f 1381/2111/1709 1385/1989/1626 1384/1916/1568
f 1356/1983/1622 1351/2112/1710 1357/2029/1663
f 1364/1936/1586 1391/2113/1711 1365/2106/1668
f 1386/2114/1675 1379/1875/1529 1378/2108/1673
f 1346/2115/1712 1373/1985/1623 1372/1842/1496
f 1386/2116/1713 1349/2043/1676 1387/2045/1678
f 1388/2117/1714 1351/1904/1558 1350/1897/1551
f 1391/1898/1552 1352/2118/1715 1353/1896/1550
f 1393/1870/1524 1346/2119/1716 1392/2120/1717
f 1396/2072/1559 1394/2055/1559 1395/2073/1559
f 1400/1907/1559 1398/2071/1559 1399/1905/1559
f 1348/1868/1662 1400/1872/1526 1349/2043/1718
f 1388/2033/1667 1394/2121/1719 1389/2001/1635
f 1392/1861/1515 1396/2122/1720 1393/2026/1660
f 1398/2123/1721 1352/2012/1646 1399/2011/1645
f 1254/2124/1722 1346/2119/1716 1283/2025/1659
f 1426/1873/1527 1424/2125/1723 1425/1871/1525
f 1418/1940/1589 1414/2007/1641 1415/1937/1587
f 1420/1939/1546 1419/1973/1616 1418/1940/1589
f 1420/1892/1546 1417/1974/1617 1421/2126/1590
f 1413/1971/1608 1409/1858/1512 1412/1857/1511
f 1411/1917/1569 1412/2000/1511 1410/1999/1634
f 1411/1917/1569 1406/2063/1687 1407/1864/1518
f 1417/1974/1617 1407/1864/1518 1406/2063/1687
f 1422/2008/1642 1415/1937/1587 1414/2007/1641
f 1408/1970/1614 1403/2048/1681 1409/1858/1512
f 1423/1882/1536 1404/2127/1724 1405/1880/1534
f 1424/2125/1725 1402/2044/1677 1425/1871/1726
f 1428/2128/1559 1427/2051/1559 1426/1906/1559
f 1428/2129/1727 1404/2005/1639 1429/2004/1638
f 1285/1901/1555 1403/2130/1728 1424/2125/1725
f 1431/2131/1729 1442/2132/1730 1430/2133/1731
f 1430/2134/1732 1440/2135/1733 1432/2136/1734
f 1436/2137/1735 1437/2138/1735 1439/2139/1735
f 1438/2140/1736 1437/2141/1737 1431/2142/1737
f 1448/2143/1738 1442/2144/1739 1443/2145/1740
f 1445/2146/1741 1441/2147/1742 1440/2148/1743
f 1448/2149/1744 1444/2150/1745 1449/2151/1746
f 1449/2151/1747 1441/2152/1748 1446/2153/1749
f 1434/2154/1750 1432/2155/1751 1433/2156/1750
f 1433/2157/1752 1435/2158/1753 1436/2159/1754
f 1434/2160/1755 1431/2161/1756 1430/2162/1757
f 1447/2163/1758 1440/2135/1759 1442/2164/1760
f 1441/2165/1761 1437/2166/1762 1435/2167/1763
f 1437/2168/1764 1443/2169/1765 1431/2170/1766
f 529/547/477 1456/2171/1767 1455/2172/1768
f 529/547/1269 1454/2173/1172 941/2174/1269
f 941/2174/1769 1453/2175/1077 935/1268/1770
f 933/1269/1771 1453/2175/1079 1452/1611/1081
f 814/2176/908 1452/2177/1172 932/2178/908
f 814/2179/1772 1450/2180/1009 1451/2181/1010
f 514/509/452 1450/2182/458 673/983/457
f 672/506/451 1456/2183/451 512/507/451
f 529/547/1773 935/1268/1774 942/548/1775
f 822/685/1776 2228/964/1777 2227/2184/1778
f 622/362/1779 2302/2185/1780 588/675/1781
f 2246/2186/1782 442/355/489 832/560/488
f 501/893/763 518/1236/1059 500/892/762
f 1457/995/866 574/1691/786 500/892/762
f 492/476/425 1457/995/866 518/1236/1059
f 1916/2187/1176 1181/2188/1176 1220/1736/1377
f 1220/1736/1377 1859/1815/1473 1222/2189/1783
f 1859/1815/1473 1879/2190/1784 1218/2191/1785
f 1222/2189/1783 1859/1815/1473 1844/2192/1786
f 1218/2191/1785 1880/2193/1787 1859/1815/1473
f 1880/2193/1787 1844/2192/1786 1859/1815/1473
f 1844/2192/1786 1223/2194/336 1222/2189/1783
f 1222/2189/1783 1903/2195/336 1227/1734/1376
f 1247/1735/1176 1916/2187/1176 1220/1736/1377
f 1222/2189/1783 1227/1734/1376 1220/1736/1377
f 599/720/600 637/769/674 1663/718/346
f 510/1840/336 1124/354/336 1555/1005/336
f 1124/354/336 504/1642/336 1694/2196/336
f 1536/2197/1788 1485/2198/1789 1510/2199/1790
f 1471/2200/1791 1513/2201/1792 1470/2202/1793
f 1518/2203/1794 1468/2204/1795 1513/2201/1792
f 1531/2205/1796 1460/2206/1797 1459/2207/1798
f 1537/2208/1799 1478/2209/1800 1477/2210/1801
f 1475/2211/1802 1519/2212/1803 1514/2213/1804
f 1514/2213/1804 1474/2214/1805 1473/2215/1806
f 1473/2215/1806 1539/2216/1807 1544/2217/1808
f 1539/2216/1807 1488/2218/1809 1544/2217/1808
f 1462/2219/1810 1507/2220/1811 1549/2221/1812
f 1532/2222/1813 1494/2223/1814 1541/2224/1815
f 1494/2223/1814 1523/2225/1816 1533/2226/1817
f 1549/2227/1812 1461/2228/1818 1481/2229/1819
f 1469/2230/1820 1550/2231/1821 1468/2204/1795
f 1537/2232/451 1506/2233/451 1552/2234/451
f 1484/2235/1822 1545/2236/1823 1532/2237/1823
f 1508/2238/1824 1487/2239/1825 1550/2231/1821
f 1477/2210/1801 1528/2240/1826 1522/2241/1827
f 1522/2242/1827 1476/2243/1828 1475/2211/1802
f 1481/2229/1819 1530/2244/1829 1547/2245/1830
f 1547/2245/1830 1459/2207/1798 1460/2206/1797
f 1465/2246/1831 1512/2247/1832 1464/2248/1833
f 1512/2247/1832 1463/2249/1834 1462/2219/1810
f 1466/2250/1835 1545/2251/1836 1485/2198/1789
f 1527/2252/1837 1464/2248/1833 1545/2251/1836
f 1472/2253/1838 1548/2254/1839 1488/2218/1809
f 1553/2255/1840 1470/2202/1793 1548/2256/1839
f 1537/2232/451 1479/2257/451 1460/2258/451
f 1545/2236/1823 1483/2259/1841 1532/2237/1823
f 1489/2260/1230 1544/2261/1842 1554/2262/1842
f 1544/2261/1842 1501/2263/1843 1554/2262/1842
f 1486/2264/1844 1510/2265/1845 1540/2266/1845
f 1510/2265/1845 1484/2235/1822 1540/2266/1845
f 1480/2267/451 1547/2268/451 1509/2269/451
f 1547/2268/451 1479/2257/451 1509/2269/451
f 1506/2233/451 1522/2270/1846 1543/2271/1846
f 1522/2270/1846 1490/2272/1847 1543/2271/1846
f 1490/2272/1847 1514/2273/1842 1524/2274/1842
f 1514/2273/1842 1489/2260/1230 1524/2274/1842
f 1498/2275/1848 1550/2276/1844 1546/2277/1844
f 1550/2276/1844 1486/2264/1844 1546/2277/1844
f 1500/2278/451 1513/2279/451 1538/2280/451
f 1513/2279/451 1498/2275/1848 1538/2280/451
f 1483/2259/1841 1512/2281/1823 1523/2282/1823
f 1523/2225/1816 1493/2283/1849 1533/2226/1817
f 1504/2284/1850 1524/2285/1851 1535/2286/1852
f 1524/2285/1851 1503/2287/1853 1535/2286/1852
f 1492/2288/1854 1509/2289/1855 1520/2290/1856
f 1509/2289/1855 1491/2291/1857 1520/2290/1856
f 1552/2292/1858 1491/2291/1857 1479/2293/1857
f 1552/2292/1858 1505/2294/1859 1521/2295/1858
f 1496/2296/1860 1540/2266/1861 1516/2297/1862
f 1540/2266/1861 1495/2298/1863 1516/2297/1862
f 1502/2299/1864 1511/2300/1865 1551/2301/1866
f 1511/2302/1865 1499/2303/1867 1551/2304/1866
f 1505/2294/1859 1543/2305/1868 1542/2306/1868
f 1512/2281/1823 1482/2307/1869 1523/2282/1823
f 1482/2307/1869 1549/2308/1870 1515/2309/1870
f 1549/2308/1870 1480/2267/451 1515/2309/1870
f 1548/2310/1871 1501/2263/1843 1488/2311/1872
f 1548/2310/1871 1500/2278/451 1511/2312/1873
f 1495/2313/1863 1532/2222/1813 1541/2224/1815
f 1543/2305/1868 1504/2314/1850 1542/2306/1868
f 1497/2315/1874 1546/2316/1875 1526/2317/1876
f 1546/2316/1875 1496/2318/1860 1526/2317/1876
f 1503/2287/1853 1554/2319/1877 1529/2320/1877
f 1554/2319/1877 1502/2299/1864 1529/2320/1877
f 1493/2321/1849 1515/2322/1878 1525/2323/1878
f 1515/2322/1878 1492/2288/1854 1525/2323/1878
f 1499/2303/1867 1538/2324/1879 1534/2325/1880
f 1538/2324/1879 1497/2315/1874 1534/2325/1880
f 1467/2326/1881 1510/2327/1790 1487/2239/1825
f 1556/2328/1882 1557/656/564 1555/658/566
f 641/729/895 1561/1686/1331 603/730/1883
f 640/722/1884 1562/1690/1335 641/729/895
f 603/730/1883 1563/928/800 604/2329/1885
f 1562/1690/1335 1151/2330/1886 1561/1686/1331
f 1565/929/801 1153/1687/1332 1154/2331/1887
f 456/2332/1360 1571/1722/1469 1201/2333/1358
f 1828/2334/1357 1568/1716/1888 1569/1732/1373
f 1201/2333/1889 1567/1714/346 1165/2335/1344
f 1165/2335/1344 1568/1716/346 1198/2336/1342
f 1570/1449/1195 656/955/1890 1217/2337/1891
f 1558/768/673 635/630/541 1559/2338/1892
f 809/2339/1893 1575/1353/1271 810/731/778
f 1576/1417/658 652/613/1894 670/875/752
f 652/613/529 1579/1393/346 809/2339/529
f 802/2340/1895 1700/480/1896 798/655/1897
f 807/624/838 1705/1613/1898 811/345/839
f 806/625/529 1578/980/346 805/2341/529
f 1709/2342/1899 475/953/660 683/2343/1900
f 1580/707/346 1664/492/441 793/631/529
f 801/734/638 1578/980/1901 1581/478/427
f 1602/2344/1902 1607/2345/1903 1582/1641/1904
f 1601/2346/1905 2331/2347/1906 715/2348/1907
f 1634/2349/1908 1648/2350/1909 1633/2351/1909
f 1588/2352/1910 1589/2353/1911 1587/2354/1912
f 1627/2355/1913 1615/2356/1914 1604/2357/1915
f 1621/2358/1916 1651/2359/1917 1636/2360/1917
f 1590/2361/1918 2315/2362/1919 1585/2363/1920
f 2328/2364/1921 2311/2365/1922 2323/2366/1923
f 1610/2367/1924 1626/2368/1925 1589/2353/1926
f 1637/2369/1927 1584/773/677 1603/644/1928
f 1625/2370/1929 1615/2371/1930 1628/2372/1931
f 1636/2360/1917 1650/2373/1932 1635/2374/1932
f 1584/773/677 696/1187/1933 1603/644/1928
f 1600/2375/1934 1630/2376/1934 1643/2377/1935
f 1586/2378/1936 1625/2370/1937 1623/2379/1938
f 2328/2364/1939 1614/2380/1940 2334/2381/1941
f 1642/2382/1942 1661/2383/1908 1658/2384/1942
f 1643/2377/1943 1629/2385/1944 1610/2386/1945
f 1627/2355/1946 1599/2387/1947 1598/2388/1948
f 1602/2344/1902 1582/1641/1904 713/1338/1949
f 1606/2389/1950 1586/2378/1936 1582/1641/1904
f 1606/2389/1950 1582/1641/1904 1605/2390/1951
f 1605/2390/1951 1582/1641/1904 1607/2345/1903
f 1595/2391/1952 1597/2392/1953 1585/2363/1920
f 758/2393/346 474/736/346 476/937/346
f 1608/2394/1954 695/2395/1955 1593/425/1956
f 1611/2396/1957 1643/2377/1943 1610/2386/1945
f 1611/2396/1958 1601/2346/1959 1600/2375/1958
f 1612/2397/1960 2325/2398/1961 1601/2346/1959
f 2320/2399/1962 710/797/1963 707/796/1964
f 1623/2379/1938 589/653/561 1577/2400/1965
f 1616/2401/1966 1606/2389/1967 1605/2390/1968
f 1618/2402/1969 1605/2390/1968 1607/2345/1970
f 1617/2403/1971 1594/2404/1972 1606/2389/1967
f 1613/2405/1973 1607/2345/1970 1602/2344/1974
f 1597/2392/1975 1613/2406/1976 1590/2361/1977
f 1595/2391/1978 1615/2356/1914 1617/2407/1979
f 1596/2408/1980 1618/2409/1981 1597/2392/1975
f 1595/2391/1978 1616/2410/1982 1596/2408/1980
f 1628/2411/1983 1598/2388/1984 1608/2412/1984
f 1621/2413/1985 1644/2414/1986 1646/2415/1987
f 2332/2416/1988 1612/2417/1989 1588/2352/1990
f 1592/2418/1991 1612/2417/1989 1611/2419/1991
f 1592/2418/1992 1610/2367/1924 1589/2353/1926
f 1598/2388/1993 1609/2420/1994 1608/2412/1995
f 1641/2421/1996 1660/2422/1932 1640/2423/1932
f 1603/644/1928 1624/2424/1997 1637/2369/1927
f 1620/2425/1998 1583/2426/1999 1584/773/677
f 1591/2427/2000 1629/2428/2001 1614/2380/1940
f 1629/2385/1944 1603/644/554 1614/2429/2002
f 1632/2430/1934 717/812/2003 1633/2431/2004
f 1634/2432/2005 717/812/2003 569/814/2006
f 1646/2433/2007 1658/2384/1942 1659/2434/2007
f 1635/2435/2008 1620/2425/1998 1636/2436/2009
f 1621/2413/1985 1620/2425/1998 1637/2369/1927
f 1638/2437/2010 1644/2414/1986 1630/2376/1934
f 1659/2438/2011 1651/2439/2012 1655/2440/2013
f 1647/2441/2014 1638/2442/2015 1632/2443/2014
f 1648/2444/2016 1654/2445/2017 1653/2446/2018
f 1643/2377/1935 1630/2376/1934 1644/2414/1986
f 1646/2415/1987 1644/2414/1986 1645/2447/2019
f 1645/2448/2019 1642/2449/2020 1646/2450/1987
f 1641/2451/2021 1639/2452/2022 1642/2449/2020
f 1647/2453/1934 1653/2446/2018 1652/2454/2023
f 1621/2455/2024 1659/2456/2024 1655/2457/2024
f 1652/2454/2023 1657/2458/2020 1656/2459/2025
f 1658/2460/2026 1650/2461/2027 1651/2439/2012
f 1653/2446/2018 1660/2462/2022 1657/2458/2020
f 1645/2463/2028 1652/2464/2029 1656/2465/2028
f 1645/2466/2030 1657/2467/1996 1641/2421/1996
f 1632/2468/2031 1648/2350/1909 1647/2469/2031
f 1626/2368/2032 1587/2354/1912 1589/2353/1911
f 1560/696/2033 637/769/1199 1559/2338/2034
f 1706/2470/2035 1577/2400/1965 1665/706/614
f 1662/2471/2036 799/1013/2037 1663/718/1198
f 1662/2471/2038 802/2340/2039 798/655/2040
f 1559/2338/2034 636/1336/2041 1560/696/2033
f 1604/2357/2042 1622/2472/2043 1627/2355/1946
f 1644/2414/1986 1624/2424/1997 1643/2377/1935
f 1585/2363/1920 2311/2365/1922 1622/2472/2043
f 590/652/560 1625/2370/1937 1593/425/377
f 1678/2473/2044 1687/2474/2044 1677/2475/2044
f 1669/2476/2045 597/926/797 1670/2477/2046
f 716/715/621 1692/927/2047 1691/811/2047
f 1687/2478/2048 1685/2479/664 1683/2480/2049
f 1667/2481/1119 570/2482/2050 1668/2483/1120
f 1674/2484/2051 1684/2485/2052 1685/2486/2053
f 1694/2487/2054 959/2488/2055 503/2489/2056
f 1679/2490/2057 1680/2491/2058 1682/2492/2059
f 1676/2493/2060 1686/2494/2061 1689/2495/2062
f 1671/2496/2063 1679/2497/2064 1683/2498/2065
f 1670/2499/2066 1680/2500/2067 1669/2501/2067
f 1672/2502/2068 1685/2503/2053 1686/2494/2061
f 1673/2504/2069 1683/2498/2065 1684/2485/2052
f 1675/2505/2070 1682/2506/2071 1670/2499/2066
f 1676/2493/2060 1690/2507/2072 1678/2473/2073
f 1677/2508/2074 1688/2509/2075 1675/2505/2070
f 1632/2430/1934 1630/2376/1934 1631/813/1934
f 1600/2375/1934 715/2348/1907 1631/813/1934
f 504/2510/2076 1693/2511/665 1694/2487/2054
f 1691/811/2047 597/926/2077 680/760/662
f 716/715/2078 1631/813/725 715/2348/2079
f 1677/2512/2080 1692/927/798 598/717/2081
f 1678/2513/2082 598/717/2081 959/2514/2055
f 1674/763/664 1672/2515/2048 959/2514/2055
f 1671/2516/2083 1667/1307/1119 960/2517/2084
f 960/2518/2085 1681/2519/2086 1679/2497/2064
f 1671/2516/2083 1673/765/666 1693/764/665
f 1676/2520/2048 959/2514/2055 1672/2515/2048
f 503/2521/336 1124/354/336 1694/2196/336
f 1622/2472/2043 2316/2522/2087 1599/2387/1947
f 1566/1448/346 490/2523/1112 459/956/346
f 656/955/1890 1696/751/658 1217/2337/1891
f 1695/1774/1434 654/1790/1434 1211/1743/1434
f 1224/1772/346 1225/1812/346 1695/1774/346
f 1455/2524/1768 1698/663/571 928/662/570
f 1698/518/451 520/2525/451 926/2526/451
f 1124/354/336 1155/353/336 1556/1006/336
f 1577/2400/1965 1586/2378/1936 1623/2379/1938
f 447/2527/346 1572/969/346 758/2393/346
f 1709/2528/658 682/816/1493 1701/1418/658
f 1701/1418/346 632/343/346 1704/1392/346
f 1706/2470/2035 802/2340/346 1666/721/2088
f 1707/2529/2089 1666/721/2088 714/697/2090
f 1586/2378/1936 714/697/2090 1582/1641/1904
f 1708/705/2091 1581/478/1167 1700/480/1896
f 1699/2530/2092 1575/1353/1161 1705/1613/1898
f 447/2527/346 475/953/346 1702/2531/346
f 1705/1613/1273 632/343/327 811/345/329
f 1699/2530/346 800/623/346 1703/479/346
f 1700/480/429 800/623/562 798/655/563
f 1702/2531/1899 1576/968/835 1572/969/835
f 700/429/692 697/785/691 699/2532/2093
f 702/789/1053 583/2533/864 437/360/342
f 901/1127/1181 523/528/466 900/565/1182
f 954/2534/2094 1047/2535/2095 955/2536/1274
f 1730/2537/2096 552/2538/1233 1732/2539/2096
f 1732/2539/2096 1043/2540/2097 550/1167/1001
f 2218/2541/2098 1044/1148/2099 1039/2542/2100
f 1728/573/336 1033/597/517 1721/599/336
f 2205/2543/2101 2209/2544/2102 2214/2545/2103
f 1714/1514/1240 1049/1153/991 551/1146/2104
f 1715/2546/2105 1775/2547/2106 1794/2548/2107
f 1733/2549/514 2206/2550/514 1725/2551/514
f 1717/2552/1259 1051/2553/1259 1718/2554/1259
f 1734/1490/336 555/1156/994 1045/1155/993
f 1729/598/518 1028/1158/995 1726/2555/1329
f 1715/2546/2108 1794/2548/2109 2239/2556/2110
f 1172/1704/1350 1234/1835/2111 1209/1724/1367
f 1743/2557/2112 1761/2558/2113 1740/2559/2113
f 1764/2560/2114 1737/2561/2115 1752/2562/2115
f 1740/2559/2113 1746/2563/514 1757/2564/514
f 1742/2565/2116 1767/2566/2117 1743/2557/2112
f 1741/2567/2118 1770/2568/2119 1742/2565/2116
f 1739/2569/2120 1773/2570/2121 1741/2567/2118
f 1769/2571/2122 1763/2572/2123 1755/2573/2124
f 1744/2574/2125 1748/2575/2126 1750/2576/2127
f 1749/2577/2128 1747/2578/2129 1745/2579/2130
f 1746/2563/2131 1748/2580/2126 1749/2581/2128
f 1745/2579/2130 1756/2582/2132 1754/2583/2133
f 1756/2584/2132 1744/2574/2125 1755/2573/2134
f 1746/2563/2131 1759/2585/2135 1757/2564/2136
f 1749/2577/2128 1758/2586/2137 1759/2587/2135
f 1763/2572/2138 1774/2588/2139 1765/2589/2140
f 1774/2590/2139 1764/2560/2141 1765/2591/2140
f 1772/2592/2142 1771/2593/2143 1774/2588/2139
f 1774/2590/2139 1770/2568/2144 1773/2570/2145
f 1766/2594/2146 1771/2593/2143 1769/2571/2147
f 1768/2595/2148 1770/2568/2144 1771/2596/2143
f 1760/2597/2149 1768/2598/2148 1766/2594/2146
f 1762/2599/2150 1767/2566/2151 1768/2595/2148
f 1760/2597/2149 1750/2576/2127 1762/2600/2150
f 1762/2599/2150 1746/2563/2131 1761/2558/2152
f 1764/2560/2141 1753/2601/2153 1765/2591/2140
f 1765/2589/2140 1751/2602/2154 1763/2572/2138
f 1738/2603/2155 1745/2579/2155 1754/2583/2155
f 1793/2604/2156 976/2605/2157 1783/2606/2158
f 1564/1688/1333 1796/2607/2159 1801/2608/2160
f 2237/2609/2161 2235/2610/2162 2236/2611/2163
f 1782/1645/1279 965/2612/2164 975/2613/2164
f 979/2614/2165 1783/2606/2158 978/2615/2166
f 978/1325/1138 1787/999/1142 973/682/594
f 980/2616/451 1793/2604/451 1784/1329/451
f 970/1322/2167 1786/1324/1136 966/1316/1129
f 1784/1319/1132 975/2617/2168 980/2618/2169
f 562/2619/514 1779/616/531 560/2620/2170
f 891/2621/2171 1791/1315/1127 852/1106/942
f 1785/1132/967 818/2622/2172 815/2623/2173
f 1800/2624/2174 1780/672/848 564/2625/2174
f 669/724/625 1778/2626/2175 640/722/625
f 1789/998/867 819/1328/2176 818/2622/2176
f 1776/896/766 536/2627/2177 971/2628/2177
f 1790/783/702 568/2629/2178 566/2630/2179
f 560/2620/2170 1781/618/533 561/2631/2180
f 640/722/1884 1778/2626/2181 1796/2607/2159
f 1786/1111/947 972/2632/2182 966/2633/790
f 561/2631/2180 1790/783/688 566/2630/2183
f 1564/1688/1333 640/722/1884 1796/2607/2159
f 1801/2608/2160 1798/2634/2184 1802/2635/2185
f 1800/2636/2186 1778/2626/2175 1788/2637/2175
f 1778/2626/2181 1798/2634/2184 1796/2607/2159
f 1801/2608/2160 1797/2638/514 1795/2639/2187
f 601/1077/1337 1154/2331/1887 620/1076/2188
f 1795/2639/2187 1564/1688/1333 1801/2608/2160
f 564/2625/1237 1777/673/583 562/2619/514
f 1802/2635/2185 1799/2640/2104 1797/2638/514
f 1869/2641/2189 1859/2642/2190 1828/2643/2191
f 1969/2644/2192 1958/2645/2193 1964/2646/2194
f 1867/2647/2195 1852/2648/2196 1868/2649/2197
f 1894/2650/2198 1842/2651/2199 1887/2652/2200
f 1873/2653/2201 2082/2654/2202 2079/2655/2203
f 1953/2656/2204 2148/2657/2205 2147/2658/2206
f 1885/2659/2207 1830/2660/2208 1895/2661/2209
f 2081/2662/2210 1873/2653/2201 2079/2655/2203
f 1569/2663/2211 1874/2664/2212 2081/2662/2213
f 1853/2665/2214 2483/2666/2215 1871/2667/2216
f 1868/2649/2197 1853/2665/2217 1876/2668/2218
f 1871/2667/2219 1876/2668/2218 1853/2665/2217
f 1851/2669/2220 1897/2670/2221 1854/2671/2222
f 1978/2672/2223 1929/2673/2224 1931/2674/2225
f 2005/2675/2226 1967/2676/2227 2123/2677/2228
f 2078/2678/514 1901/2679/514 2083/2680/514
f 1835/2681/2229 1833/2682/2230 1836/2683/2231
f 2485/2684/2232 1897/2670/2221 1898/2685/2233
f 1804/2686/2234 1951/2687/2235 1949/2688/2236
f 2138/2689/2237 2103/2690/2238 2142/2691/2239
f 1882/2692/2240 1836/2683/2231 1889/2693/2241
f 1946/2694/2242 1845/2695/2243 1866/2696/2244
f 1848/2697/2245 1891/2698/2246 1893/2699/2247
f 1892/2700/2248 1836/2683/2231 1839/2701/2249
f 1847/2702/2250 1890/2703/2251 1891/2698/2246
f 1866/2696/2244 1842/2651/2199 1841/2704/2252
f 1895/2661/2209 1875/2705/2253 1898/2685/2233
f 1886/2706/2254 1851/2669/2220 1849/2707/2255
f 1947/2708/2256 1806/2709/2257 1946/2694/2258
f 2145/2710/2259 1875/2705/2253 1830/2660/2208
f 1864/2711/2260 1834/2712/2261 1206/2713/2262
f 2100/2714/2263 1962/2715/2264 2101/2716/2265
f 1859/2642/2266 2089/2717/2267 1879/2718/2268
f 1848/2697/2245 1888/2719/2269 1843/2720/2270
f 1839/2701/2249 1837/2721/2271 1840/2722/2272
f 1862/2723/2273 1833/2682/2274 1864/2711/2260
f 1865/2724/2275 1866/2696/2276 1841/2704/2277
f 2158/2725/2278 2106/2726/2279 2170/2727/2280
f 1884/2728/2281 1843/2720/2270 1888/2719/2269
f 1852/2648/2282 1854/2671/2222 1853/2665/2214
f 1849/2707/2255 1852/2648/2282 1850/2729/2283
f 1892/2700/2248 1840/2722/2272 1894/2650/2198
f 1934/2730/2284 1926/2731/2285 1937/2732/2286
f 1941/2733/2287 1918/2734/2288 1942/2735/2289
f 2450/2736/2290 2441/2737/2291 2447/2738/2292
f 1874/2664/2212 1905/2739/2293 1907/2740/2293
f 2485/2684/2232 2443/2741/2294 1910/2742/2295
f 1862/2723/2273 1837/2721/2296 1838/2743/2297
f 2092/2744/2298 1879/2718/2268 2089/2717/2267
f 2097/2745/2299 1805/2746/2300 1826/2747/2301
f 1845/2695/2243 1887/2652/2200 1842/2651/2199
f 1863/2748/2302 1841/2704/2277 1837/2721/2296
f 1836/2683/2231 1838/2743/2303 1839/2701/2249
f 1952/2749/2304 1803/2750/2305 1944/2751/2306
f 1840/2722/2272 1841/2704/2252 1842/2651/2199
f 2019/2752/2307 2075/2753/2308 2020/2754/2309
f 1846/2755/2310 1881/2756/2311 1890/2703/2251
f 2090/2757/2312 1880/2758/2313 2093/2759/2314
f 1951/2687/2235 1884/2728/2281 1883/2760/2315
f 1883/2760/2315 1888/2719/2269 1887/2652/2200
f 1896/2761/2316 1898/2685/2233 1897/2670/2221
f 1889/2693/2241 1891/2698/2246 1890/2703/2251
f 1886/2706/2254 1895/2661/2209 1896/2761/2316
f 1971/1334/2317 1849/2707/2255 1850/2729/2283
f 1882/2692/2240 1890/2703/2251 1881/2756/2311
f 1891/2698/2246 1894/2650/2198 1893/2699/2247
f 1887/2652/2200 1893/2699/2247 1894/2650/2198
f 2093/2759/2314 1218/2762/2318 2092/2763/2298
f 2082/2654/2202 1900/2764/2319 2083/2680/2320
f 1910/2742/2295 1831/2765/2321 1900/2764/2319
f 2080/2766/514 1915/2767/514 2086/2768/514
f 1900/2764/2319 1908/2769/2322 1910/2742/2295
f 2483/2666/2215 1908/2769/2322 1906/2770/2323
f 1906/2770/2323 1899/2771/2324 1873/2653/2201
f 1907/2740/2325 1873/2653/2201 1874/2664/2326
f 1907/2740/2293 1872/2772/2327 1871/2667/2219
f 2181/2773/2328 2153/2774/2329 2151/2775/2330
f 1227/2776/2331 2094/2777/2332 2095/2778/2333
f 1247/2779/2334 2095/2778/2333 2098/2780/2335
f 2104/2781/2336 2172/2782/2337 2422/2783/2338
f 1964/2646/2194 1933/2784/2339 1965/2785/2340
f 2131/2786/2341 1832/2787/2342 2130/2788/2343
f 1181/2789/2344 2096/2790/2345 2091/2791/2346
f 2086/2768/514 1977/2792/514 2088/2793/514
f 2107/2794/2347 2106/2726/2348 2146/2795/2349
f 1959/1793/1438 1973/2796/2350 1972/1792/1436
f 2139/2797/2351 2101/2716/2265 2137/2798/2352
f 1954/2799/2353 1813/2800/2354 1812/2801/2355
f 1978/2802/2356 2067/2803/2357 2069/2804/2358
f 2135/2805/2359 1843/2720/2270 2131/2786/2341
f 2062/2806/2360 2009/2807/2361 2008/2808/2362
f 1928/2809/2363 1919/2810/2364 1920/2811/2365
f 2134/2812/2366 1846/2755/2310 1847/2702/2250
f 2071/2813/2367 1937/2814/2368 2072/2815/2369
f 1969/2644/2192 1965/2785/2340 2118/2816/2370
f 2012/2817/2371 2064/2818/2372 2010/2819/2373
f 1957/2820/2374 1811/2821/2375 1956/2822/2376
f 1922/2823/2377 1917/2824/2378 1921/2825/2379
f 2021/2826/2380 2065/2827/2381 2011/2828/2382
f 2061/2829/2383 2008/2808/2362 2007/2830/2384
f 1924/2831/2385 1927/2832/2386 1928/2809/2363
f 2099/2833/2387 1961/1333/1437 2103/2690/2238
f 2018/2834/2388 2073/2835/2389 2019/2752/2307
f 2075/2753/2308 1942/2836/2390 2074/2837/2391
f 2136/2838/2392 1810/2839/2393 1957/2820/2394
f 1860/2840/2395 2166/2841/2396 2164/2842/2397
f 1958/2645/2193 2143/2843/2398 1964/2646/2194
f 1944/2751/2306 1827/2844/2399 2136/2838/2392
f 2009/2807/2361 2058/2845/2400 2027/2846/2401
f 2069/2804/2358 2013/2847/2402 2015/2848/2403
f 1929/2673/2224 1932/2849/2404 1931/2674/2225
f 1933/2784/2339 2144/2850/2405 1936/2851/2406
f 2120/2852/2407 2068/2853/2408 1975/2854/2409
f 2141/2855/2410 2103/2690/2411 1710/2856/2412
f 2017/2860/2416 2072/2815/2369 2018/2834/2388
f 1933/2784/2417 1939/2861/2418 1938/2862/2419
f 1936/2851/2420 1937/2732/2286 1939/2861/2418
f 1940/2863/2421 1942/2735/2289 1943/2864/2422
f 1943/2864/2422 1925/2865/2423 1940/2863/2421
f 1832/2787/2342 2136/2838/2392 2130/2788/2343
f 1921/2825/2379 1956/2822/2376 1922/2823/2377
f 1824/2866/2424 2006/2867/2425 1818/2868/2426
f 1923/2869/2427 1955/2870/2428 1954/2799/2353
f 1818/2868/2426 2050/2871/2429 1821/2872/2430
f 1808/2873/2431 1951/2687/2235 1809/2874/2432
f 1952/2749/2304 1832/2787/2342 1884/2728/2281
f 2091/2791/2346 1948/2875/2433 2097/2745/2299
f 1861/2876/2434 1946/2694/2258 1866/2696/2276
f 1806/2709/2435 1949/2688/2236 1946/2694/2242
f 1949/2688/2236 1883/2760/2315 1845/2695/2243
f 1970/2877/2436 1962/2715/2264 1963/2878/2437
f 1963/2878/2437 1968/2879/2438 1970/2877/2436
f 1979/2880/2439 2488/2881/2440 2490/2882/2441
f 2007/2830/2384 2034/2883/2442 2031/2884/2443
f 2047/2885/2444 2011/2828/2382 2024/2886/2445
f 1965/2785/2446 2112/2887/2447 2118/2816/2448
f 1963/2878/2437 2102/2888/2449 1958/2645/2193
f 2406/2891/2452 671/2892/923 1242/2893/2452
f 1965/2785/2446 1938/2862/2419 1966/2894/2453
f 2056/2895/2454 2014/2896/2455 2120/2852/2407
f 2048/2897/2456 2021/2826/2380 2047/2885/2444
f 2028/2898/2457 1995/2899/2458 2025/2900/2459
f 1967/2676/2227 1830/2660/2208 1829/2901/2460
f 2124/2902/2461 2005/2675/2462 2123/2677/2463
f 1973/2796/2350 1885/2659/2207 1886/2706/2254
f 1976/2903/2464 1930/2904/2465 2005/2675/2462
f 2076/2905/2466 2112/2906/2467 1966/2907/2468
f 1968/2879/2438 1967/2676/2227 1829/2901/2460
f 1970/2877/2436 1829/2901/2460 1885/2659/2207
f 1974/1332/1143 1850/2729/2469 1867/2647/2195
f 1920/2908/2470 2069/2804/2358 2063/2909/2471
f 2063/2909/2471 2015/2848/2403 2009/2807/2361
f 2490/2882/2472 2487/2910/2473 2489/2911/2474
f 2088/2793/514 1912/2912/514 2085/2913/514
f 2168/2914/2475 2085/2913/2476 2084/2915/2477
f 1916/2916/2478 2098/2780/2335 2096/2790/2345
f 1920/2811/2365 1979/2880/2479 1978/2672/2223
f 2155/2917/2480 1953/2656/2481 2156/2918/2482
f 2177/2919/2483 1855/2920/2484 2169/2921/2485
f 2033/2922/2486 2020/2754/2309 2048/2897/2456
f 2045/2923/2487 2018/2834/2388 2041/2924/2488
f 2016/2925/2489 2045/2923/2487 2042/2926/2490
f 1993/2927/2491 2035/2928/2492 2026/2929/2493
f 2015/2848/2403 2036/2930/2494 2058/2845/2400
f 2038/2931/2495 2525/2932/2496 2037/2933/2497
f 2531/2934/2498 2077/2935/2499 2127/2936/2500
f 2013/2847/2402 2039/2937/2501 2036/2930/2494
f 2522/2938/2502 2051/2939/2503 2030/2940/2504
f 2024/2886/2445 2012/2817/2371 2029/2941/2505
f 2113/2942/2506 2124/2943/2507 2112/2906/2467
f 2029/2941/2505 2010/2819/2373 2052/2944/2508
f 2064/2818/2372 1811/2945/2509 1823/2946/2510
f 1924/2947/2511 2062/2806/2360 2061/2829/2383
f 2066/2948/2512 1956/2949/2513 2064/2818/2372
f 2065/2827/2381 1922/2950/2514 2066/2948/2512
f 2070/2951/2515 1939/2952/2516 2071/2813/2367
f 1976/2953/2517 2125/2954/2518 1975/2854/2409
f 2067/2803/2357 2014/2896/2455 2013/2847/2402
f 2073/2835/2389 1943/2955/2519 2075/2753/2308
f 1813/2956/2520 2060/2957/2521 1824/2866/2424
f 2074/2837/2391 1918/2958/2522 2065/2827/2381
f 2020/2754/2309 2074/2837/2391 2021/2826/2380
f 2011/2828/2382 2066/2948/2512 2012/2817/2371
f 1932/2959/2523 1975/2854/2409 2068/2853/2408
f 2113/2942/2506 2022/2960/2524 2116/2961/2525
f 2016/2925/2489 2071/2813/2367 2017/2860/2416
f 2072/2815/2369 1926/2962/2526 2073/2835/2389
f 2010/2819/2373 1823/2946/2510 1817/2963/2527
f 2030/2940/2504 2050/2871/2429 2031/2884/2443
f 1931/2964/2528 2068/2853/2408 2067/2803/2357
f 2076/2905/2466 2016/2925/2489 2022/2960/2524
f 2523/2965/2529 2121/2966/2530 1985/2967/2531
f 1985/2967/2531 2023/2968/2532 1991/2969/2533
f 1998/2975/2539 1999/2976/2540 2057/2977/2541
f 2524/2978/2542 2122/2979/2543 2523/2965/2529
f 1991/2969/2533 2516/2981/2545 2515/2982/2546
f 2004/2995/2559 2507/2996/2560 2518/2997/2561
f 2060/2957/2521 2007/2830/2384 2006/2867/2425
f 2521/2998/2562 1822/2999/2563 2051/2939/2503
f 2052/2944/2508 1817/2963/2527 1820/3000/2564
f 2008/2808/2362 2027/2846/2401 2034/2883/2442
f 2044/3002/2566 2519/3003/2567 2043/3004/2568
f 2116/2961/2525 2055/3005/2569 2110/3006/2570
f 1986/3007/2571 2030/2940/2504 2035/2928/2492
f 2032/3008/2572 2002/3009/2573 2040/3010/2574
f 2059/3011/2575 1993/2927/2491 2026/2929/2493
f 2041/2924/2488 2019/2752/2307 2033/2922/2486
f 2049/3012/2576 2003/3013/2577 2032/3008/2572
f 2046/3014/2578 2004/3015/2579 2049/3012/2576
f 2040/3010/2574 2001/3016/2580 2044/3002/2566
f 2037/2933/2497 2528/3017/2581 2059/3011/2575
f 2006/2867/2425 2031/2884/2443 2050/2871/2429
f 2025/2900/2459 2507/3018/2582 2046/3014/2578
f 2053/3019/2583 1994/3020/2584 2028/2898/2457
f 1928/3021/2585 2063/2909/2471 2062/2806/2360
f 2077/2935/2499 2039/2937/2501 2056/2895/2454
f 2054/3022/2586 2110/3006/2570 2055/3005/2569
f 2022/2960/2524 2042/2926/2490 2055/3005/2569
f 2127/2936/2500 2056/2895/2454 2126/3023/2589
f 2026/2929/2493 2034/2883/2442 2027/2846/2401
f 2053/3019/2583 1820/3000/2564 1819/3024/2590
f 2025/2900/2459 2029/2941/2505 2028/2898/2457
f 2035/2928/2492 2031/2884/2443 2034/2883/2442
f 2038/2931/2495 2036/2930/2494 2039/2937/2501
f 2527/3025/2591 2038/2931/2495 2077/2935/2499
f 2037/2933/2497 2058/2845/2400 2036/2930/2494
f 2044/3002/2566 2042/2926/2490 2045/2923/2487
f 2044/3002/2566 2041/2924/2488 2040/3010/2574
f 2040/3010/2574 2033/2922/2486 2032/3008/2572
f 2047/2885/2444 2049/3012/2576 2048/2897/2456
f 2048/2897/2456 2032/3008/2572 2033/2922/2486
f 2046/3014/2578 2024/2886/2445 2025/2900/2459
f 2051/2939/2503 1821/2872/2430 2050/2871/2429
f 2028/2898/2457 2052/2944/2508 2053/3019/2583
f 1984/3026/2592 2115/3027/2593 2054/3022/2586
f 2043/3004/2568 2055/3005/2569 2042/2926/2490
f 2126/3023/2589 2120/2852/2407 2128/3028/2594
f 2059/3011/2575 2027/2846/2401 2058/2845/2400
f 1819/3024/2590 1988/3029/2595 2053/3019/2583
f 1857/3030/514 2087/3031/514 1948/3032/514
f 2085/2913/514 1904/3033/514 2084/2915/514
f 1902/3034/514 2083/2680/514 1901/2679/514
f 1948/3032/514 1825/3035/514 1805/3036/514
f 1831/2765/2321 2083/2680/2320 1900/2764/2319
f 1828/3037/2191 2081/2662/2213 1869/3038/2189
f 1869/3038/2596 2081/2662/2210 2079/2655/2203
f 1878/3039/514 2082/2654/514 1902/3034/514
f 1915/3040/2597 2098/2780/2335 1977/3041/2598
f 2091/2791/2346 1950/3042/2599 1181/2789/2344
f 1857/3043/2600 2096/2790/2345 1915/3040/2597
f 1977/3041/2598 2095/2778/2333 1912/3044/2601
f 1901/3045/2602 2092/2763/2298 1902/3046/2603
f 1858/3047/2604 2093/2759/2314 1901/3045/2602
f 2146/2795/2605 2167/3048/2606 2168/3049/2607
f 2097/2745/2299 1807/3050/453 1950/3042/2599
f 1902/3051/2603 2089/2717/2267 1878/3052/2608
f 1869/2641/2609 2089/2717/2267 1859/2642/2266
f 1858/3053/514 2084/2915/514 1904/3033/514
f 2138/2689/2237 1882/2692/2240 2137/2798/2352
f 1847/2702/2250 2135/2805/2359 2134/2812/2366
f 2139/2797/2351 1935/3054/2610 2140/3055/2611
f 1206/2713/2262 2142/2691/2612 2141/2855/2410
f 2100/2714/2263 2140/3055/2611 2102/2888/2449
f 1936/2851/2406 2133/3056/2613 1934/2730/2614
f 2125/2954/2518 2116/2961/2525 2128/3028/2594
f 1975/2854/2409 2128/3028/2594 2120/2852/2407
f 2110/3006/2570 2128/3028/2594 2116/2961/2525
f 2115/3027/2593 2126/3023/2589 2110/3006/2570
f 2076/2905/2466 1938/3058/2617 2070/2951/2515
f 2529/3059/2618 2127/2936/2500 2115/3027/2593
f 2124/2902/2461 2118/2816/2448 2112/2887/2447
f 1967/2676/2227 2118/2816/2370 2123/2677/2228
f 1935/3054/2610 2132/3060/2619 2133/3056/2613
f 2159/3061/2620 1954/2799/2621 1812/2801/2622
f 1925/2865/2623 2134/2812/2366 1940/2863/2624
f 1941/2733/2625 2131/2786/2341 1917/2824/2626
f 1917/2824/2626 2130/2788/2343 1921/2825/2627
f 2099/2833/2387 2137/2798/2352 2101/2716/2265
f 1881/2756/2311 2137/2798/2352 1882/2692/2240
f 1835/2681/2229 2142/2691/2239 1834/2712/2628
f 2102/2888/2449 2144/2850/2405 2143/2843/2398
f 2140/3055/2611 2133/3056/2613 2144/2850/2405
f 2490/2882/2441 1929/2673/2629 1979/2880/2439
f 2165/3062/2630 1919/2810/2631 1927/2832/2632
f 2163/3063/2633 1927/2832/2632 1923/2869/2634
f 2161/3064/2635 1923/2869/2634 1954/2799/2621
f 1856/3065/2636 2005/2675/2226 1930/2904/2637
f 2130/2788/2343 1957/2820/2394 1921/2825/2627
f 2157/3066/2638 1930/2904/2637 1929/2673/2629
f 2043/3004/2568 1984/3026/2592 2054/3022/2586
f 1940/2863/2624 2135/2805/2359 1941/2733/2625
f 1934/2730/2614 2132/3060/2619 1925/2865/2623
f 1710/2856/2412 1961/1333/1144 1960/3067/2639
f 1856/3065/2636 1855/2920/2484 1830/2660/2208
f 2409/3068/2640 2078/2678/2641 1831/2765/2321
f 2408/3069/2642 1831/2765/2321 1909/3070/2643
f 1911/3071/2644 2187/3072/2645 2167/3048/2606
f 1855/2920/2484 2145/2710/2259 1830/2660/2208
f 2178/3073/2646 2107/2794/2647 2174/3074/2648
f 1911/3071/2649 2106/2726/2348 1913/3075/2650
f 2104/2781/2336 2176/3076/2651 2172/2782/2337
f 1912/3044/2601 2094/2777/2332 1904/3077/2652
f 2183/3078/2653 2168/2914/2475 2084/2915/2477
f 2179/3079/2654 2084/2915/2477 2078/2678/2641
f 2145/2710/2259 2407/3080/2655 1875/2705/2253
f 2148/2657/2656 2162/3081/2657 2160/3082/2658
f 2170/2727/2280 2105/3083/2659 2178/3073/2646
f 2173/3087/2663 2470/3088/2664 2414/3089/2665
f 2182/3090/2666 2151/2775/2330 2150/3091/2667
f 1945/3092/2668 2164/2842/2397 2162/3081/2657
f 2167/3093/2669 2187/3094/2670 2085/2913/2476
f 2181/3095/2671 2182/3096/2672 2086/2768/2673
f 2080/2766/2674 2156/3097/2675 2087/3031/2676
f 2180/3098/2677 2152/3099/2678 2184/3100/2679
f 2185/3101/2680 2086/2768/2673 2088/2793/2681
f 2169/2921/2485 1856/3065/2636 2157/3066/2638
f 2182/3096/2672 2080/2766/2674 2086/2768/2673
f 2090/2757/2312 1904/3077/2652 2094/2777/2332
f 1903/3102/2682 2090/2757/2312 2094/2777/2332
f 2152/3099/2678 2168/3049/2607 2184/3100/2679
f 1878/3039/514 1869/3038/514 2079/2655/514
f 2176/3076/2651 1877/3103/2683 2180/3098/2677
f 2185/3104/2684 2186/3105/2685 2153/2774/2329
f 2155/2917/2480 2150/3091/2667 2149/3106/2686
f 2183/3078/2687 2180/3107/2688 2184/3108/2689
f 2179/3079/2690 2176/3109/2691 2180/3107/2688
f 2173/3087/2692 2178/3110/2693 2174/3111/2694
f 2169/2921/2695 2178/3110/2693 2177/2919/2696
f 2175/3112/2697 2172/3113/2698 2176/3109/2691
f 2161/3064/2699 2160/3114/2700 2162/3115/2701
f 2165/3062/2702 2164/3116/2703 2166/3117/2704
f 2488/2881/2705 2166/3117/2704 2487/2910/2473
f 2163/3063/2706 2162/3115/2701 2164/3116/2703
f 2168/2914/2707 2183/3078/2687 2184/3108/2689
f 2169/2921/2695 2158/3118/2708 2170/3119/2709
f 2157/3066/2710 2489/2911/2474 2158/3118/2708
f 2154/3120/2711 2087/3031/2676 2156/3097/2675
f 2156/2918/2482 2147/2658/2712 2154/3121/2712
f 2088/2793/2681 2187/3094/2670 2185/3101/2680
f 2171/3124/2715 2471/3125/2716 2410/3126/2717
f 2455/3127/2718 2422/3128/2719 2452/3129/2720
f 2197/3130/2721 1898/2685/2233 1875/2705/2253
f 2484/3131/2722 1910/2742/2295 1908/2769/2322
f 1860/2840/2729 1953/2656/2204 2149/3106/2730
f 2213/1343/1154 2208/3142/2733 2215/3143/2734
f 2215/3143/2734 2207/3144/2735 2216/3145/2736
f 2207/3146/2735 2214/2545/2103 2216/3147/2736
f 2209/2544/2102 2204/3148/2737 2211/3149/2738
f 2204/3148/2737 2212/3150/2739 2211/3149/2738
f 2203/3151/2740 2210/1346/1157 2212/3152/2739
f 2204/3153/514 2205/3154/514 2208/3155/514
f 946/1277/2741 935/3156/2742 530/3157/2743
f 967/527/465 899/1126/2744 898/3158/2745
f 876/3159/934 1029/3160/935 1042/1482/934
f 840/3161/1033 917/1203/1029 532/3162/2746
f 543/1159/996 1028/1158/995 916/3163/2747
f 1039/2542/2100 2217/3164/1214 2219/3165/1214
f 2220/3166/1214 2222/1475/1214 2219/3165/1214
f 1039/2542/2100 1719/3167/1214 2218/2541/2098
f 2227/2184/1778 588/675/1781 2302/2185/1780
f 1034/635/871 2230/1487/1217 1036/1004/872
f 1035/3168/2748 2229/1486/1215 1034/635/546
f 2222/3169/2749 2225/3170/2750 2230/1450/1196
f 2223/1387/1184 701/3171/2751 883/1239/1063
f 898/3158/2745 2224/1237/1121 2234/1309/601
f 2232/948/1065 855/3172/2752 703/787/695
f 899/1126/961 2223/3173/2753 2224/1237/1060
f 505/775/680 2228/964/828 506/684/776
f 703/787/1055 2226/947/821 2232/948/822
f 898/3174/2745 2233/690/603 1035/1351/1159
f 1032/3175/2754 1794/2548/2107 545/3176/2755
f 1794/2548/2107 1775/2547/2106 545/3176/2755
f 2239/2556/2110 2309/3177/2756 2237/2609/2161
f 1032/912/2757 2238/3178/2758 2239/3179/2110
f 2236/2611/2163 2300/3180/336 2240/1471/1212
f 2240/1471/1212 2300/3180/336 2241/1469/336
f 1713/3181/2759 554/1470/1211 555/1156/994
f 554/1470/1211 2242/3182/2760 2240/1471/1212
f 2243/3183/2761 2240/1471/1212 2242/3182/2760
f 2244/3184/2762 2236/2611/2163 2243/3183/2761
f 2245/3185/2763 2237/2609/2161 2244/3184/2762
f 2295/3186/2764 2291/3187/2765 2250/3188/2766
f 2309/3189/2756 2278/3190/2767 2268/3191/2768
f 614/3192/2769 2295/3193/2770 2250/3194/2771
f 2299/3195/2772 2300/3196/2773 2301/3197/2774
f 2255/3198/2775 2273/3199/2776 2262/3200/2777
f 2288/3201/2778 2294/3202/2779 2281/3203/2780
f 2268/3204/2781 2256/3205/2782 2277/3206/2783
f 2303/3207/2784 831/3208/2785 2306/3209/2786
f 2302/3210/2787 2281/3211/2788 2290/3212/2789
f 2256/3205/2790 2246/3213/2791 832/3214/2792
f 2258/3215/2793 2259/3216/2794 2260/3217/2795
f 2252/3218/2796 2270/3219/2797 2280/3220/2798
f 2269/3221/2799 2296/3222/2800 2270/3223/2801
f 2253/3224/2802 2252/3218/2803 623/3225/2804
f 613/3226/2805 2303/3207/2784 2304/3227/2806
f 2258/3228/2793 2249/3229/2807 614/3230/2808
f 836/3231/2809 2265/3232/2810 2259/3233/2794
f 2291/3187/2765 2285/3234/2811 825/3235/2812
f 2251/3236/2776 2272/3237/2813 2273/3199/2776
f 2266/3238/2814 2259/3216/2815 2275/3239/2815
f 2254/3240/2816 2268/3204/2781 2278/3241/2817
f 2269/3242/2818 2254/3240/2816 2278/3241/2817
f 2257/3243/2819 2253/3224/2802 2246/3213/2791
f 537/3244/2820 2272/3245/2821 2271/3246/2822
f 537/3247/2820 2273/3199/2823 2272/3237/2821
f 537/3247/2820 2262/3200/2824 2273/3199/2823
f 2248/3248/2825 2279/3249/2826 2271/3250/2827
f 615/3251/2828 2285/3252/2829 2265/3253/2830
f 2279/3249/2826 2264/3254/2831 2263/3255/2832
f 2274/3256/2833 2297/3257/2834 2275/3239/2835
f 2217/3258/2836 2287/3259/2837 2299/3260/2838
f 2276/3261/2839 2260/3217/2840 2266/3238/2814
f 623/3225/2804 2280/3220/2841 2302/3262/2841
f 2286/3263/2842 2265/3264/2843 2285/3265/2844
f 2249/3266/2845 2267/3267/2846 2295/3193/2847
f 2255/3198/2775 2263/3255/2832 2264/3254/2831
f 1025/3268/2848 2275/3239/2835 2297/3257/2834
f 2292/3269/2849 2267/3270/2846 2287/3271/2850
f 2270/3272/2851 2220/3273/2852 2288/3274/2853
f 2271/3275/2822 2225/3276/2854 537/3277/2820
f 2289/3278/2855 2219/3279/2856 2301/3280/2857
f 2284/3281/2858 2256/3205/2782 2283/3282/2859
f 2220/3283/2860 2282/3284/2861 2288/3201/2862
f 2287/3259/2837 2241/3285/2863 2299/3260/2838
f 2286/3286/2842 2292/3269/2849 2287/3271/2850
f 2293/3287/2864 2284/3288/2858 2283/3289/2859
f 2289/3278/2855 2300/3290/2865 2284/3291/2866
f 2291/3292/2867 2283/3293/2868 2250/3188/2869
f 2247/3294/2870 2305/3295/2871 2302/1521/2872
f 822/3296/2873 2306/3209/2786 831/3208/2785
f 2263/3255/2874 537/3247/2820 2221/3297/2875
f 832/3214/2792 2283/3282/2876 2256/3205/2790
f 825/3298/2877 2281/3299/2878 2294/3300/2879
f 2294/3301/2880 2291/3292/2867 825/3302/2881
f 2272/3237/2813 2248/3248/2825 2271/3250/2827
f 2307/3303/2882 613/3226/2805 2304/3227/2806
f 2305/3304/2871 2261/3305/2883 2306/3209/2786
f 2298/3306/2884 2266/3238/2885 1025/3268/2848
f 2264/3307/2886 2304/3227/2806 2255/3308/2887
f 2219/3309/2888 2299/3195/2772 2301/3197/2774
f 2297/3310/2889 2286/3263/2890 2217/3311/2891
f 2280/3312/2892 2288/3313/2778 2281/3211/2780
f 2293/3287/2864 2282/3314/2893 2289/3315/2894
f 2302/3316/2895 2305/3304/2871 822/3296/2873
f 2225/3317/2854 2263/3318/2896 2221/3319/2897
f 2304/3227/2806 2251/3320/2898 2255/3308/2887
f 2251/3320/2898 2306/3209/2786 2261/3305/2883
f 2307/3303/2899 2247/3321/2870 2302/3316/2872
f 2259/3216/2815 2274/3256/2843 2275/3239/2815
f 2267/3322/2900 2298/3323/2901 2241/3324/2902
f 2278/3190/2767 2308/3325/2903 2269/3326/2799
f 2235/3327/2904 2268/3191/2768 2277/3328/2905
f 2300/3329/2906 2277/3328/2905 2284/3330/2907
f 707/796/1964 695/2395/2908 2320/2399/1962
f 2317/3331/2909 2330/3332/2910 2318/1692/1338
f 1608/2394/2911 1625/2370/1929 1628/2372/1931
f 2321/3333/2912 2327/3334/2913 2315/2362/1919
f 2318/3335/1338 2329/716/2914 2310/629/540
f 2314/3336/2915 1590/2361/2916 1613/2406/2917
f 2315/2362/1919 2323/2366/1923 2311/2365/1922
f 2331/2347/2918 716/715/2078 715/2348/2079
f 2313/3337/2919 713/1338/1949 2319/1337/2919
f 2319/1337/1148 2324/3338/2920 2331/2347/2918
f 2310/629/2921 636/1336/2041 635/630/2922
f 2314/3339/2923 1602/2344/1974 2313/3337/2924
f 2326/645/2925 696/1187/1933 710/797/1963
f 2330/3332/2910 503/2489/2056 959/2488/2055
f 2332/2416/2926 1587/2354/1912 2327/3334/2913
f 2327/3334/2913 1626/2368/2032 2323/2366/1923
f 2333/3340/2927 2321/3333/2928 2314/3336/2915
f 2325/2398/1906 2319/1337/2919 2331/2347/1906
f 2330/3341/2910 598/717/2081 2329/716/2914
f 2324/3338/2929 2310/629/2921 2329/716/622
f 2333/3342/2930 2313/3337/2924 2325/2398/1961
f 2323/2366/1923 1591/2427/2931 2328/2364/1921
f 2316/2522/2932 2334/2381/1941 2335/3343/2933
f 2335/3344/2934 2326/645/555 2320/2399/2935
f 1609/3345/2936 2320/2399/2935 695/2395/1955
f 1599/2387/2937 2335/3343/2933 1609/2420/1994
f 539/578/504 910/3346/2938 908/574/500
f 2220/3347/2939 2225/3348/2940 2221/3349/2941
f 1440/3350/2942 1435/2158/2943 1432/3351/2944
f 522/526/847 1242/2893/2452 1216/3422/845
f 1520/3423/451 1529/3424/451 1516/3425/451
f 2173/3087/2663 2415/3426/3015 2407/3080/2655
f 2416/3427/3016 2417/3428/3017 1875/2705/2253
f 2197/3130/2721 1875/2705/2253 2417/3428/3017
f 2408/3069/2642 2411/3429/3018 2171/3124/2715
f 2177/2919/2483 2407/3080/2655 2145/2710/2259
f 2416/3427/3016 2407/3080/2655 2415/3426/3015
f 2171/3124/2715 2409/3068/2640 2408/3069/2642
f 2408/3069/2642 2419/3430/3018 2412/3431/2716
f 2179/3079/2654 2409/3068/2640 2175/3112/3019
f 2419/3430/3018 1909/3070/2643 2420/3432/3018
f 2421/3433/3020 2420/3432/3018 1909/3070/2643
f 2424/3434/3021 2412/3435/3022 2423/3436/3023
f 2426/3437/3024 2470/3438/3025 2476/3439/3026
f 2475/3440/3027 2410/3441/3028 2471/3442/3029
f 2426/3437/3024 2415/3443/3030 2414/3444/3031
f 2427/3445/3032 2416/3446/3033 2415/3443/3030
f 2429/3447/3034 2197/3448/3035 2417/3449/3036
f 2423/3436/3023 2419/3450/3037 2431/3451/3038
f 2428/3452/3039 2417/3449/3036 2416/3446/3033
f 2431/3451/3038 2420/3453/3040 2432/3454/3041
f 2432/3454/3041 2421/3455/3042 2433/3456/3043
f 1898/2685/2233 2441/3457/3044 2485/2684/2232
f 1910/2742/2295 2421/3433/3020 1909/3070/2643
f 2433/3456/3043 2444/3458/3045 2449/3459/3046
f 838/3460/3047 521/525/463 839/3461/3048
f 2198/3462/3049 2449/3463/3050 2466/3464/3051
f 2430/3465/3052 2440/3466/3053 2197/3448/3035
f 2199/3469/3056 2433/3470/3057 2198/3462/3049
f 2199/3469/3056 2431/3471/3058 2432/3472/3059
f 2196/3473/3060 2428/3474/3061 2195/3475/3062
f 2191/3476/3063 2423/3477/3064 2431/3471/3058
f 2418/3478/3065 2429/3479/3066 2196/3473/3060
f 2195/3475/3062 2427/3480/3067 2194/3481/3068
f 2194/3481/3068 2426/3482/3069 2192/3483/3070
f 2452/3129/2720 2475/3484/3071 2474/3485/3072
f 2192/3483/3070 2476/3486/3073 2473/3487/3074
f 2190/3488/2724 2455/3127/3075 2452/3129/3076
f 2189/3489/3077 2424/3490/3078 2423/3477/3064
f 2440/3491/3079 2442/3492/3080 1898/2685/2233
f 2442/3492/3080 2441/3457/3044 1898/2685/2233
f 2443/2741/2294 2445/3493/3081 1910/2742/2295
f 2445/3493/3081 2444/3494/3082 1910/2742/2295
f 2441/2737/2291 2448/3495/3083 2447/2738/2292
f 2442/3496/3084 2446/3497/3085 2448/3495/3083
f 2450/3498/3086 2465/3499/3087 2451/3500/3088
f 2451/3500/3088 2466/3464/3051 2449/3463/3050
f 2447/3501/3089 2467/3502/3090 2468/3503/3091
f 2448/3504/3092 2469/3505/3093 2467/3502/3090
f 2443/3506/3094 2451/3507/3095 2445/3508/3096
f 2445/3508/3096 2449/3459/3046 2444/3458/3045
f 2469/3505/3093 2430/3509/3097 2418/3478/3065
f 2434/3510/3098 2464/3511/3099 2468/3503/3100
f 2453/3133/2717 2189/3489/2717 2454/3512/2717
f 2477/3513/3101 2192/3483/3102 2473/3487/3103
f 2190/3514/2724 2474/3485/3018 2478/3515/2717
f 2456/3516/3054 2194/3481/3104 2192/3483/3102
f 2457/3468/3055 2195/3475/3105 2194/3481/3104
f 2459/3122/3106 2418/3478/3107 2196/3473/3108
f 2454/3512/2717 2191/3476/2723 2461/3136/2725
f 2459/3122/3106 2195/3475/3105 2458/3138/3109
f 2462/3137/3110 2191/3476/2723 2199/3469/3111
f 2462/3137/3110 2198/3462/3112 2463/3517/3113
f 2439/3518/3114 2464/3511/3099 2438/3084/3115
f 2439/3518/3114 2466/3464/3116 2465/3499/3117
f 2436/3141/3118 2468/3503/3100 2467/3502/3119
f 2435/3140/3120 2467/3502/3119 2469/3505/3121
f 2460/3519/3122 2469/3505/3121 2418/3478/3107
f 2463/3517/3113 2466/3464/3116 2437/3521/3124
f 2478/3515/2717 2193/3522/3018 2453/3523/2717
f 2188/3524/3123 2473/3487/3103 2455/3127/3075
f 2455/3127/2718 2476/3486/3073 2425/3525/3125
f 2474/3485/3072 2424/3490/3078 2193/3522/3126
f 2424/3434/3021 2471/3442/3029 2411/3526/3127
f 2476/3439/3026 2413/3527/3128 2425/3528/3129
f 2410/3126/3028 2172/3113/2698 2171/3124/3130
f 2464/3511/3133 2447/3501/3089 2468/3503/3091
f 1871/2667/2216 1906/2770/2323 1907/2740/2325
f 2484/3131/2722 1854/2671/2222 1897/2670/2221
f 2174/3074/2648 2107/2794/2647 2425/3530/3137
f 2104/2781/2336 2425/3530/3137 2107/2794/2647
f 2104/2781/3138 2146/2795/2349 2152/3099/3139
f 2108/3531/3140 2152/3099/3139 1877/3103/3141
f 1972/1792/1436 1886/2706/2254 1849/2707/2255
f 2518/2997/2561 2519/3532/3142 2001/3533/3143
f 2001/3533/3143 2002/3534/3144 2518/2997/2561
f 2002/3534/3144 2003/3535/3145 2518/2997/2561
f 2003/3535/3145 2004/2995/2559 2518/2997/2561
f 2057/2977/2541 2524/2978/2542 2000/3536/3146
f 2000/3536/3146 1997/3537/3147 2057/2977/2541
f 1997/3537/3147 1998/2975/2539 2057/2977/2541
f 1959/1793/1438 2101/2716/2265 1962/2715/2264
f 1235/1833/1485 1241/1802/1452 1234/1835/2111
f 1999/2976/2540 2129/3057/3148 2057/2977/2541
f 2149/3106/2730 1914/3538/3149 1860/2840/2729
f 2491/3539/3150 2487/3540/3151 2486/3541/3152
f 2166/2841/2396 2486/3541/3152 2487/3540/3151
f 2486/3541/3153 2150/3091/3154 2151/2775/3155
f 2491/3539/3156 2151/2775/3155 2153/2774/3157
f 2153/2774/3157 1911/3071/2649 1913/3075/2650
f 2489/3542/3158 1913/3075/3159 2158/2725/2278
f 2413/3543/3128 2174/3111/2694 2425/3544/3129
f 1955/3545/3160 2061/2829/2383 2060/2957/2521
f 2141/1806/1458 1207/1054/1432 1206/1788/1431
f 1167/1763/1405 2494/1804/1455 1190/1764/1406
f 1190/3546/1414 2493/1703/1412 1196/1705/1415
f 1193/1754/3161 2495/1055/890 1711/1729/1398
f 2501/1813/1471 2500/1824/1476 2503/1825/1479
f 2505/3547/3162 2498/1821/1296 2502/1727/1296
f 1228/3548/1324 2497/3549/1326 1229/3550/1326
f 1229/3550/1326 2498/1821/1296 1146/1820/1296
f 1168/1826/3163 1145/3551/1295 2499/1819/1474
f 1177/1779/3164 2503/1825/1479 1178/1784/1478
f 2505/3547/3162 1207/1054/889 1167/1763/3165
f 1161/3552/1294 2500/1824/1476 1233/1823/1292
f 2496/1822/1475 2504/1755/1326 2497/3549/1326
f 2497/3549/1326 2502/1727/1296 2498/1821/1296
f 1168/1826/3163 2505/3547/3162 1167/1763/3165
f 994/3553/3166 992/3554/3166 996/3555/3166
f 2511/2991/3167 2518/2997/2561 2507/2996/2560
f 2510/2993/3168 1815/3556/3169 2506/3557/3170
f 2511/2991/3167 1994/3558/3171 2512/2988/3172
f 2511/2991/3167 2507/2996/2560 1995/3559/3173
f 2512/2988/3172 1988/3560/3174 2510/2993/3168
f 1987/2970/2534 2517/3561/2554 2509/3562/2553
f 1990/2980/2544 2518/3563/2561 1992/3564/2556
f 1989/2858/2414 1992/3564/2556 2517/3561/2554
f 2520/3001/2565 2509/3562/2553 1814/3565/2558
f 1996/3566/3175 2518/3563/2561 2508/2973/2537
f 1985/2967/3176 2521/3567/3177 2522/3568/3178
f 2524/2978/3179 1986/3569/3180 1993/3570/3181
f 2523/2965/3182 2522/3568/3178 1986/3569/3180
f 1997/3537/3183 2526/3571/3184 1998/2975/3185
f 1999/2976/3186 2526/3571/3184 2527/3572/3187
f 1997/3537/3183 2528/3573/3188 2525/3574/3189
f 1991/2969/2533 1816/3575/3190 2521/3567/3177
f 2530/2972/2536 2529/3576/3191 1984/3577/3192
f 2000/3536/3193 1993/3570/3181 2528/3573/3188
f 2129/3057/3194 2529/3576/3191 2109/2984/2548
f 1999/2976/3186 2531/3578/3195 2129/3057/3194
f 1996/3566/3175 1984/3577/3192 2519/3579/3142
f 2546/3580/3196 2543/3581/3197 2627/3582/3198
f 2532/1657/336 2539/3583/3199 2534/3584/3200
f 2532/1657/3201 2561/3585/3201 2548/1657/3201
f 2592/3586/3202 2547/3587/3203 2546/3580/3204
f 2535/3588/3205 2565/3589/3201 2537/3590/3201
f 2607/3591/3206 2568/3592/3207 2611/3593/3208
f 2609/3594/3209 2557/3595/3210 2610/3596/3211
f 2611/3593/3208 2564/3597/3212 2609/3594/3209
f 2580/3598/3213 2538/3599/3214 2540/3600/3213
f 2584/3601/3215 2546/3580/3204 2545/3602/3216
f 2604/3603/3217 2538/3599/3214 2575/3604/3218
f 2539/3583/3199 2536/3605/3219 2534/3584/3200
f 2536/3605/3219 2540/3600/3220 2537/3590/3221
f 2537/3590/3221 2538/3599/3222 2535/3588/3196
f 2637/3606/3201 2534/3584/3201 2536/3605/3201
f 2539/3583/3213 2640/3607/3213 2541/3608/3213
f 2603/3609/3223 2613/3610/3224 2599/3611/3223
f 2570/3612/3213 2533/1685/3213 2553/1685/3213
f 2543/3581/3225 2600/3613/3225 2544/3614/3225
f 2627/3582/3226 2596/3615/3227 2628/3616/3226
f 2544/3614/3228 2596/3615/3227 2542/3617/3229
f 2588/3618/3230 2535/3588/3205 2547/3587/3231
f 2541/3619/3213 2580/3598/3213 2540/3600/3213
f 2564/3597/3232 2559/3620/3233 2557/3595/3234
f 2566/3621/3235 2558/3622/3236 2559/3620/3233
f 2567/3623/3237 2556/3624/3238 2558/3622/3236
f 2568/3592/3239 2562/3625/3240 2569/3626/3241
f 2569/3626/3241 2563/3627/3242 2636/3628/3243
f 2636/3628/3244 2561/3585/3245 2637/3606/3246
f 2578/3629/3247 2573/3630/3248 2571/3631/3249
f 2638/3632/3250 2572/3633/3251 2573/3630/3248
f 2639/3634/3252 2570/3612/3253 2572/3633/3253
f 2579/3635/3254 2638/3636/3250 2578/3629/3247
f 2581/3637/3255 2639/3634/3256 2638/3636/3250
f 2582/3638/3257 2640/3607/3258 2639/3634/3252
f 2579/3635/3254 2576/3639/3259 2581/3637/3255
f 2581/3637/3255 2577/3640/3260 2582/3638/3261
f 2582/3638/3257 2575/3604/3262 2580/3598/3263
f 2560/3641/3264 2551/3642/3265 2562/3625/3240
f 2562/3625/3240 2550/1657/3266 2563/3627/3242
f 2563/3627/3267 2548/1657/3268 2561/3585/3245
f 2553/1685/3269 2572/3633/3253 2570/3612/3253
f 2555/1685/3270 2573/3630/3248 2572/3633/3251
f 2554/3643/3271 2571/3631/3249 2573/3630/3248
f 2603/3609/3272 2601/3644/3273 2605/3645/3274
f 2605/3645/3274 2602/3646/3275 2606/3647/3276
f 2602/3646/3275 2604/3603/3277 2606/3647/3276
f 2599/3611/3278 2597/3648/3279 2601/3644/3273
f 2601/3644/3273 2598/3649/3280 2602/3646/3275
f 2602/3646/3275 2596/3615/3281 2600/3613/3282
f 2591/3650/3283 2585/3651/3284 2583/3652/3285
f 2593/3653/3286 2586/3654/3287 2585/3651/3284
f 2594/3655/3288 2584/3601/3289 2586/3654/3287
f 2587/3656/3290 2593/3653/3286 2591/3650/3283
f 2589/3657/3291 2594/3655/3288 2593/3653/3286
f 2594/3655/3288 2588/3618/3292 2592/3586/3293
f 2556/3624/3238 2590/3658/3294 2558/3622/3236
f 2558/3622/3236 2589/3657/3291 2559/3620/3233
f 2559/3620/3233 2587/3656/3290 2557/3595/3234
f 2628/3616/3295 2598/3649/3280 2631/3659/3296
f 2631/3659/3296 2597/3648/3279 2632/3660/3297
f 2632/3660/3297 2595/3661/3298 2633/3662/3299
f 2575/3604/3262 2606/3647/3276 2604/3603/3300
f 2577/3640/3260 2605/3645/3274 2606/3647/3276
f 2576/3639/3259 2603/3609/3272 2605/3645/3274
f 2571/3631/3301 2615/3663/514 2612/3664/3301
f 2560/3641/3206 2608/3665/514 2549/3666/514
f 2626/3667/3302 2609/3594/3209 2623/3668/3303
f 2623/3668/3303 2610/3596/3211 2625/3669/3304
f 2624/3670/3305 2611/3593/3208 2626/3667/3302
f 2612/3664/3301 2578/3629/3306 2571/3631/3301
f 2616/3671/3307 2574/3672/3308 2579/3635/3309
f 2614/3673/3310 2579/3635/3309 2578/3629/3306
f 2612/3664/3301 2634/3674/514 2629/3675/3311
f 2633/3662/3312 2613/3610/3224 2630/3676/3313
f 2591/3650/3314 2583/3652/3315 2610/3596/3211
f 2557/3595/3210 2587/3656/3314 2610/3596/3211
f 2587/3656/3314 2591/3650/3314 2610/3596/3211
f 2574/3672/3308 2613/3610/3224 2603/3609/3223
f 2613/3610/3224 2595/3661/3316 2599/3611/3223
f 2583/3652/3315 2625/3669/3304 2610/3596/3211
f 2607/3591/3206 2622/3677/514 2608/3665/514
f 2624/3670/3305 2641/3678/3317 2629/3675/3311
f 2623/3668/3303 2630/3676/3313 2635/3679/3318
f 2626/3680/3302 2635/3681/3318 2641/3682/3317
f 2620/3683/3319 2583/3652/3285 2585/3651/3284
f 2619/3684/3320 2585/3651/3284 2586/3654/3287
f 2618/3685/3321 2586/3654/3287 2584/3601/3289
f 2584/3601/3215 2617/3686/3226 2618/3685/3226
f 2641/3687/3317 2616/3671/3307 2614/3673/3310
f 2635/3679/3318 2613/3610/3224 2616/3671/3307
f 2629/3675/3311 2614/3673/3310 2612/3664/3301
f 2621/3688/3315 2630/3676/3313 2625/3669/3304
f 2629/3675/3311 2622/3677/514 2624/3670/3305
f 2620/3683/3319 2633/3662/3299 2621/3688/3322
f 2619/3684/3320 2632/3660/3297 2620/3683/3319
f 2618/3685/3321 2631/3659/3296 2619/3684/3320
f 2618/3685/3226 2627/3582/3226 2628/3616/3226
f 2567/3623/3237 2637/3606/3246 2565/3589/3323
f 2566/3621/3235 2636/3628/3243 2567/3623/3324
f 2564/3597/3232 2569/3626/3241 2566/3621/3235
f 2565/3589/3201 2536/3605/3201 2537/3590/3201
f 2818/343/3325 2998/344/3326 2999/3689/3327
f 2683/346/3328 2810/347/3329 2782/428/3330
f 2692/350/3331 2915/349/3332 3291/351/3333
f 3292/354/336 4385/3690/336 4390/352/336
f 2768/356/3334 2647/355/3335 2779/357/3336
f 2643/358/3337 2645/348/3338 2644/359/3339
f 2646/361/3340 2642/360/3341 2808/362/3342
f 2810/347/3329 2645/348/3338 2643/358/3337
f 2648/363/3343 2650/365/3344 2649/364/3345
f 2843/366/3346 2871/368/3345 2872/367/3345
f 2653/369/3347 2946/371/3345 2658/370/3348
f 2662/372/3349 2655/374/3350 2725/373/3351
f 2814/375/3352 2656/377/3353 2706/376/3354
f 2724/378/3355 2859/380/3356 2860/379/3357
f 2817/381/3349 2660/383/3358 2812/382/3351
f 2706/384/3359 2656/386/3360 2657/385/3361
f 2658/387/3362 2864/389/3362 2972/388/3362
f 2812/382/3359 2660/383/3360 2659/390/3363
f 2972/391/3364 2864/393/3365 2839/392/3366
f 2813/394/3367 2661/396/3368 2865/395/3369
f 2655/397/3350 2662/399/3349 2897/398/3370
f 2662/399/3371 2794/401/1225 2663/400/3345
f 2841/402/3345 2665/404/3345 2959/403/3345
f 2841/402/3345 2959/403/3345 2666/405/3345
f 2898/406/3345 2668/408/3345 2667/407/3345
f 2898/406/3345 2667/407/3345 2669/409/3345
f 2960/410/3345 2671/412/3345 2670/411/3345
f 2670/411/3345 2671/412/3345 2672/413/3345
f 2836/414/3345 2674/416/3345 2673/415/3345
f 2836/414/3345 2673/415/3345 2952/417/3345
f 2675/418/3345 2676/420/1225 2659/419/3372
f 2941/421/3345 2678/423/3345 2677/422/3345
f 2677/422/3345 2678/423/3345 2954/424/3345
f 3748/425/3373 2682/426/3374 2881/2395/3375
f 2782/428/3330 2884/427/3376 2683/346/3328
f 2684/430/3377 2659/419/3363 2660/431/3360
f 2653/432/3378 2904/434/3379 2685/433/3380
f 2686/435/3381 2687/437/3382 2906/436/3383
f 2978/438/3384 2689/440/3385 2688/439/3386
f 2978/438/3384 2690/441/3387 2689/440/3385
f 3290/442/3388 2691/444/3389 2911/443/3390
f 2692/350/3331 2917/446/3391 2693/445/3392
f 2975/447/3393 2694/449/3394 2920/448/3395
f 2919/450/3396 2676/452/3397 2921/451/3398
f 2940/453/3396 2695/455/3397 2939/454/3399
f 2794/456/3400 2924/458/3401 2696/457/3402
f 2923/459/3403 2697/461/3404 2922/460/3405
f 2698/462/3406 2700/464/3407 2699/463/3408
f 2698/462/3406 2926/465/3409 2700/464/3407
f 3289/466/3410 2702/468/3411 2930/467/3412
f 2976/469/3413 2703/471/3414 2935/470/3415
f 2704/472/3416 2707/474/3417 2938/473/3418
f 2924/475/3419 2725/477/3420 2697/476/3421
f 3737/478/3422 3844/479/3423 3734/980/3424
f 2812/481/3425 2919/483/3426 2975/482/3427
f 2919/483/3426 2694/484/3428 2975/482/3427
f 2923/485/3429 2924/475/3419 2697/476/3421
f 2940/486/3430 2707/488/3431 2704/487/3432
f 2686/489/3433 2904/491/3434 2687/490/3435
f 2645/348/3338 3809/492/3436 2644/359/3339
f 2712/493/3437 2983/495/3437 2713/494/3437
f 2983/496/3438 2980/498/3439 2713/497/3440
f 2716/499/3441 2982/501/3442 2998/500/3443
f 2982/502/3444 2999/504/3327 2998/503/3326
f 2654/505/451 2717/507/451 2858/506/451
f 2718/508/451 2717/507/451 2654/505/451
f 2719/509/3445 2721/511/453 2720/510/453
f 2720/510/453 2721/511/453 2722/512/453
f 3105/513/3446 3106/514/3447 2697/476/3421
f 3105/513/3446 2697/476/3421 2725/477/3420
f 2859/516/3448 2723/515/3449 3607/517/3450
f 3839/518/451 2655/520/451 3613/519/451
f 3014/521/3451 3016/523/3452 3092/522/3453
f 3020/524/3454 2727/526/3455 2726/525/3456
f 3143/527/3457 2729/529/3458 2728/528/3459
f 2730/530/453 3118/532/453 3022/531/453
f 3095/534/3460 2759/533/3461 3197/535/3462
f 3022/531/453 3118/532/453 2844/536/453
f 2718/508/3463 2793/538/3463 2736/537/3463
f 2847/539/3464 2722/512/3464 3115/540/3464
f 2730/541/3465 3057/543/3465 3115/542/3465
f 2732/544/3466 2733/546/3467 3121/545/3468
f 2734/547/3469 2717/549/3470 3121/548/3471
f 2721/550/3472 3116/552/3473 2735/551/3474
f 3125/553/3475 3118/555/3476 2735/554/3477
f 2736/556/3478 2737/558/3478 3119/557/3478
f 4318/559/3479 2647/355/3480 3011/560/3481
f 2739/561/3482 3081/563/3483 3082/562/3484
f 2739/561/3482 3082/562/3484 3084/564/3485
f 2739/561/3482 2728/528/3486 3079/565/3487
f 2739/561/3482 3079/565/3487 3081/563/3483
f 2756/566/3488 1727/567/336 3198/572/3489
f 2756/570/3490 3211/569/3491 3200/571/3491
f 3198/572/3489 1728/573/336 3215/704/3492
f 3087/574/3493 2741/575/3494 3086/1465/3495
f 3087/574/3493 2743/577/3496 2744/576/3497
f 3087/574/3493 2742/578/3498 2743/577/3496
f 2726/579/3499 2759/581/3500 3096/580/3501
f 3098/583/3502 3100/582/3503 2753/584/3504
f 3144/585/3505 2748/587/3506 2747/586/3507
f 2749/588/514 2741/590/514 2750/589/514
f 2741/590/514 2744/591/514 2750/589/514
f 2751/592/3508 3144/585/3505 2747/586/3507
f 2750/593/516 1719/594/516 1731/3691/516
f 2749/588/514 1731/596/514 535/3692/514
f 3202/597/3509 1729/598/518 3216/2535/3510
f 3144/585/3511 2751/592/3511 3143/600/3511
f 3109/601/451 2732/602/451 3119/557/451
f 3309/603/3512 3109/604/3513 2820/3693/3514
f 2767/607/3515 2765/606/3516 2770/608/3517
f 2765/606/3516 2763/609/3518 2766/780/3519
f 3289/466/3410 2701/611/3520 3288/612/3521
f 2994/614/3522 2838/613/3523 2835/615/3522
f 3885/616/3524 2771/617/3525 2772/1124/3526
f 2940/620/3527 2938/619/3528 2707/621/3529
f 2716/622/3530 2986/623/3345 2980/3694/3531
f 2989/626/3532 2992/625/3523 2990/627/3522
f 4378/629/3533 2738/628/3534 2821/630/3535
f 2979/631/3523 2644/359/3339 3809/492/3436
f 2982/633/3536 2839/392/3537 2999/3695/3538
f 3203/635/3539 2751/634/3540 2747/636/3540
f 2764/610/3541 2781/637/3542 2780/638/3543
f 2767/607/3515 2779/357/3336 2781/637/3542
f 2778/639/3544 2764/610/3541 2780/638/3543
f 3088/640/3545 3072/641/3546 3045/1118/3547
f 4402/643/3548 3758/644/3549 3769/2429/3550
f 3144/647/3551 3145/646/3552 3139/648/3553
f 2692/649/3345 2973/650/3554 2974/901/3555
f 2645/348/3338 2776/652/3556 2775/653/3557
f 2986/623/3558 2713/654/3440 2980/3694/3439
f 2715/657/3559 3713/656/3560 3711/658/3561
f 3130/660/3562 3219/659/3563 2762/661/3564
f 3107/662/3565 3105/664/3566 3839/663/3567
f 2831/665/3568 2780/638/3543 2781/637/3542
f 2781/637/3542 2829/666/3569 2831/665/3568
f 2845/667/3570 2848/668/3571 2847/539/3572
f 2860/379/3573 2706/376/3574 2724/378/3574
f 2657/385/3575 2812/382/3574 2706/384/3574
f 2797/670/3576 2778/639/3544 2854/748/3577
f 3886/672/3578 2777/671/3579 2797/670/3576
f 2904/674/3580 2658/387/3348 2972/388/3581
f 2774/675/3582 2642/360/3341 2773/1235/3583
f 2643/358/3584 2799/676/3585 2798/677/3586
f 2802/678/3587 2801/679/3588 2803/958/3589
f 3084/564/3485 3147/681/3590 2739/561/3482
f 3010/683/3591 2711/684/3592 2810/347/3593
f 2643/358/3584 3010/683/3591 2810/347/3593
f 2712/686/3594 2715/657/3559 2983/3696/3595
f 2744/689/3596 4306/688/3597 4305/690/3598
f 2659/390/3372 2919/691/3599 2812/382/3600
f 2816/693/3345 2814/694/3575 2860/984/3573
f 2900/697/3601 3716/696/3602 2824/698/3603
f 3235/700/3604 3233/699/3605 3238/701/3606
f 3215/704/3492 3100/703/3607 3101/702/3608
f 3810/706/3609 3849/705/3345 3736/707/3345
f 2906/436/3383 2973/708/3610 2905/709/616
f 2744/689/3596 3091/710/3611 2745/3697/3612
f 2970/712/3613 817/713/620 567/774/620
f 2902/715/3614 4397/716/3615 4392/3338/3616
f 2712/719/3594 3808/718/3345 2785/720/3617
f 2824/698/3603 3811/721/3618 2900/697/3601
f 2826/722/3619 2825/723/3620 2827/729/3621
f 2830/726/3622 2788/725/3623 2786/727/3624
f 2833/728/3625 2827/729/3621 2825/723/3620
f 2996/731/3626 2990/627/3627 2992/625/3628
f 2789/730/3629 2834/733/3630 2790/2329/3631
f 2786/727/3624 2834/733/3630 2830/726/3622
f 2987/734/3632 2989/626/3633 4358/735/3634
f 2679/736/3635 2867/737/3636 2856/3698/3635
f 2853/738/3637 2845/667/3638 3006/3699/3639
f 2828/739/3640 2849/740/3641 2851/680/3642
f 2852/743/3643 2853/742/3644 3007/744/3645
f 2797/670/3646 2825/745/3647 2855/746/3646
f 2854/748/3648 2833/747/3649 2825/745/3647
f 2870/749/3650 2874/750/3651 2858/506/3652
f 3837/751/3653 2841/402/3653 3838/933/3653
f 2656/753/3353 2815/695/3654 2861/754/3654
f 2816/693/3636 2861/754/3636 2815/695/3636
f 2660/431/3358 2862/755/3655 2837/766/3655
f 2656/758/3360 2863/757/3656 2657/759/3361
f 563/761/663 2866/760/3657 565/762/663
f 3834/764/3658 3817/763/3659 3816/765/3660
f 2649/364/3661 2828/739/3662 2648/363/3663
f 2870/749/3664 2841/402/3665 2840/752/3666
f 2867/737/3667 2873/767/3667 2856/3698/3667
f 3714/768/3668 2823/769/3669 3715/2338/3670
f 2853/742/3644 2819/771/3671 2861/982/3671
f 567/774/678 3739/773/3672 2970/712/3673
f 2886/429/3674 2710/775/3675 2878/776/3676
f 2890/777/3677 2770/608/3517 2879/778/3678
f 2894/779/3679 2770/608/3517 2765/606/3516
f 2766/780/3519 2894/779/3679 2765/606/3516
f 2892/782/3680 2766/780/3519 2771/617/3525
f 2892/782/3680 3887/618/3681 3896/783/3682
f 2884/427/3683 3041/784/3684 2682/426/3685
f 2887/786/3686 2886/429/3687 2878/776/3688
f 3033/788/3689 2889/787/3690 2888/789/3691
f 3037/790/3692 2888/789/3691 2890/777/3693
f 2891/791/3694 2890/777/3693 2879/778/3695
f 3896/783/3696 3031/792/3697 2892/782/3698
f 3050/794/3699 3014/521/3451 3092/522/3453
f 3046/795/3700 2893/796/3701 3048/1357/3702
f 2896/797/3703 3040/798/3704 2882/1187/3705
f 2736/537/3706 2717/507/3707 2718/508/3708
f 2743/800/3709 3075/799/3710 3091/801/3611
f 2895/802/3711 2894/779/3712 2880/781/3713
f 3042/803/3714 2883/804/3715 3043/3700/3716
f 3047/806/3717 3041/805/3718 3042/803/3714
f 3143/809/3719 3141/808/3720 3145/810/3721
f 3832/811/3722 2903/812/3723 2866/760/3724
f 2866/760/3724 569/814/728 565/762/728
f 2839/815/3537 2818/343/3345 2999/3689/3538
f 2690/817/3345 2908/818/3345 2689/1023/3345
f 2702/820/3345 2929/821/3345 2930/848/3345
f 2934/823/3345 2932/824/3345 2968/849/3345
f 2916/827/3345 2693/826/3345 2917/828/3345
f 2918/829/3725 2917/828/3345 2949/830/3726
f 2921/831/3727 2949/830/3726 2920/832/3728
f 2922/834/3729 2924/833/3730 2923/835/3731
f 2966/836/3732 2696/837/3733 2922/834/3729
f 2699/839/3345 2965/838/3734 2966/836/3732
f 2700/841/3345 2925/840/3345 2699/839/3345
f 2942/843/3345 2690/817/3345 2947/844/3345
f 2928/846/3345 2927/845/3345 2701/847/3345
f 2701/847/3345 2929/821/3345 2928/846/3345
f 2968/849/3345 2931/822/3345 2702/820/3345
f 2958/850/3345 2934/823/3345 2935/851/3345
f 2936/852/3345 2935/851/3345 2703/853/3345
f 2688/854/3345 2945/855/3735 2905/1356/3736
f 2939/858/3737 2937/857/3726 2938/619/3528
f 2920/832/3728 2919/859/3738 2921/831/3727
f 2958/862/744 2959/861/743 2933/863/743
f 2945/864/3739 2653/432/3378 2685/433/3380
f 2688/439/3386 2973/708/3610 2978/438/3384
f 2690/441/3387 2948/865/3740 2947/866/747
f 2691/444/3389 3291/867/3333 2914/868/748
f 2917/446/3391 2974/869/3741 2949/870/3742
f 2920/448/3395 2974/869/3741 2975/447/3393
f 2918/871/3743 2676/452/3397 2675/3701/3744
f 3165/872/451 3161/873/451 3166/3702/451
f 2835/615/3745 2856/875/3746 2801/876/3747
f 2956/877/3743 2695/455/3397 2664/3703/3744
f 3169/878/451 3175/879/451 3170/3704/451
f 2909/883/756 2681/3705/755 2942/881/755
f 2699/463/3408 2967/884/3748 2698/462/3406
f 2926/465/3409 3288/886/3521 2927/887/747
f 2702/468/3411 2969/888/3749 2968/889/748
f 2703/471/3414 2977/890/3750 2937/891/761
f 2922/460/3405 2967/884/3748 2966/885/758
f 2812/481/3425 2705/892/3751 2706/893/3752
f 571/894/764 2687/490/3435 2971/895/3753
f 3882/896/3754 2748/897/3755 3146/1322/3756
f 1248/899/336 2971/895/3753 3406/1369/3757
f 2974/901/3555 2687/900/3554 2975/902/3758
f 2976/903/3345 2967/904/3759 2977/907/3760
f 2977/907/3760 2697/906/3761 2704/908/3762
f 575/909/774 2704/487/3432 2697/476/3421
f 2711/684/3763 2782/428/3330 2810/347/3329
f 2994/614/3764 2996/731/3765 2995/2339/3766
f 3201/912/3767 3193/911/3768 3205/913/3769
f 3022/531/3770 3057/914/3771 2730/530/3772
f 2975/482/3427 2687/490/3435 576/916/786
f 3044/917/3773 3074/918/3774 3043/1135/3775
f 2739/920/3776 3142/919/3777 3140/921/3778
f 3066/923/3779 3036/922/3780 3083/924/3781
f 3818/925/3782 2783/926/3783 3813/2477/3784
f 3719/928/3785 2786/727/3786 3721/929/3787
f 2758/931/3788 3207/930/3789 2757/932/3790
f 3004/732/3791 2989/626/3792 2990/627/3793
f 2666/405/3345 3838/933/3345 2841/402/3345
f 3133/935/3794 2762/934/3794 3219/936/3794
f 2941/421/3345 2679/736/3345 2681/937/3345
f 2941/421/3345 2677/422/3345 2679/736/3345
f 2852/743/3795 2851/680/3796 2849/740/3797
f 2800/938/3798 2647/355/3480 4318/559/3479
f 2800/938/3798 2791/939/3799 2647/355/3480
f 3052/940/3800 2800/941/3801 3002/3706/3801
f 3115/943/816 3118/532/816 2730/530/3802
f 2731/944/3803 3109/604/3513 2805/605/3804
f 2809/945/3805 2646/361/3806 2808/362/3807
f 2878/776/3676 4298/947/3808 4304/948/3809
f 2848/668/3571 2875/949/3345 2876/985/3345
f 2898/406/3345 2960/410/3345 2670/411/3345
f 2898/406/3345 2669/409/3345 2960/410/3345
f 2761/950/3810 3122/951/514 2760/3707/3811
f 2946/371/3345 2680/953/3345 2658/370/3348
f 2842/955/3345 2664/956/3345 3722/1448/3345
f 3838/933/3345 2957/957/3345 2842/955/3345
f 2802/678/3812 2873/767/3813 2650/365/3344
f 2871/368/3345 2792/959/3814 2874/750/3345
f 2871/368/3345 2843/366/3346 2792/959/3814
f 3188/961/453 3191/960/453 3192/962/453
f 2864/963/3815 2680/953/3655 2869/2343/3816
f 2774/675/3582 4298/947/3808 4300/964/3817
f 2938/473/3418 2977/890/3750 2704/472/3416
f 2779/357/3336 2791/939/3818 2829/666/3569
f 2830/965/3819 2791/939/3820 2800/938/3821
f 2832/967/3822 2834/966/3823 2833/747/3649
f 3732/968/3824 2679/736/3824 2856/3698/3824
f 2684/430/3377 2837/766/3671 2836/414/3653
f 2684/430/3377 2660/431/3360 2837/766/3671
f 2870/749/3650 2872/367/3825 2871/368/3826
f 2998/344/3443 2993/624/3827 2716/622/3441
f 2795/970/3803 2731/944/3803 2805/605/3804
f 2793/538/3828 2654/505/3829 2792/959/3830
f 3086/972/3831 3085/973/3832 3071/642/3833
f 3374/975/3834 3020/976/3835 3373/3708/3836
f 3886/672/3837 2855/746/3646 3894/978/3837
f 2799/676/3585 2981/632/3838 4358/735/3839
f 2802/678/3840 2828/739/3662 2851/680/3841
f 3729/979/3345 3844/479/3345 3840/2530/3345
f 2861/982/3842 2877/981/3667 2837/766/3667
f 2859/983/3356 2816/693/3843 2860/984/3357
f 2861/754/3667 2876/985/3844 2875/949/3667
f 3039/986/3845 3040/987/3846 3072/641/3847
f 2877/981/3848 2828/739/3640 2837/766/3848
f 3122/990/451 3217/989/451 2760/991/451
f 2870/749/3664 2898/406/3849 2670/411/3850
f 2874/750/3848 2654/505/3829 2858/506/3848
f 2867/737/3636 2836/414/3636 2837/766/3636
f 2867/737/3667 2649/364/3667 2650/365/3667
f 2863/757/3851 2837/766/3636 2862/755/3636
f 2672/413/3345 2841/402/3345 2670/411/3345
f 2672/413/3345 2665/404/3345 2841/402/3345
f 2954/424/3345 2836/414/3345 2677/422/3345
f 2954/424/3345 2674/416/3345 2836/414/3345
f 3748/425/3373 2683/346/3328 2884/427/3376
f 2811/992/3852 2769/993/3853 2646/361/3340
f 1458/994/865 2697/476/3421 3614/995/3854
f 2952/417/3345 2684/430/3345 2836/414/3345
f 2952/417/3345 2950/996/3345 2684/430/3345
f 2897/398/3345 2663/400/3345 2964/997/3345
f 2897/398/3345 2662/399/3371 2663/400/3345
f 3895/998/3855 3148/682/3856 3069/1131/3856
f 2684/430/3345 2675/418/3345 2659/419/3372
f 2684/430/3345 2950/996/3345 2675/418/3345
f 2897/398/3345 2668/408/3345 2898/406/3345
f 2897/398/3345 2964/997/3345 2668/408/3345
f 2655/397/3350 2898/406/3655 2858/506/3655
f 2655/397/3350 2897/398/3370 2898/406/3655
f 2961/1001/755 2667/1000/869 2962/1002/869
f 3201/1003/3857 3203/635/3858 2747/636/3859
f 2775/653/3557 3810/706/3609 3809/492/3436
f 3711/1005/336 3712/1006/336 3292/354/336
f 2926/1007/3345 2963/842/3345 2700/841/3345
f 3083/924/3781 3032/1009/3860 3068/1010/3861
f 2961/1011/3345 2926/1007/3345 2927/845/3345
f 2956/1012/3725 2703/853/3345 2937/857/3726
f 2713/654/3862 2985/1013/3863 2712/719/3864
f 2909/1014/3345 2947/844/3345 2910/1015/3345
f 2691/1017/3345 2955/1016/3345 2911/1018/3345
f 2915/1019/3345 2913/1020/3345 2914/1051/3345
f 2951/1022/3345 2915/1019/3345 2693/826/3345
f 2689/1023/3345 2907/856/3345 2688/854/3345
f 2953/1025/743 2674/1024/878 2913/1026/878
f 2948/1027/3740 2910/1029/3865 2947/1028/747
f 3140/1030/3866 3145/646/3867 3141/1031/3868
f 3291/867/3333 2915/1032/3332 2914/868/748
f 3088/640/3545 3047/1033/3869 3073/1034/3870
f 2965/1035/3739 2794/456/3400 2696/457/3402
f 2912/1037/885 2674/1024/878 2954/1036/885
f 2955/1038/514 2941/882/756 2909/883/756
f 2936/1040/886 2666/1039/744 2958/862/744
f 2933/1042/743 2665/1041/878 2932/1043/878
f 2931/1045/885 2671/1044/514 2929/1046/514
f 2929/1046/514 2960/1047/756 2928/1048/756
f 3288/612/3521 2701/611/3520 2927/1049/747
f 2969/888/3749 2934/1050/3871 2968/889/748
f 2914/1051/3345 2912/1052/3345 2691/1017/3345
f 3365/1054/3872 4560/1053/3873 4563/1055/3874
f 572/1056/336 3292/354/336 1123/1057/336
f 2906/1059/3875 2904/1058/3876 2686/1060/3877
f 2894/779/3712 2891/791/3694 2879/778/3695
f 2854/748/3577 2780/638/3543 2832/967/3878
f 2873/767/3879 2801/679/3880 2856/3698/3881
f 3093/1063/3882 3196/1062/3883 2754/1064/3882
f 2987/734/3884 2981/632/3885 2979/631/3886
f 2788/725/3799 2807/1065/3798 2787/1077/3798
f 3016/1067/3887 2851/1068/3888 3003/3709/3889
f 3113/1071/3890 3105/1070/3891 3107/1072/3890
f 2820/1074/3892 3019/1073/3893 3018/1075/3892
f 2807/1065/3798 2806/1076/3894 2787/1077/3798
f 2851/1079/3895 3028/1078/3896 3009/1080/3897
f 3024/1081/3898 3115/542/3899 3057/543/3899
f 3014/521/3900 4326/1082/3901 3015/1083/3902
f 3013/1084/3903 3008/1085/3904 2807/3710/3905
f 3018/1088/3906 2857/1087/3907 2820/1089/3908
f 3058/1090/3909 3022/531/3770 2844/536/3910
f 3023/1092/3911 3024/1091/3912 3054/1093/3913
f 3026/1094/3914 3028/1095/3915 3007/3711/3916
f 2758/1098/3917 3050/1097/3918 3206/1099/3919
f 3013/1100/3903 3009/1101/3920 3027/1194/3921
f 3030/1103/3922 3026/1094/3914 3025/1104/3923
f 3032/1105/3924 3031/1106/3925 3070/2621/3926
f 3034/1109/3927 3064/1108/3928 3063/1110/3929
f 3892/1111/3930 965/1112/948 961/3712/948
f 3036/1114/3931 2895/1107/3932 3032/1105/3924
f 3033/1117/3933 3065/1116/3934 3064/1108/3928
f 3040/987/3846 3045/1118/3935 3072/641/3847
f 3046/1120/3936 3047/806/3717 3045/3713/3935
f 3212/1121/3937 3215/1122/3938 3202/3714/3939
f 2777/671/3579 2763/609/3518 2778/639/3544
f 2729/529/3940 3063/1125/3941 3064/1128/3942
f 3080/1127/3943 3064/1128/3942 3065/3715/3944
f 3080/1127/3943 3067/1129/3945 3066/923/3779
f 3068/1010/3861 3070/1130/3946 3069/1131/3947
f 3891/1132/3948 3069/1131/3947 3070/1130/3946
f 3073/1034/3870 3042/1133/3949 3090/1134/3950
f 3090/1134/3950 3043/1135/3775 3074/918/3774
f 3076/1136/3951 3044/917/3773 3062/1238/3952
f 3082/562/3953 3066/923/3954 3083/924/3955
f 3084/564/3956 3069/1131/3856 3148/682/3856
f 3087/1137/3957 3071/642/3833 3088/640/3958
f 3087/1137/3957 3073/1034/3959 3089/1138/3960
f 2742/1139/3961 3074/918/3962 2743/800/3709
f 2883/1141/3715 3044/1140/3963 3043/1142/3716
f 2745/1143/3612 3075/799/3710 3076/1136/3964
f 3214/1144/3965 3094/1145/3883 3051/3716/3965
f 2754/1146/3966 3092/1147/3967 3093/3717/3968
f 2955/1016/3345 2910/1015/3345 2911/1018/3345
f 3206/1099/3919 3092/1149/3919 3213/1150/3919
f 3199/1151/3969 3104/1152/3970 3061/3718/3971
f 3053/1154/3972 3214/1155/3199 3051/3719/3973
f 1022/1157/518 3197/1158/3974 1726/2555/1329
f 3245/1161/997 3247/1160/997 3246/1162/997
f 3067/1163/3975 3037/1164/3976 2891/3720/3977
f 2752/1166/3969 3097/1165/3978 2753/1167/3979
f 3098/583/3502 2753/584/3504 3097/1168/3980
f 3290/442/3388 2910/1029/3865 2948/1027/3740
f 3217/1169/3981 3124/1170/336 3133/3721/3982
f 3210/1172/3917 3060/1171/3918 3209/1173/3918
f 3210/1174/3983 3103/1175/3984 3059/3722/3984
f 3102/1177/3883 2756/1176/3965 3200/1178/3883
f 3061/1179/3882 3200/1178/3883 3199/3723/3882
f 821/1180/1005 3085/973/3832 3195/974/3985
f 2994/614/3986 2801/876/3987 3004/732/3988
f 3116/552/3473 3607/1181/3989 3608/1182/3990
f 2804/1183/3991 2736/537/3992 2793/538/3992
f 3013/1184/3993 3003/1185/3994 2851/3724/3995
f 3040/798/3704 2970/712/3613 2882/1187/3705
f 2976/469/3413 2934/1188/3871 2969/1189/3749
f 3104/1191/3996 3028/1190/3997 3061/1192/3998
f 3104/1193/3996 3027/1194/3999 3009/1101/4000
f 3012/1196/4001 3093/1197/4002 3003/3725/4003
f 3059/1199/4004 3027/1194/3999 3060/1195/4005
f 3053/1200/4006 3052/940/4007 3002/3706/4008
f 3096/1203/4009 3020/1202/3454 2726/1204/3456
f 3019/1205/4010 3119/557/4011 2737/558/4012
f 3095/1207/4013 3018/1075/4014 3019/1073/4015
f 3056/1209/4016 3057/1208/4017 3097/1210/4018
f 3097/1212/4018 3021/1211/4019 3098/1213/4020
f 3099/1214/4021 3021/1211/4019 3058/497/4022
f 3056/1215/4016 3054/1093/4023 3024/1091/4024
f 3101/1217/4025 3054/1093/4023 3055/1216/4026
f 3103/1218/4027 3029/1219/4028 3030/3726/4029
f 3131/1221/4030 2733/1222/4031 3122/3727/4032
f 3025/1225/3894 3303/1224/3803 2806/1226/3894
f 3030/1227/4033 2807/1228/3800 3008/1472/3800
f 3051/1230/4034 3012/1196/4001 3052/3728/4007
f 3092/1232/3453 3003/1231/4003 3093/1233/4002
f 3061/1234/3998 3029/1219/4028 3102/1220/4026
f 2888/789/4035 2773/1235/3583 2642/360/3341
f 2720/510/4036 2847/539/4037 2848/668/4038
f 3883/673/4039 2772/1124/3526 2777/671/3579
f 3614/995/3854 2723/1236/4040 2705/892/3751
f 2971/895/3753 2904/491/3434 2972/1630/1276
f 4296/1237/4041 3062/1238/3952 4295/3173/4042
f 2811/992/4043 4321/946/4044 4314/2186/4045
f 2885/1240/4046 3062/1239/4047 3044/1140/3963
f 4303/1241/4048 2878/776/3688 4304/948/4049
f 817/1242/1066 3039/986/3845 816/1243/1066
f 3126/1244/4050 3118/555/3476 3125/553/3475
f 3020/1246/4051 2736/1247/4052 3373/3729/4051
f 3000/1251/3890 3106/3730/3891 3111/1249/3890
f 3115/540/4053 2845/667/4054 2847/539/4053
f 3110/1252/4055 2731/1253/4056 3123/3731/4056
f 3108/1256/4056 2844/1255/4057 3126/1257/4057
f 2697/476/3421 3106/514/3447 2723/1236/4040
f 3610/1259/4058 3113/1258/4059 3611/1260/4060
f 3111/1262/4061 3610/1261/4062 3609/1263/4063
f 2731/1265/4064 3117/1264/4065 3123/1266/4066
f 3115/540/1086 2721/511/1085 2735/1267/1085
f 3116/552/4067 3114/1268/4068 2735/551/4069
f 3116/552/4067 3112/1269/4070 3114/1268/4068
f 2736/556/4071 2732/602/4072 3121/1270/4072
f 3114/1271/4073 2733/1222/4074 3117/1223/4075
f 3136/1273/4076 3125/1274/4077 3127/3732/4030
f 3125/1277/4077 3130/1276/4032 3127/1278/4030
f 3129/1280/4031 3128/1279/4078 3130/1281/4032
f 3124/1282/4076 3117/1283/4077 3131/3733/4030
f 3110/1252/4079 3124/1285/4076 3132/1286/4078
f 3128/1287/4078 3126/1257/4080 3136/3734/4076
f 3133/1288/4081 3131/1289/4082 2761/3735/4083
f 3127/1292/514 2762/1291/4084 3135/1293/4085
f 3134/1294/4086 3127/1295/453 3135/3736/4087
f 3141/1297/4088 2739/920/3776 3140/921/3778
f 3002/1299/4089 4326/1300/3901 3049/3737/4090
f 2940/1302/4091 2865/395/4092 2695/1303/4093
f 2804/1183/4094 3368/1304/4095 3373/1305/4096
f 2872/367/3661 3368/1304/4095 2843/366/4097
f 2720/510/4036 2876/985/3653 2719/509/3653
f 2875/949/4098 2853/738/4099 2861/754/4098
f 2768/356/3334 2770/608/3517 2769/993/3853
f 958/1306/1118 3812/1307/4100 3138/2517/4101
f 2745/1143/3612 4296/1237/4102 4306/1309/3597
f 3152/1310/4103 3150/1311/4104 3151/3738/4105
f 3891/1313/4106 568/1314/1126 815/3739/4107
f 3142/1316/4108 3139/648/4109 3140/1030/3866
f 3888/1318/4110 3152/1317/4111 3890/1319/4112
f 3052/1320/4113 3013/1184/3993 2807/1321/4114
f 3146/1322/3756 3144/647/3551 3139/648/3553
f 961/1323/1137 3882/896/4115 3892/1324/4115
f 3147/681/3590 3150/1325/4116 3149/1326/4117
f 3889/1327/4118 819/1328/1141 976/3740/4119
f 3890/1329/451 3151/1330/451 3899/2604/451
f 4052/1332/4120 4039/1333/4121 4038/3067/4122
f 820/1335/451 3039/986/4123 3085/973/4123
f 2822/1336/4124 4387/1337/4125 4380/3741/4126
f 2925/1340/1151 2663/1339/1150 2965/1035/3739
f 1716/1341/1152 4279/1342/4127 1725/3742/1152
f 4274/1344/4128 1712/1345/1156 1733/3743/1156
f 3023/1347/3911 3005/1348/4129 3025/3744/4130
f 3204/1351/4131 3143/1350/3457 2751/1352/4132
f 3731/1353/4133 2992/625/3628 3729/979/4133
f 3015/1083/3902 3016/523/4134 3014/521/3900
f 2892/782/3698 2895/802/3711 2880/781/3713
f 3110/1354/4135 2732/544/3466 3109/3745/4136
f 2987/734/3884 3736/707/4137 3737/478/4138
f 2905/1356/3736 2685/1355/4139 2906/1059/3875
f 2682/426/3685 3048/1357/3702 2893/796/3701
f 3113/1360/3890 3612/3746/4140 3611/1358/4140
f 2942/881/755 2944/1361/869 2943/1362/869
f 2916/1364/886 2952/1363/744 2951/1365/744
f 2928/1048/756 2669/3747/755 2961/1001/755
f 2963/1367/1173 2964/1366/1151 2925/1340/1151
f 3406/1369/3757 2982/1368/4141 2983/1370/4142
f 3153/1371/4143 3160/1372/4143 3154/3748/4143
f 3153/1375/4144 3156/1374/4144 3155/1376/4144
f 3155/1378/4145 3157/1377/4145 3158/1379/4145
f 2733/1381/4031 3132/1380/4078 3122/1382/4032
f 3158/1384/4146 3160/1383/4146 3159/1385/4146
f 3081/563/4147 3080/1127/4148 3066/923/3954
f 4303/1386/4149 3063/1110/3929 4295/1387/4150
f 3164/1389/453 3167/1388/453 3168/1390/453
f 3845/1392/3345 3730/1391/3345 3735/1393/3345
f 3170/1396/4151 3174/3749/4151 3171/1394/4151
f 3192/493/4152 3185/1397/4152 3188/1398/4152
f 3183/1399/451 3177/1400/451 3181/3750/451
f 3173/1403/4152 3172/1402/4152 3176/1404/4152
f 3174/1406/453 3172/1405/453 3171/1407/453
f 3258/1409/4153 3267/1408/4153 3259/1410/4153
f 3183/1412/4151 3179/1411/4151 3178/1413/4151
f 3184/1415/4152 3177/1414/4152 3180/1416/4152
f 3732/1417/3653 3842/1418/3653 3850/2528/3653
f 3187/1421/4151 3189/3751/4151 3191/1419/4151
f 3189/1422/451 3185/1423/451 3190/3752/451
f 3168/1426/4154 3161/1425/4154 3164/1427/4154
f 3279/1429/4155 3281/1428/4155 3280/1430/4155
f 3182/1432/453 3180/1431/453 3179/1433/453
f 3714/1434/3668 3319/1435/4156 3712/3753/4157
f 3266/1438/4158 3265/1437/4158 3267/1439/4158
f 3089/1138/3960 3090/1134/4159 2742/1139/3961
f 3099/1441/4021 3005/1440/4160 3101/1442/4025
f 3260/1444/4155 3259/1443/4155 3263/1445/4155
f 3085/973/4123 3072/641/3546 3071/642/4161
f 2918/871/3743 2950/1446/886 2916/1364/886
f 3722/1448/4162 2661/1447/3368 3726/1449/4163
f 4302/1450/4164 3193/911/3768 4297/3170/4165
f 3158/1452/3345 3153/1451/3345 3155/1453/3345
f 2824/698/4166 3808/718/4167 3807/2471/4168
f 2912/1037/885 2678/1454/514 2955/1038/514
f 3217/1455/4169 2755/1456/4170 2760/3754/4171
f 3216/1458/4172 2759/1459/4173 2755/3755/4174
f 3220/1462/997 1724/1461/997 3223/1463/997
f 2662/372/3371 2924/1464/4175 2794/3756/1225
f 2749/1466/4176 3086/1465/3495 2741/575/3494
f 3209/1173/3918 3104/1467/4177 3218/1468/4177
f 2757/1470/4178 4313/1469/336 4312/1471/4179
f 3103/1473/4027 3008/1472/4180 3059/1474/4004
f 4294/1475/1214 2740/1477/1214 4293/1476/1214
f 3194/1478/451 3208/1479/451 4365/3757/451
f 3211/1482/3918 3056/1481/4177 2752/1483/4177
f 2750/1485/4181 4305/1484/4181 4301/1486/4181
f 4302/1487/4182 2750/1485/4183 4301/1486/4184
f 3206/1489/4185 3208/1488/4186 3207/930/3789
f 3214/1155/3199 1736/568/336 2756/566/3488
f 2752/1491/4187 3200/571/3491 3211/569/3491
f 3212/1493/4188 3134/1494/4086 3135/3758/4087
f 3218/1496/4189 3196/1497/375 3209/1518/375
f 2793/538/4190 2843/366/3346 2804/1183/4191
f 3195/1499/4192 535/1500/1229 821/3759/4193
f 1023/1501/1230 2746/1502/4194 1022/3760/1842
f 4366/1503/451 3207/1480/451 3194/1478/451
f 2761/1507/3810 2755/1506/4195 3135/1505/4085
f 2849/740/4196 2796/772/3571 2852/743/4196
f 2754/1146/3966 1722/1508/1236 3213/1148/4197
f 2759/581/3500 1023/1509/1237 1730/2537/2096
f 2748/1510/4198 3201/1512/4198 2747/1511/4198
f 2753/584/3504 3100/582/3503 3215/1513/4199
f 2752/1166/3969 1714/1514/1240 3199/1151/3969
f 3082/562/3953 3068/1010/4200 3084/564/3956
f 3067/1516/3975 3035/1115/4201 3036/1114/3931
f 3209/1518/375 3214/1519/4202 3210/3761/4202
f 2731/1521/4203 3129/1520/4204 3114/1522/4205
f 3223/1523/1247 1723/1524/1247 3222/3762/1247
f 3243/1527/1248 3240/1526/1248 3242/1528/1248
f 3240/1529/4206 3246/1530/4207 3244/3763/4208
f 3247/1533/1252 3244/1532/1252 3246/1534/1252
f 3242/1536/4209 3247/1535/4210 3243/1537/4211
f 3221/1538/4212 3223/1539/4213 3222/3764/4214
f 3233/1542/1247 3237/1541/1247 3234/1543/1247
f 3224/1545/1247 3228/1544/1247 3231/1546/1247
f 3229/1548/1259 3227/1547/1259 3226/1549/1259
f 3236/1550/4215 3234/1551/4216 3237/3765/4217
f 3230/1554/997 3224/1553/997 3231/1555/997
f 2772/1124/3526 2766/780/3519 2763/609/3518
f 3238/1557/1259 3236/1556/1259 3235/1558/1259
f 3226/1560/3604 3224/1559/3605 3229/1561/3606
f 3227/1562/4215 3231/1563/4216 3228/3766/4217
f 3239/1270/997 3233/1565/997 3234/1566/997
f 3249/1568/4155 3251/1567/4155 3250/1569/4155
f 3254/1570/3345 3252/1571/3345 3253/3767/3345
f 3248/1574/4153 3257/1573/4153 3251/1567/4153
f 3261/1576/4218 3263/1575/4218 3262/1577/4218
f 3252/1579/4218 3250/1578/4219 3253/1580/4219
f 3268/1582/4155 3270/1581/4155 3269/1583/4155
f 3285/1585/3345 3283/1584/3345 3284/1586/3345
f 3271/1588/4218 3269/1587/4218 3272/1589/4218
f 3275/1591/4158 3274/1590/4158 3276/1592/4158
f 3286/1594/4158 3284/1593/4158 3287/1595/4158
f 3283/1598/4218 3279/3768/4218 3280/1596/4218
f 2982/1599/4220 2980/1600/3531 2983/3769/4221
f 2962/1603/869 2668/1602/1173 2963/1367/1173
f 2951/1365/744 2673/1604/743 2953/1605/743
f 3256/1608/4158 3254/3770/4222 3257/1606/4222
f 3278/1610/4153 3287/1609/4153 3281/1428/4153
f 3112/1269/4223 3608/1182/4140 3609/1611/4140
f 2931/1045/885 2665/1041/878 2672/1612/885
f 2796/772/3571 2877/981/3345 2819/771/3345
f 2834/966/3823 2829/666/4224 2830/965/3819
f 3731/1353/4225 3845/1392/4226 3735/1393/4225
f 3128/1615/336 3134/1614/4227 3219/1616/4228
f 3264/1618/3345 3262/1617/3345 3265/1619/3345
f 3273/1621/3345 3272/1620/3345 3274/1622/3345
f 3277/1624/4153 3276/1623/4153 3270/1581/4153
f 2907/1626/1151 2946/1625/1150 2945/864/3739
f 2956/877/3743 2957/1627/886 2936/1040/886
f 2863/757/3345 2817/756/3575 2657/759/3575
f 2908/1629/1173 2651/1628/1151 2907/1626/1151
f 2971/895/3753 2972/1630/1276 2982/1368/4141
f 3288/1631/3345 2698/905/3345 2976/903/3345
f 2976/903/3345 3289/1632/3345 3288/1631/3345
f 2976/903/3345 2969/1633/3345 3289/1632/3345
f 2948/1634/3345 2978/651/3345 2692/649/3345
f 2692/649/3345 3290/1635/3345 2948/1634/3345
f 2692/649/3345 3291/1636/3345 3290/1635/3345
f 2943/1638/869 2652/1637/1173 2908/1629/1173
f 3053/1640/4006 3049/1639/4229 3050/794/3699
f 3738/1641/4230 2822/1336/4124 3716/696/3602
f 2709/1642/336 1123/1057/336 3292/354/336
f 3898/1644/4231 3149/1326/4117 3888/1645/4231
f 3312/1646/4232 3293/1647/4233 3294/1652/4234
f 3313/1649/4235 3295/1650/4236 3296/1672/4237
f 3316/1651/4238 3294/1652/4234 3295/1650/4236
f 3306/1654/4239 3297/1653/4240 3308/1655/4241
f 3307/1656/4242 1128/1657/1291 3296/1672/4243
f 3391/1659/4244 1136/1660/1293 3299/1668/4237
f 3310/1662/4245 3298/1663/4233 3300/1678/4246
f 3306/1666/4247 3301/1665/4248 3305/1667/4249
f 3304/1669/4250 3299/1668/4251 3307/1670/4252
f 3305/1667/4249 3302/1671/4253 3304/1669/4250
f 3296/1672/4243 3304/1673/4254 3307/1656/4242
f 3295/1650/4255 3305/1674/4256 3304/1673/4254
f 3058/1675/4257 3025/1676/4258 3005/1440/4258
f 2806/1226/4259 3297/1653/4246 3314/1684/4260
f 3294/1652/4261 3306/1654/4239 3305/1674/4256
f 1136/1660/1315 3307/1670/4252 3299/1668/4251
f 3300/1678/4262 3306/1666/4247 3308/1679/4263
f 3308/1679/4263 2795/970/4264 3300/1678/4262
f 3303/1224/4265 3308/1655/4241 3297/1653/4240
f 3299/1668/4237 3386/1681/4266 3391/1659/4244
f 3302/1671/4267 3387/1682/4268 3386/1681/4266
f 3301/1665/4234 3311/1664/4269 3387/1682/4268
f 2805/605/4270 3310/1662/4245 3300/1678/4246
f 573/910/775 1147/1683/1329 2704/487/3432
f 3293/1647/4233 3314/1684/4260 3297/1653/4246
f 3296/1672/4237 1797/1685/1237 3313/1649/4235
f 3717/1686/4271 3317/1687/4272 3315/2330/4273
f 3720/1688/4274 3316/1689/4275 3901/2639/4276
f 3721/929/3787 2788/725/4277 2787/1077/4278
f 574/1691/786 2975/482/3427 576/916/786
f 3319/1435/4156 4386/1692/4279 4385/3331/4280
f 3320/1693/4281 3321/1695/4282 3322/1694/4283
f 3379/1697/4284 3356/1696/4285 3323/1698/4286
f 3329/1699/4287 3328/1701/4288 3324/1700/4289
f 3327/1702/4290 3328/1701/4288 3329/1699/4287
f 3330/1704/4291 4561/1703/4292 3354/1705/4293
f 3332/1706/4294 3330/1704/4291 3354/1705/4293
f 3321/1695/4282 3352/1707/4295 3322/1694/4283
f 3342/1708/4296 3321/1695/4282 3320/1693/4281
f 3937/1709/4297 3906/1710/4298 3356/1696/4299
f 3359/1711/4300 2661/1713/4301 2813/1712/4302
f 3723/1714/3345 3334/1715/3345 3333/1723/3345
f 3395/1717/4303 3402/1718/4304 3403/1797/4305
f 3353/1721/4306 3350/1720/4307 3352/1707/4308
f 3727/1722/3345 3333/1723/3345 3383/1812/3345
f 3367/1724/4309 3330/1704/4291 3332/1706/4294
f 3340/1725/4310 3352/1707/4295 3321/1695/4282
f 4570/1727/4269 3337/1726/4311 3361/1728/4269
f 3852/1729/4312 4038/1730/4313 3851/1805/4314
f 3725/1732/4315 3334/1715/4316 3724/1716/4317
f 3385/1734/4318 3378/1736/4319 3405/1735/4142
f 3390/1737/518 1159/1738/1378 3389/1816/1378
f 3345/1740/4320 3342/1708/4321 3320/1693/4322
f 3358/1742/3345 3369/1743/3345 3357/1775/3345
f 3946/1745/4323 3362/1746/4324 3954/1795/4325
f 3950/1748/4326 3360/1747/4327 3366/1749/4328
f 3322/1694/4329 3345/1740/4320 3320/1693/4322
f 3349/1751/4330 3327/1702/4331 3329/1699/4332
f 3370/1753/4333 3328/1701/4288 3327/1702/4290
f 3351/1754/4334 3396/1719/4335 3395/1717/4303
f 3361/1728/4269 4572/1755/4268 4570/1727/4269
f 3347/1756/4336 3328/1701/4288 3363/1757/4337
f 3852/1729/4338 3395/1717/4339 3397/1731/4340
f 3341/1758/4341 3327/1702/4290 3355/1771/4341
f 3344/1760/4342 3394/1759/4343 3396/1761/4344
f 3325/1763/4345 3343/1762/4346 3348/1764/4347
f 3346/1765/4348 3324/1700/4349 3347/1756/4350
f 4562/1766/4351 3331/1767/4352 3344/1760/4342
f 3332/1768/4353 3348/1769/4354 3343/1800/4355
f 3350/1752/4356 3355/1771/4357 3327/1702/4331
f 3366/1749/3345 3382/1772/3345 3384/1773/3345
f 3836/1774/3345 3357/1775/3345 3369/1743/3345
f 3357/1775/3345 3360/1747/3345 3358/1742/3345
f 3361/1728/4358 3942/1776/4359 3940/1777/4360
f 3335/1779/4361 3941/1778/4362 3943/1780/4363
f 3388/1782/4364 3939/1781/4365 4025/1783/4364
f 3336/1784/4366 3943/1780/4363 3939/1781/4365
f 4052/1785/4367 3363/1757/4368 3945/1787/4369
f 3945/1787/4369 3328/1701/4370 3946/1745/4323
f 3364/1788/4371 3337/1726/4372 3365/1054/4373
f 3950/1748/4326 3384/1773/4328 3983/1789/4328
f 3372/1744/3848 2840/1790/3824 3369/1743/3824
f 3338/1791/4374 3940/1777/4360 3941/1778/4362
f 4039/1333/4375 4050/1792/4376 4037/1793/4377
f 3362/1746/4378 3371/1794/4379 3954/1795/4380
f 3372/1744/4381 3371/1794/4382 3368/1796/4381
f 3371/1794/4382 3360/1747/4383 3954/1795/4384
f 3397/1731/4340 3403/1797/4385 3404/1786/4386
f 1147/1683/1329 3377/1798/4387 2813/1829/4388
f 3371/1794/4379 3341/1758/4389 3368/1796/4389
f 3343/1800/4355 3367/1799/4390 3332/1768/4353
f 3398/1801/4391 3340/1725/4310 3321/1695/4282
f 4560/1053/4392 3344/1803/4393 3351/1754/4334
f 4563/1055/4394 3851/1805/4314 4219/1806/4395
f 3341/1758/4396 3373/1807/4397 3368/1796/4398
f 3352/1707/4308 3349/1750/4399 3322/1694/4329
f 3353/1721/4400 3374/1808/4401 3373/1809/4402
f 3396/1761/4344 3401/1810/4403 3402/3771/4404
f 3324/1700/4349 3349/1751/4330 3329/1699/4332
f 3726/1811/4405 3383/1812/4406 3375/3772/4407
f 3402/1718/4304 3347/1756/4350 3403/1797/4305
f 3338/1791/4268 4569/1813/4408 4572/1755/4268
f 3378/1736/4319 3379/1814/4409 3377/1798/4387
f 3389/1816/1378 1158/1817/775 4028/1831/775
f 3323/1698/4286 2813/1712/4284 3379/1697/4284
f 3837/1818/4410 3383/1812/4406 3836/1774/4410
f 3983/1789/4328 3334/1715/4316 3948/1733/4411
f 3384/1773/3345 3333/1723/3345 3334/1715/3345
f 3311/1820/4269 4567/1819/4412 4566/1821/4269
f 3391/1823/4244 4564/1822/4413 4568/1824/4414
f 3388/1782/4415 4571/1825/4416 3336/1784/4417
f 3326/1826/4418 2820/1827/3514 3343/1762/4346
f 3377/1798/4387 3379/1814/4409 2813/1829/4388
f 4568/1824/4414 3388/1782/4415 1156/1830/1294
f 3378/1736/4319 4028/1831/775 3339/2188/4142
f 1147/1683/1329 1160/1739/518 3390/1737/518
f 1156/1830/1483 4025/1783/4364 1157/1832/1483
f 3377/1798/4387 3389/1816/1378 3378/1736/4319
f 3398/1801/4391 3394/1759/4419 3393/1833/4420
f 3393/1833/4420 3331/1767/4421 3330/1704/4291
f 4052/1785/4367 3397/1731/4422 3404/1786/4423
f 2857/1834/4424 3367/1724/4425 2820/3773/4426
f 3400/1836/4427 3392/1835/4428 2857/1834/4424
f 3363/1757/4337 3403/1797/4385 3347/1756/4336
f 3374/1808/4401 3399/1802/4429 3400/1836/4427
f 3346/1741/4430 3401/1810/4403 3342/1708/4321
f 3342/1708/4296 3398/1801/4391 3321/1695/4282
f 572/1056/336 3406/1369/3757 2714/1839/336
f 2868/816/4431 2864/1837/3365 2869/1838/4432
f 2983/1370/4142 2714/1839/336 3406/1369/3757
f 2813/1829/4388 2704/487/3432 1147/1683/1329
f 3529/1842/4433 3440/1841/4434 3433/1843/4435
f 3495/1844/4436 3454/1845/4437 3482/1963/4438
f 3456/1848/4439 3425/1847/4440 3461/1849/4441
f 3427/1850/4442 3468/1851/4443 3466/2080/4444
f 3410/1854/4445 3453/1853/4446 3471/1855/4447
f 3569/1857/4448 3422/1856/4449 3566/1858/4450
f 3554/1860/4451 3411/1859/4452 3549/1861/4453
f 3537/1991/4454 3413/1980/4455 3519/2103/4456
f 3430/1867/4457 3481/1866/4458 3462/1865/4459
f 3504/1869/4460 3505/1868/4461 3550/1870/4462
f 3582/1871/4463 3557/1872/4464 3506/2043/4465
f 3559/1874/4466 3536/1875/4467 3565/1970/4468
f 3437/1877/4469 3464/1878/4470 3426/1972/4471
f 3562/1880/4472 3547/1881/4473 3509/2118/4474
f 3498/1884/4475 3463/1883/4476 3469/1885/4477
f 3423/1887/4478 3458/1886/4479 3424/1888/4480
f 3440/1841/4434 3414/1889/4481 3433/1843/4435
f 3573/1891/4482 3523/1890/4483 3577/1892/4484
f 3438/1894/4485 3429/1893/4486 3439/1895/4487
f 3510/1896/4488 3507/1897/4489 3545/2117/4490
f 3410/1900/4491 3449/1899/4492 3442/1901/4493
f 3546/1902/4494 3441/1903/4495 3412/2024/4496
f 3557/1907/4497 3585/2128/4497 3556/1905/4497
f 3447/1909/4498 3412/1908/4499 3411/1859/4452
f 3407/1910/4500 3499/1911/4501 3480/2100/4502
f 3439/1914/4503 3478/1913/4504 3408/1915/4505
f 3564/1864/4506 3541/1916/4507 3538/2111/4508
f 3416/1919/4509 3516/1918/4510 3415/1920/4511
f 3517/1922/4512 3524/1921/4513 3515/1923/4514
f 3420/1925/4515 3485/1924/4516 3419/1926/4517
f 3432/1927/4518 3488/1928/4519 3492/2097/4520
f 3418/1930/4521 3487/1929/4522 3420/1925/4515
f 3418/1930/4521 3431/1931/4523 3429/1893/4486
f 3420/1925/4515 3432/1932/4518 3431/1931/4523
f 3419/1933/4517 3430/1867/4457 3432/1927/4518
f 3580/1935/4524 3521/1936/4525 3547/3774/4526
f 3577/1939/4484 3525/1938/4527 3575/1940/4528
f 3428/1852/4529 3578/1941/4530 3576/1973/4531
f 3459/1942/4532 3455/1944/4533 3484/1943/4534
f 3459/1942/4532 3486/1945/4535 3457/1946/4536
f 3438/1894/4485 3483/1947/4537 3418/1930/4521
f 3429/1893/4486 3494/1949/4538 3489/1993/4539
f 3500/1950/4540 3475/1951/4497 3473/2087/4497
f 3490/1953/4541 3467/1954/4542 3463/1883/4476
f 3435/1956/4543 3532/1957/4544 3534/2109/4545
f 3568/1917/4546 3539/1959/4547 3541/1916/4507
f 3433/1843/4435 3534/1961/4545 3529/1842/4433
f 3457/1964/4536 3482/1963/4438 3454/1845/4437
f 3425/1847/4440 3466/1965/4444 3461/1849/4441
f 3421/1968/4548 3460/1967/4549 3423/1887/4478
f 3565/1970/4468 3539/1969/4547 3570/1971/4550
f 3426/1972/4471 3576/1973/4531 3571/2007/4551
f 3421/1968/4548 3574/1974/4552 3425/1847/4440
f 3428/1852/4529 3464/1878/4470 3468/1851/4443
f 3476/1977/4497 3444/2050/4497 3474/1975/4497
f 3431/1931/4523 3492/1978/4520 3494/1949/4538
f 3416/1979/4509 3433/1843/4435 3414/1889/4481
f 3415/1920/4511 3435/1956/4543 3416/1919/4509
f 3413/1980/4455 3436/1958/4553 3415/1920/4511
f 3515/1923/4514 3520/1981/4554 3511/1862/4555
f 3427/1966/4442 3574/1974/4552 3578/2126/4530
f 3513/1983/4556 3526/1982/4557 3517/1984/4512
f 3530/1985/4558 3540/1986/4559 3535/2039/4560
f 3533/1988/4561 3542/1989/4562 3540/2110/4559
f 3531/1990/4563 3537/1991/4454 3542/1989/4562
f 3439/1895/4487 3489/1993/4539 3497/1994/4564
f 3493/1955/4565 3465/1995/4566 3467/1954/4542
f 3491/1997/4567 3462/1865/4459 3465/1998/4566
f 3567/1999/4568 3424/1888/4480 3569/2000/4448
f 3448/2002/4569 3546/2001/4570 3412/1908/4499
f 3586/2004/4571 3409/2003/4572 3561/2005/4573
f 3572/1937/4574 3525/1938/4527 3521/1936/4525
f 3436/1958/4553 3527/1863/4575 3532/1957/4544
f 3437/1877/4469 3571/2007/4551 3579/2008/4576
f 3414/1889/4481 3518/2009/4577 3416/1979/4509
f 3556/2011/4578 3562/2010/4579 3509/2012/4580
f 3478/2013/4581 3446/2014/4582 3408/2067/4583
f 3438/2016/4584 3408/1915/4505 3407/2017/4585
f 3472/2019/4586 3479/2018/4587 3450/2020/4588
f 3498/2022/4589 3452/2021/4590 3477/2023/4591
f 3412/2024/4496 3440/2025/4592 3411/2124/4593
f 3558/2027/4594 3550/2026/4595 3505/2028/4596
f 3514/2029/4597 3441/2030/4598 3508/2112/4599
f 3552/2032/4600 3510/2031/4601 3545/2033/4602
f 3522/2034/4603 3507/2035/4604 3548/3775/4605
f 3449/2036/4606 3444/2037/4607 3442/3776/4608
f 3504/2040/4609 3535/2039/4560 3543/2041/4610
f 3424/2042/4480 3453/1853/4446 3422/1856/4449
f 3506/2043/4611 3559/2044/4612 3582/1871/4613
f 3443/2047/4614 3451/2046/4615 3409/2003/4572
f 3410/1854/4445 3566/1858/4450 3422/1856/4449
f 3444/2050/4497 3586/2049/4497 3584/2051/4497
f 3446/2053/4497 3499/2052/4497 3445/2054/4540
f 3447/2056/4497 3551/2055/4497 3448/2057/4497
f 3409/2058/4616 3579/2059/4617 3561/2127/4618
f 3442/1901/4608 3584/2061/4619 3581/2125/4620
f 3563/2063/4621 3423/1887/4478 3567/1999/4568
f 3451/2064/4622 3437/2060/4623 3409/2058/4616
f 3415/1920/4511 3512/2066/4624 3413/1980/4455
f 3408/2067/4583 3445/1912/4625 3407/1910/4500
f 3419/1933/4517 3481/1866/4458 3417/1934/4626
f 3479/2068/4627 3473/2069/4628 3450/3777/4629
f 3553/2072/4540 3555/2071/4497 3552/2073/4497
f 3476/2074/4630 3452/2075/4631 3451/2046/4615
f 3454/2077/4437 3458/2078/4479 3457/3778/4536
f 3457/1946/4536 3460/1967/4549 3459/1942/4532
f 3459/1942/4532 3456/1848/4439 3455/1944/4533
f 3461/1849/4441 3465/1998/4566 3462/1865/4459
f 3466/2080/4444 3467/2079/4542 3465/2081/4566
f 3468/1851/4443 3463/2082/4476 3467/2079/4542
f 3461/1849/4441 3455/1944/4533 3456/1848/4439
f 3472/2083/4632 3453/1853/4446 3454/2077/4437
f 3464/1878/4470 3469/2084/4477 3463/2082/4476
f 3469/2085/4633 3451/2064/4622 3452/2021/4590
f 3471/2086/4634 3450/2020/4588 3449/1899/4492
f 3473/2087/4497 3476/1977/4497 3474/1975/4497
f 3474/2038/4635 3450/2088/4629 3473/2089/4628
f 3496/2090/4636 3407/2017/4585 3480/2091/4637
f 3501/2015/4638 3477/2092/4639 3502/2093/4640
f 3455/1944/4533 3485/2094/4516 3484/1943/4534
f 3484/2095/4534 3487/1929/4522 3486/2096/4535
f 3486/2096/4535 3483/1947/4537 3482/1963/4438
f 3493/1955/4565 3489/1993/4539 3494/1949/4538
f 3491/1996/4567 3494/1949/4538 3492/1978/4520
f 3462/1865/4459 3492/2097/4520 3488/1928/4519
f 3482/1963/4438 3496/1948/4641 3495/1844/4436
f 3490/1953/4541 3497/1994/4564 3489/1993/4539
f 3495/2098/4642 3480/2091/4637 3479/2018/4587
f 3477/2023/4591 3497/2099/4643 3498/2022/4589
f 3499/2052/4497 3502/1952/4644 3500/1950/4540
f 3500/2070/4645 3480/2100/4502 3499/1911/4501
f 3452/2101/4631 3502/2093/4640 3477/2092/4639
f 3516/1918/4510 3511/1862/4555 3512/2066/4624
f 3519/2103/4456 3524/1921/4513 3523/1890/4483
f 3518/2104/4577 3515/1923/4514 3516/1918/4510
f 3523/1890/4483 3526/2105/4557 3525/3779/4527
f 3514/2029/4597 3517/1984/4512 3518/2009/4577
f 3525/1938/4527 3522/2106/4603 3521/1936/4525
f 3533/1987/4561 3529/1842/4433 3534/1961/4545
f 3535/2108/4560 3539/1969/4547 3536/1875/4467
f 3531/1990/4563 3534/2109/4545 3532/1957/4544
f 3540/2110/4559 3541/1916/4507 3539/1959/4547
f 3528/1992/4646 3532/1957/4544 3527/1863/4575
f 3542/1989/4562 3538/2111/4508 3541/1916/4507
f 3513/1983/4556 3508/2112/4599 3507/2035/4604
f 3521/1936/4525 3548/2113/4605 3547/3774/4526
f 3536/1875/4467 3543/2114/4610 3535/2108/4560
f 3530/1985/4558 3503/2115/4647 3529/1842/4433
f 3543/2116/4648 3506/2043/4611 3505/1868/4461
f 3508/1904/4649 3545/2117/4490 3507/1897/4489
f 3509/2118/4474 3548/1898/4650 3510/1896/4488
f 3550/1870/4462 3503/2119/4651 3504/1869/4460
f 3551/2055/4497 3553/2072/4540 3552/2073/4497
f 3555/2071/4497 3557/1907/4497 3556/1905/4497
f 3505/1868/4596 3557/1872/4464 3558/3780/4594
f 3545/2033/4602 3551/2121/4652 3552/2032/4600
f 3549/1861/4453 3553/2122/4653 3554/1860/4451
f 3555/2123/4654 3509/2012/4580 3510/3781/4601
f 3411/2124/4593 3503/2119/4651 3549/2120/4655
f 3581/2125/4620 3583/1873/4656 3582/1871/4463
f 3571/2007/4551 3575/1940/4528 3572/1937/4574
f 3576/1973/4531 3577/1939/4484 3575/1940/4528
f 3577/1892/4484 3574/1974/4552 3573/1891/4482
f 3570/1971/4550 3566/1858/4450 3565/1970/4468
f 3568/1917/4546 3569/2000/4448 3570/1960/4550
f 3563/2063/4621 3568/1917/4546 3564/1864/4506
f 3564/1864/4506 3574/1974/4552 3563/2063/4621
f 3572/1937/4574 3579/2008/4576 3571/2007/4551
f 3565/1970/4468 3560/2048/4657 3559/1874/4466
f 3561/2127/4618 3580/1882/4658 3562/1880/4472
f 3581/2125/4659 3559/2044/4612 3560/2130/4660
f 3584/2051/4497 3585/2128/4497 3583/1906/4497
f 3585/2129/4661 3561/2005/4573 3562/2010/4579
f 3560/2130/4660 3442/1901/4493 3581/2125/4659
f 3588/2131/4662 3599/2132/4663 3600/3782/4664
f 3587/2134/4665 3597/2135/4666 3599/2164/4667
f 3594/2138/4668 3593/2137/4669 3596/2139/4669
f 3595/2140/4670 3594/2141/4671 3596/3783/4670
f 3605/2143/4672 3599/2144/4673 3604/3784/4674
f 3602/2146/4675 3598/2147/4676 3603/3785/4677
f 3601/2150/4678 3605/2149/4679 3606/2151/4680
f 3598/2152/4681 3606/2151/4682 3603/2153/4683
f 3589/2155/4684 3591/2154/4685 3590/2156/4685
f 3592/2158/4686 3590/2157/4687 3593/2159/4688
f 3591/2160/4689 3588/2161/4690 3595/3786/4691
f 3604/2163/4692 3597/2135/4693 3602/3787/4694
f 3594/2166/4695 3598/2165/4696 3592/2167/4697
f 3594/2168/4698 3600/2169/4699 3601/2150/4700
f 2734/547/3469 3613/2171/4701 2717/549/3470
f 3611/2173/4140 2734/547/4223 3120/2174/4223
f 3120/2174/4702 3610/2175/4058 3611/2173/4060
f 3112/1269/4703 3610/2175/4062 3114/1268/4704
f 3609/2177/4140 3000/2176/3890 3111/2178/3890
f 3000/2179/4705 3607/2180/3989 2723/1259/4705
f 2719/509/3445 3607/2182/3450 2721/511/453
f 3613/2183/451 2858/506/451 2717/507/451
f 3114/1268/4706 2734/547/4707 3121/548/4708
f 4300/964/4709 3001/685/4710 4299/2184/4711
f 4370/2185/4712 2808/362/3807 2774/675/4713
f 4314/2186/4045 2647/355/3480 2811/992/4043
f 2723/1236/4040 2706/893/3752 2705/892/3751
f 574/1691/786 3614/995/3854 2705/892/3751
f 2697/476/3421 2723/1236/4040 3614/995/3854
f 3994/2187/4142 3378/1736/4319 3339/2188/4142
f 3378/1736/4319 3380/2189/4714 3937/1815/4715
f 3937/1815/4715 3376/2191/4716 3957/2190/4717
f 3380/2189/4714 3922/2192/4718 3937/1815/4715
f 3376/2191/4716 3937/1815/4715 3958/2193/4719
f 3958/2193/4719 3937/1815/4715 3922/2192/4718
f 3922/2192/4718 3380/2189/4720 3381/2194/336
f 3380/2189/4714 3385/1734/4318 3981/2195/336
f 3405/1735/4142 3378/1736/4319 3994/2187/4142
f 3380/2189/4714 3378/1736/4319 3385/1734/4318
f 2823/769/3669 2785/720/3617 3808/718/3345
f 2715/1840/336 3292/354/336 2714/1839/336
f 3292/354/336 3835/2196/336 2709/1642/336
f 3641/2198/4721 3692/2197/4722 3666/2199/4723
f 3669/2201/4724 3627/2200/4725 3626/2202/4726
f 3624/2204/4727 3674/2203/4728 3669/2201/4724
f 3616/2206/4729 3687/2205/4730 3615/2207/4731
f 3693/2208/4732 3634/2209/4733 3687/2205/4730
f 3631/2211/4734 3675/2212/4735 3632/2243/4736
f 3670/2213/4737 3630/2214/4738 3675/2212/4735
f 3629/2215/4739 3695/2216/4740 3630/2214/4738
f 3644/2218/4741 3695/2216/4740 3700/2217/4742
f 3618/2219/4743 3663/2220/4744 3619/2249/4745
f 3650/2223/1814 3688/2222/1816 3697/2224/1817
f 3650/2223/1814 3679/2225/1813 3639/3788/1814
f 3705/2227/4746 3617/2228/4747 3663/3789/4744
f 3706/2231/4748 3625/2230/4749 3624/2204/4727
f 3662/2233/1232 3693/2232/451 3708/2234/451
f 3640/2235/1869 3701/2236/1823 3641/3790/4750
f 3643/2239/4751 3664/2238/4752 3706/2231/4748
f 3633/2210/4753 3684/2240/4754 3634/2209/4733
f 3678/2242/4755 3632/2243/4736 3684/3791/4754
f 3637/2229/4756 3686/2244/4757 3617/2228/4747
f 3703/2245/4758 3615/2207/4731 3686/2244/4757
f 3668/2247/4759 3621/2246/4760 3620/2248/4761
f 3668/2247/4759 3619/2249/4745 3673/3792/4762
f 3701/2251/4763 3622/2250/4764 3641/2198/4721
f 3620/2248/4761 3683/2252/4765 3701/2251/4763
f 3704/2254/4766 3628/2253/4767 3644/2218/4741
f 3626/2202/4726 3709/2255/4768 3704/2256/4766
f 3635/2257/451 3693/2232/451 3616/2258/451
f 3639/2259/1841 3701/2236/1823 3688/2237/1823
f 3645/2260/1230 3700/2261/1842 3629/3793/4769
f 3657/2263/1847 3700/2261/1842 3710/2262/1842
f 3642/2264/4769 3666/2265/451 3643/3794/4769
f 3640/2235/1869 3666/2265/451 3696/2266/451
f 3636/2267/451 3703/2268/451 3637/3795/451
f 3635/2257/451 3703/2268/451 3665/2269/451
f 3662/2233/1232 3678/2270/1871 3633/3796/1232
f 3646/2272/1843 3678/2270/1871 3699/2271/1871
f 3646/2272/1843 3670/2273/1842 3631/3797/1872
f 3645/2260/1230 3670/2273/1842 3680/2274/1842
f 3654/2275/1845 3706/2276/4770 3624/3798/1845
f 3642/2264/4769 3706/2276/4770 3702/2277/4770
f 3656/2278/451 3669/2279/451 3626/3799/451
f 3654/2275/1845 3669/2279/451 3694/2280/451
f 3639/2259/1841 3668/2281/1823 3620/3800/4771
f 3649/2283/1863 3679/2225/1813 3689/2226/1815
f 3660/2284/1864 3680/2285/4772 3646/3801/1864
f 3659/2287/1853 3680/2285/4772 3691/2286/1877
f 3648/2288/4773 3665/2289/4774 3636/3802/1860
f 3647/2291/1874 3665/2289/4774 3676/2290/4774
f 3647/2291/1874 3708/2292/1880 3635/2293/1874
f 3661/2294/4775 3708/2292/1880 3677/2295/1880
f 3652/2296/1854 3696/2266/4776 3642/2264/4777
f 3651/2298/1849 3696/2266/4776 3672/2297/4778
f 3658/2299/1850 3667/2300/4779 3657/3803/1850
f 3655/2303/1859 3667/2302/4779 3707/2304/4780
f 3661/2294/4775 3699/2305/4781 3662/3804/4775
f 3638/2307/1822 3668/2281/1823 3679/2282/1823
f 3638/2307/1822 3705/2308/4782 3618/3805/4782
f 3636/2267/451 3705/2308/4782 3671/2309/4783
f 3657/2263/1847 3704/2310/1846 3644/2311/4784
f 3656/2278/451 3704/2310/1846 3667/2312/4785
f 3651/2313/1849 3688/2222/1816 3640/3806/1849
f 3660/2314/1864 3699/2305/4781 3698/2306/4781
f 3653/2315/1857 3702/2316/1855 3654/3807/1857
f 3652/2318/1854 3702/2316/1855 3682/2317/4786
f 3659/2287/1853 3710/2319/1852 3645/3808/1853
f 3658/2299/1850 3710/2319/1852 3685/2320/1852
f 3649/2321/1863 3671/2322/1862 3638/3809/1863
f 3648/2288/4773 3671/2322/1862 3681/2323/1862
f 3655/2303/1859 3694/2324/1858 3656/3810/1859
f 3653/2315/1857 3694/2324/1858 3690/2325/1858
f 3666/2327/4723 3623/2326/4787 3643/2239/4751
f 3712/2328/4157 3713/656/3560 3714/3811/3668
f 2827/729/3577 3717/1686/4271 3718/1690/4788
f 2826/722/4789 3718/1690/4788 3720/1688/4274
f 2789/730/4790 3719/928/3785 3717/1686/4271
f 3718/1690/4788 3315/2330/4273 3316/1689/4275
f 3317/1687/4272 3721/929/3787 3318/2331/4791
f 2661/2332/4301 3727/1722/4792 3726/1811/4405
f 3906/2334/4298 3724/1716/4317 3356/2336/4299
f 3359/2333/4793 3723/1714/3345 3727/1722/3345
f 3323/2335/4286 3724/1716/3345 3723/1714/3345
f 2842/955/4794 3726/1449/4163 3375/2337/4795
f 2821/630/3535 3714/768/3668 3715/2338/3670
f 3731/1353/4225 2995/2339/3766 2996/731/3765
f 2838/613/4796 3732/1417/3653 2856/875/3746
f 2995/2339/3523 3730/1391/3345 2838/613/3523
f 3841/480/4797 2988/2340/4798 2984/655/4799
f 3846/1613/4800 2993/624/3827 2997/345/4801
f 2991/2341/3523 3729/979/3345 2992/625/3523
f 2680/953/3655 3850/2342/3848 2869/2343/3816
f 3809/492/3436 3736/707/3345 2979/631/3523
f 2987/734/3632 3734/980/3424 2991/2341/4802
f 3757/2344/4803 3738/1641/4804 3762/2345/4805
f 3756/2346/4806 4399/2347/4807 4393/2398/4807
f 3798/2350/4808 1634/2349/1908 3787/2351/4808
f 3744/2353/4809 3743/2352/4810 3742/2354/4811
f 3770/2356/4812 3781/2355/4813 3759/2357/4814
f 3799/2359/4815 3775/2358/4816 3788/2360/4815
f 4383/2362/4817 3745/2361/4818 3740/2363/4819
f 4379/2365/4820 4396/2364/4821 4391/2366/4822
f 3780/2368/4823 3765/2367/4824 3744/2353/4825
f 3789/2369/4826 3739/773/3672 3774/2425/4827
f 3770/2371/4828 3779/2370/4829 3782/2372/4830
f 1650/2373/1932 3788/2360/4815 1635/2374/1932
f 2882/1187/4831 3739/773/3672 3758/644/4832
f 3784/2376/4833 3755/2375/4834 3793/2377/4835
f 3779/2370/4836 3741/2378/4837 3777/2379/4838
f 3769/2380/4839 4396/2364/4840 4402/2381/4841
f 3792/2382/4842 1661/2383/1908 1639/3812/4843
f 3783/2385/4844 3793/2377/4845 3765/2386/4846
f 3754/2387/4847 3781/2355/4848 3753/2388/4849
f 3757/2344/4803 2899/1338/4850 3738/1641/4804
f 3741/2378/4837 3761/2389/4851 3738/1641/4804
f 3761/2389/4851 3760/2390/4852 3738/1641/4804
f 3760/2390/4852 3762/2345/4805 3738/1641/4804
f 3740/2363/4819 3752/2392/4853 3750/2391/4854
f 2944/2393/3345 2679/736/3345 3728/969/3345
f 3763/2394/4855 2881/2395/4856 3764/3345/4857
f 3793/2377/4845 3766/2396/4858 3765/2386/4846
f 3766/2396/4859 3756/2346/4860 3767/2397/4861
f 3767/2397/4861 4393/2398/4862 4401/3342/4863
f 4388/2399/4864 2896/797/4865 4394/645/4866
f 2775/653/3557 3777/2379/4838 3733/2400/4867
f 3771/2401/4868 3761/2389/4869 3772/2403/4870
f 3773/2402/4871 3760/2390/4872 3771/2401/4868
f 3772/2403/4870 3749/2404/4873 3770/2371/4828
f 3768/2405/4874 3762/2345/4875 3773/2402/4871
f 3768/2406/4876 3752/2392/4877 3745/2361/4876
f 3750/2391/4878 3770/2356/4812 3759/2357/4814
f 3773/2409/4879 3751/2408/4880 3752/2392/4877
f 3771/2410/4881 3750/2391/4878 3751/2408/4880
f 3782/2411/4882 3753/2388/4883 3781/2355/4813
f 3794/2414/4884 3775/2413/4885 3796/2415/4886
f 3767/2417/4887 4400/2416/4888 3743/2352/4889
f 3747/2418/4890 3767/2417/4887 3743/2352/4889
f 3765/2367/4824 3747/2418/4891 3744/2353/4825
f 3753/2388/4892 3764/2420/4893 3754/2387/4894
f 1660/2422/1932 3791/2421/4895 1640/2423/1932
f 3758/644/4832 3789/2369/4826 3778/2424/4896
f 1583/2426/1999 3774/2425/4827 3739/773/3672
f 3746/2427/4897 3783/2428/4898 3780/2368/4823
f 3758/644/3549 3783/2385/4844 3769/2429/3550
f 2903/812/4899 3786/2430/4834 3787/2431/4900
f 1634/2432/2005 2903/812/4899 3787/2431/4900
f 3796/2433/4901 3805/2384/4842 3792/2382/4842
f 3774/2425/4827 1635/2435/2008 3788/2436/4902
f 3775/2413/4885 3774/2425/4827 3788/2436/4902
f 3790/2437/4903 3794/2414/4884 3795/2447/4904
f 3799/2439/4905 3806/2438/4906 3802/2440/4907
f 3790/2442/4908 3797/2441/4909 3786/2443/4909
f 1654/2445/2017 3798/2444/4910 3801/2446/4911
f 3793/2377/4835 3794/2414/4884 3784/2376/4833
f 3796/2415/4886 3795/2447/4904 3794/2414/4884
f 3795/2448/4904 3792/2449/4912 3791/2451/4913
f 3791/2451/4913 1639/2452/2022 1640/3813/2022
f 3801/2446/4911 3797/2453/4833 3800/2454/4914
f 3775/2455/4915 3806/2456/4915 3796/3814/4915
f 3804/2458/4912 3800/2454/4914 3803/2459/4916
f 1650/2461/2027 3805/2460/4917 3799/2439/4905
f 1660/2462/2022 3801/2446/4911 3804/2458/4912
f 3795/2463/4918 3800/2464/4908 3790/2442/4908
f 3804/2467/4895 3795/2466/4919 3791/2421/4895
f 3786/2468/4920 3798/2350/4808 3787/2351/4808
f 3780/2368/4921 3744/2353/4809 3742/2354/4811
f 2823/769/4922 3716/696/4923 3715/2338/4924
f 3733/2400/4867 3847/2470/4925 3810/706/3609
f 2985/1013/4926 3807/2471/4168 3808/718/4167
f 3807/2471/4927 2988/2340/4928 3811/721/3618
f 2822/1336/4929 3715/2338/4924 3716/696/4923
f 3759/2357/4930 3776/2472/4931 3740/2363/4819
f 3778/2424/4896 3794/2414/4884 3793/2377/4835
f 4379/2365/4820 3740/2363/4819 3776/2472/4931
f 3779/2370/4836 2776/652/3556 3748/425/3373
f 3828/2474/4932 3821/2473/4932 3820/2475/4932
f 2783/926/3783 1669/2476/2045 3813/2477/3784
f 3833/927/4933 2902/715/3614 3832/811/4933
f 3826/2479/4934 3828/2478/4935 3823/2492/4936
f 3812/2481/4100 570/2482/2050 2709/2510/4937
f 3817/2484/4938 3825/2485/4939 3816/2504/4940
f 3835/2487/4941 3137/2488/4942 3834/2511/3658
f 3822/2490/4943 1680/2491/2058 1681/3815/4944
f 3819/2493/4945 3827/2494/4946 3815/2502/4947
f 3814/2496/4948 3822/2497/4949 3138/2518/4950
f 1680/2500/2067 3813/2499/4951 1669/2501/2067
f 3815/2502/4947 3826/2503/4952 3817/3816/4938
f 3816/2504/4940 3824/2498/4953 3814/2496/4948
f 3823/2506/4954 3818/2505/4955 3813/2499/4951
f 3831/2507/4956 3819/2493/4945 3821/2473/4957
f 3829/2509/4958 3820/2508/4959 3818/2505/4955
f 3786/2430/4834 3784/2376/4833 3790/2437/4903
f 2901/2348/4960 3755/2375/4834 3785/813/4834
f 2709/2510/4937 3834/2511/3658 3812/2481/4100
f 2783/926/4961 3832/811/4933 2866/760/3657
f 2902/715/4962 3785/813/3722 3832/811/3722
f 3820/2512/4963 3833/927/4964 3818/925/3782
f 3821/2513/4965 2784/717/4966 3820/2512/4963
f 3817/763/3659 3137/2514/4942 3815/2515/4967
f 3814/2516/4968 3812/1307/4100 3834/764/3658
f 3138/2518/4950 1681/2519/2086 958/3817/2086
f 3814/2516/4968 3834/764/3658 3816/765/3660
f 3137/2514/4942 3819/2520/4967 3815/2515/4967
f 2708/2521/336 3835/2196/336 3292/354/336
f 4384/2522/4969 3776/2472/4931 3754/2387/4847
f 2695/2523/4093 3722/1448/3345 2664/956/3345
f 3837/751/3653 2842/955/4794 3375/2337/4795
f 2840/1790/3824 3836/1774/4410 3369/1743/3824
f 3382/1772/3345 3383/1812/3345 3333/1723/3345
f 3612/2524/4970 3839/663/3567 3613/3818/4701
f 2725/2525/451 3839/518/451 3105/2526/451
f 3292/354/336 3712/1006/336 3319/353/336
f 3733/2400/4867 3741/2378/4837 3848/2529/4971
f 2652/2527/3345 3728/969/3345 3843/2531/3345
f 2868/816/4431 3850/2528/3653 3842/1418/3653
f 2818/343/3345 3842/1418/3345 3845/1392/3345
f 3847/2470/4925 2988/2340/3345 3849/705/3345
f 3848/2529/4971 3811/721/4972 3847/2470/4925
f 3741/2378/4837 2900/697/4973 3848/2529/4971
f 3737/478/4138 3849/705/4974 3841/480/4797
f 3731/1353/4133 3840/2530/4975 3846/1613/4800
f 2652/2527/3345 2680/953/3345 2651/954/3345
f 3846/1613/4976 2818/343/3325 3845/1392/4226
f 2986/623/3345 3840/2530/3345 3844/479/3345
f 3841/480/4977 2986/623/3558 3844/479/3423
f 3843/2531/3848 3732/968/3824 3850/2342/3848
f 2886/429/3687 2883/785/4978 2884/427/3683
f 2888/789/4035 2769/2533/3853 2890/777/3677
f 2728/528/3459 3080/1127/4148 3079/565/4979
f 3134/2536/4227 3216/2535/3510 3133/2534/3982
f 2755/2538/4195 1730/2537/2096 1732/2539/2096
f 2753/1167/3979 2755/2538/4195 1732/2539/2096
f 2218/2541/2098 3213/1148/2099 1722/1508/2099
f 3202/597/3509 1728/573/336 1721/599/336
f 4278/2543/4980 4282/2544/4981 4275/3819/4982
f 2754/1146/2104 3218/1153/4983 1714/1514/1240
f 1715/2546/2105 3881/2547/4984 536/3820/4985
f 4279/2550/514 1733/2549/514 1725/2551/514
f 3220/2553/1259 1717/2552/1259 1718/2554/1259
f 1734/1490/336 2758/1156/4986 1713/3181/2759
f 3197/1158/3974 1729/598/518 1726/2555/1329
f 4311/2556/4987 3900/2548/4988 1715/2546/2108
f 3392/1835/4989 3330/1704/4291 3367/1724/4309
f 1743/2557/2112 3867/2558/2113 3873/2566/2117
f 3870/2560/2114 1737/2561/2115 1739/2569/2120
f 3855/2563/514 1740/2559/2113 1757/2564/514
f 1742/2565/2116 3873/2566/2117 3876/2568/2119
f 1741/2567/2118 3876/2568/2119 3879/2570/2121
f 1739/2569/2120 3879/2570/2121 3870/2560/2114
f 3869/2572/4990 3875/2571/4991 3866/2597/4992
f 3853/2574/4993 3857/2575/4994 3856/3821/4995
f 3856/2578/4995 3858/2577/4996 3854/2579/4997
f 3855/2563/4998 3857/2580/4994 3859/3822/4999
f 3865/2582/5000 3854/2579/4997 3863/2583/5001
f 3865/2584/5000 3853/2574/4993 3856/3821/4995
f 1759/2585/2135 3855/2563/4998 1757/2564/2136
f 1758/2586/2137 3858/2577/4996 1759/2587/2135
f 3869/2572/5002 3880/2588/5003 3878/2592/5004
f 3870/2560/5005 3880/2590/5003 3871/2591/5006
f 3878/2592/5004 3877/2593/5007 3875/2571/5008
f 3880/2590/5003 3876/2568/5009 3877/2596/5007
f 3877/2593/5007 3872/2594/5010 3875/2571/5008
f 3876/2568/5009 3874/2595/5011 3877/2596/5007
f 3874/2598/5011 3866/2597/5012 3872/2594/5010
f 3873/2566/5013 3868/2599/5014 3874/2595/5011
f 3866/2597/5012 3859/2576/4999 3853/2574/4993
f 3868/2599/5014 3855/2563/4998 3859/3822/4999
f 3870/2560/5005 3862/2601/5015 3861/2562/5016
f 3871/2589/5006 3860/2602/5017 3862/3823/5015
f 1738/2603/2155 3854/2579/2155 1758/2586/2155
f 3899/2604/5018 976/2605/2157 977/3824/5019
f 3720/1688/4274 3904/2608/5020 3902/2607/5021
f 4309/2609/5022 4307/2610/2162 4377/3177/5023
f 965/2612/2164 3888/1645/4231 975/2613/2164
f 3151/2614/5024 3889/2606/5025 3899/2604/5018
f 3150/1325/4116 3893/999/5026 3889/1327/4118
f 980/2616/451 3899/2604/451 977/3824/451
f 3892/1324/4115 3146/1322/5027 3142/1316/4108
f 975/2617/2168 3890/1319/4112 980/2618/2169
f 562/2619/514 3885/616/3524 3883/673/4039
f 3070/2621/3926 3897/1315/5028 3891/1313/4106
f 818/2622/2172 3891/1132/3948 815/2623/2173
f 1800/2624/2174 3886/672/3837 3894/978/3837
f 2855/724/3619 3884/2626/5029 3894/2637/5029
f 819/1328/2176 3895/998/3855 818/2622/2176
f 536/2627/2177 3882/896/3754 971/2628/2177
f 568/2629/2178 3896/783/3696 566/2630/2179
f 560/2620/2170 3887/618/3681 3885/616/3524
f 2826/722/4789 3902/2607/5021 3884/2626/5030
f 3147/2632/5031 3892/1111/3930 3142/2633/3777
f 3896/783/3682 561/2631/2180 566/2630/2183
f 3720/1688/4274 3902/2607/5021 2826/722/4789
f 3904/2608/5020 3903/2634/5032 3902/2607/5021
f 3884/2626/5029 1800/2636/2186 3894/2637/5029
f 3903/2634/5032 3884/2626/5030 3902/2607/5021
f 1797/2638/514 3904/2608/5020 3901/2639/4276
f 3318/2331/4791 2787/1077/4278 2806/1076/5033
f 3901/2639/4276 3904/2608/5020 3720/1688/4274
f 564/2625/1237 3883/673/4039 3886/672/3578
f 1799/2640/2104 3905/2635/5034 1797/2638/514
f 3947/2641/5035 3906/2643/5036 3937/2642/5037
f 4036/2645/5038 4047/2644/5039 4042/2646/5040
f 3930/2648/5041 3945/2647/5042 3946/2649/5043
f 3920/2651/5044 3972/2650/5045 3965/2652/5046
f 4160/2654/5047 3951/2653/5048 4157/2655/5049
f 2148/2657/2205 4031/2656/5050 2147/2658/2206
f 3963/2659/5051 3908/2660/5052 3907/2901/5053
f 3951/2653/5048 4159/2662/5054 4157/2655/5049
f 3725/2663/5055 3952/2664/5056 3948/3825/5057
f 3931/2665/5058 4551/2666/5059 3932/2671/5060
f 3931/2665/5061 3946/2649/5043 3954/2668/5062
f 3949/2667/5063 3954/2668/5062 3950/2772/5064
f 3975/2670/5065 3929/2669/5066 3932/2671/5060
f 4056/2672/5067 4007/2673/5068 4057/2880/5069
f 4083/2675/5070 4201/2677/5071 4045/2676/5072
f 3979/2679/514 4156/2678/514 4161/2680/514
f 3913/2681/5073 3911/2682/5074 3912/2712/5075
f 3975/2670/5065 4553/2684/5076 3976/2685/5077
f 4029/2687/5078 1804/2686/2234 4027/2688/5079
f 4181/2690/5080 4216/2689/5081 4220/2691/5082
f 3914/2683/5083 3960/2692/5084 3967/2693/5085
f 4024/2694/5086 3923/2695/5087 4027/2688/5079
f 3926/2697/5088 3969/2698/5089 3925/2702/5090
f 3970/2700/5091 3914/2683/5083 3967/2693/5085
f 3925/2702/5090 3968/2703/5092 3924/2755/5093
f 3944/2696/5094 3920/2651/5044 3923/2695/5087
f 3973/2661/5095 3953/2705/5096 3908/2660/5052
f 3929/2669/5066 3964/2706/5097 3927/2707/5098
f 4025/2708/5099 1806/2709/2257 1157/3826/5100
f 4223/2710/5101 3908/2660/5052 3953/2705/5096
f 3912/2712/5102 3942/2711/5103 3364/2713/5104
f 4178/2714/5105 4040/2715/5106 4041/2878/5107
f 3937/2642/5108 3957/2718/5109 4167/2717/5110
f 3966/2719/5111 3926/2697/5088 3921/2720/5112
f 3917/2701/5113 3915/2721/5114 3916/2743/5115
f 3911/2682/5116 3940/2723/5117 3942/2711/5103
f 3943/2724/5118 3944/2696/5119 3939/2876/5120
f 4233/2725/5121 4184/2726/5122 3991/3075/5123
f 3921/2720/5112 3962/2728/5124 3966/2719/5111
f 3932/2671/5060 3930/2648/5125 3931/2665/5058
f 3927/2707/5098 3930/2648/5125 3929/2669/5066
f 3918/2722/5126 3970/2700/5091 3972/2650/5045
f 4004/2731/5127 4012/2730/5128 4015/2732/5129
f 3996/2734/5130 4019/2733/5131 4020/2735/5132
f 4509/2737/5133 4518/2736/5134 4515/2738/5135
f 3983/2739/5136 3952/2664/5056 3985/2740/5136
f 4553/2684/5076 4511/2741/5137 4509/3457/5138
f 3940/2723/5117 3915/2721/5139 3941/2748/5140
f 3957/2718/5109 4170/2744/5141 4167/2717/5110
f 4175/2745/5142 1805/2746/2300 4026/2875/5143
f 3965/2652/5046 3923/2695/5087 3920/2651/5044
f 3941/2748/5140 3919/2704/5144 3943/2724/5118
f 3914/2683/5083 3916/2743/5115 3911/2682/5074
f 4030/2749/5145 1803/2750/2305 1808/2873/2431
f 3918/2722/5126 3919/2704/5146 3915/2721/5114
f 4097/2752/5147 4153/2753/5148 4151/2835/5149
f 3924/2755/5093 3959/2756/5150 4013/3054/5151
f 3958/2758/5152 4168/2757/5153 4171/2759/5154
f 4029/2687/5078 3962/2728/5124 4030/2749/5145
f 3961/2760/5155 3966/2719/5111 3962/2728/5124
f 3974/2761/5156 3976/2685/5077 3973/2661/5095
f 3969/2698/5089 3967/2693/5085 3968/2703/5092
f 3964/2706/5097 3973/2661/5095 3963/2659/5051
f 4049/1334/5157 3927/2707/5098 4050/1792/4376
f 3968/2703/5092 3960/2692/5084 3959/2756/5150
f 3969/2698/5089 3972/2650/5045 3970/2700/5091
f 3965/2652/5046 3971/2699/5158 3966/2719/5111
f 3376/2762/5159 4171/2759/5154 4170/2763/5141
f 4160/2654/5047 3978/2764/5160 3977/2771/5161
f 3988/2742/5162 3909/2765/5163 3987/3070/5164
f 3993/2767/514 4158/2766/514 4164/2768/514
f 3978/2764/5160 3986/2769/5165 3977/2771/5161
f 3986/2769/5165 4551/2666/5059 3984/2770/5166
f 3984/2770/5166 3977/2771/5161 3986/2769/5165
f 3951/2653/5048 3985/2740/5167 3952/2664/5168
f 3950/2772/5064 3985/2740/5136 3949/2667/5063
f 4254/2773/5169 4229/2774/5170 4258/3104/5171
f 4172/2777/5172 3385/2776/5173 4173/2778/5174
f 4173/2778/5174 3405/2779/5175 4176/2780/5176
f 4182/2781/5177 4490/2783/5178 4245/2782/5179
f 4042/2646/5040 4011/2784/5180 4221/2843/5181
f 4209/2786/5182 3910/2787/5183 3921/2720/5112
f 4174/2790/5184 3339/2789/5185 4169/2791/5186
f 4055/2792/514 4164/2768/514 4166/2793/514
f 4224/2795/5187 4183/3083/5188 4185/2794/5189
f 4037/1793/4377 4051/2796/5190 4040/2715/5106
f 4179/2716/5191 4217/2797/5192 4215/2798/5193
f 4032/2799/5194 1813/2800/2354 4033/2870/5195
f 4145/2803/5196 4056/2802/5197 4147/2804/5198
f 4213/2805/5199 3921/2720/5112 3926/2697/5088
f 4087/2807/5200 4140/2806/5201 4086/2808/5202
f 4006/2809/5203 3997/2810/5204 4005/2832/5205
f 4212/2812/5206 3924/2755/5093 4210/3060/5207
f 4149/2813/5208 4015/2814/5209 4017/2952/5210
f 4043/2785/5211 4047/2644/5039 4196/2816/5212
f 4090/2817/5213 4142/2818/5214 4144/2948/5215
f 1811/2821/2375 4035/2820/5216 4034/2822/5217
f 3995/2824/5218 4000/2823/5219 3999/2825/5220
f 4099/2826/5221 4143/2827/5222 4152/2837/5223
f 4086/2808/5202 4139/2829/5224 4085/2830/5225
f 4002/2831/5226 4005/2832/5205 4001/2869/5227
f 4177/2833/5228 4039/1333/4375 4037/1793/4377
f 4096/2834/5229 4151/2835/5149 4150/2815/5230
f 4020/2836/5231 4153/2753/5148 4152/2837/5223
f 1810/2839/2393 4214/2838/5232 4035/2820/5233
f 4239/2841/5234 3938/2840/5235 4237/2842/5236
f 4036/2645/5038 4221/2843/5181 4180/2888/5237
f 1827/2844/2399 4022/2751/5238 4214/2838/5232
f 4136/2845/5239 4087/2807/5200 4105/2846/5240
f 4091/2847/5241 4147/2804/5198 4093/2848/5242
f 4007/2673/5068 4010/2849/5243 4008/2904/5244
f 4011/2784/5180 4222/2850/5245 4221/2843/5181
f 4198/2852/5246 4146/2853/5247 4092/2896/5248
f 4181/2690/5249 4219/2855/5250 3851/2856/5251
f 4095/2860/5255 4150/2815/5230 4149/2813/5208
f 4011/2784/5256 4017/2861/5257 4014/2851/5258
f 4014/2851/5258 4015/2732/5129 4012/2730/5128
f 4018/2863/5259 4020/2735/5132 4019/2733/5131
f 4003/2865/5260 4021/2864/5261 4018/2863/5259
f 4214/2838/5232 3910/2787/5183 4208/2788/5262
f 4034/2822/5217 3999/2825/5220 4000/2823/5219
f 4084/2867/5263 1824/2866/2424 1818/2868/2426
f 4001/2869/5227 4033/2870/5195 4002/2831/5226
f 4128/2871/5264 1818/2868/2426 1821/2872/2430
f 4029/2687/5078 1808/2873/2431 1809/2874/2432
f 3910/2787/5183 4030/2749/5145 3962/2728/5124
f 4169/2791/5186 4026/2875/5143 3935/3043/5265
f 3939/2876/5120 4024/2694/5266 4025/2708/5099
f 1806/2709/2435 4027/2688/5079 1804/2686/2234
f 3961/2760/5155 4027/2688/5079 3923/2695/5087
f 4040/2715/5106 4048/2877/5267 4041/2878/5107
f 4041/2878/5107 4046/2879/5268 4036/2645/5038
f 4556/2881/5269 4057/2880/5270 4558/2882/5271
f 4112/2883/5272 4085/2830/5225 4109/2884/5273
f 4125/2885/5274 4089/2828/5275 4099/2826/5221
f 4190/2887/5276 4043/2785/5277 4196/2816/5278
f 4041/2878/5107 4180/2888/5237 4178/2714/5105
f 4474/2891/5280 2857/2892/3907 3017/3460/5281
f 4043/2785/5277 4016/2862/5282 4011/2784/5256
f 4134/2895/5283 4092/2896/5248 4117/2937/5284
f 4126/2897/5285 4099/2826/5221 4098/2754/5286
f 4106/2898/5287 4073/2899/5288 4072/3020/5289
f 3908/2660/5052 4045/2676/5072 3907/2901/5053
f 4202/2902/5290 4083/2675/5291 4054/2903/5292
f 4051/2796/5190 3963/2659/5051 4048/2877/5267
f 4054/2903/5292 4008/2904/5244 4010/2849/5243
f 4154/2905/5293 4190/2906/5294 4191/2942/5295
f 4046/2879/5268 4045/2676/5072 4047/2644/5039
f 3907/2901/5053 4048/2877/5267 3963/2659/5051
f 3928/2729/5296 4052/1332/4120 3945/2647/5042
f 4147/2804/5198 3998/2908/5297 4141/2909/5298
f 4093/2848/5242 4141/2909/5298 4087/2807/5200
f 4555/2910/5299 4558/2882/5300 4557/2911/5301
f 3990/2912/514 4166/2793/514 4163/2913/514
f 4241/2914/5302 4163/2913/5303 4240/3093/5304
f 4176/2780/5176 3994/2916/5305 4174/2790/5184
f 3998/2811/5306 4057/2880/5069 3997/2810/5204
f 4230/2917/5307 4031/2656/5308 4225/3106/5309
f 3933/2920/5310 4250/2919/5311 4242/2921/5312
f 4111/2922/5313 4098/2754/5286 4097/2752/5147
f 4123/2923/5314 4096/2834/5229 4095/2860/5255
f 4123/2923/5314 4094/2925/5315 4120/2926/5316
f 4113/2928/5317 4071/2927/5318 4104/2929/5319
f 4114/2930/5320 4093/2848/5242 4136/2845/5239
f 4116/2931/5321 4587/2932/5322 4588/3827/5323
f 4593/2934/5324 4155/2935/5325 4589/3025/5326
f 4117/2937/5284 4091/2847/5241 4114/2930/5320
f 4129/2939/5327 4584/2938/5328 4108/2940/5329
f 4102/2886/5330 4090/2817/5213 4089/2828/5275
f 4191/2942/5295 4202/2943/5331 4203/2954/5332
f 4107/2941/5333 4088/2819/5334 4090/2817/5213
f 4142/2818/5214 1811/2945/2509 4034/2949/5335
f 4140/2806/5201 4002/2947/5336 4139/2829/5224
f 4144/2948/5215 4034/2949/5335 4000/2950/5337
f 4143/2827/5222 4000/2950/5337 3996/2958/5338
f 4148/2951/5339 4017/2952/5210 4016/3058/5340
f 4054/2953/5341 4203/2954/5332 4202/2943/5331
f 4092/2896/5248 4145/2803/5196 4091/2847/5241
f 4151/2835/5149 4021/2955/5342 4004/2962/5343
f 4138/2957/5344 1813/2956/2520 1824/2866/2424
f 4152/2837/5223 3996/2958/5338 4020/2836/5231
f 4098/2754/5286 4152/2837/5223 4153/2753/5148
f 4089/2828/5275 4144/2948/5215 4143/2827/5222
f 4053/2854/5345 4010/2959/5346 4146/2853/5247
f 4191/2942/5295 4100/2960/5347 4154/2905/5293
f 4094/2925/5315 4149/2813/5208 4148/2951/5339
f 4150/2815/5230 4004/2962/5343 4015/2814/5209
f 4088/2819/5334 1823/2946/2510 4142/2818/5214
f 4108/2940/5329 4128/2871/5264 4129/2939/5327
f 4146/2853/5247 4009/2964/5348 4145/2803/5196
f 4094/2925/5315 4154/2905/5293 4100/2960/5347
f 4199/2966/5349 4585/2965/5350 4063/2967/5351
f 4101/2968/5352 4063/2967/5351 4069/2969/5353
f 4076/2975/5359 4135/2977/5360 4077/2976/5361
f 4200/2979/5362 4586/2978/5363 4585/2965/5350
f 2516/2981/2545 4069/2969/5353 2515/2982/2546
f 4082/2995/5375 4581/2997/5376 4574/2996/5377
f 4085/2830/5225 4138/2957/5344 4084/2867/5263
f 1822/2999/2563 4583/2998/5378 4129/2939/5327
f 4130/2944/5379 1817/2963/2527 4088/2819/5334
f 4105/2846/5240 4086/2808/5202 4112/2883/5272
f 4122/3002/5380 4582/3003/5381 4079/3016/5382
f 4194/2961/5383 4133/3005/5384 4100/2960/5347
f 4108/2940/5329 4064/3007/5385 4113/2928/5317
f 4110/3008/5386 4080/3009/5387 4081/3013/5388
f 4137/3011/5389 4071/2927/5318 4590/3017/5390
f 4119/2924/5391 4097/2752/5147 4096/2834/5229
f 4127/3012/5392 4081/3013/5388 4082/3015/5393
f 4124/3014/5394 4082/3015/5393 4574/3018/5395
f 4118/3010/5396 4079/3016/5382 4080/3009/5387
f 4115/2933/5397 4590/3017/5390 4587/2932/5322
f 4109/2884/5273 4084/2867/5263 4128/2871/5264
f 4103/2900/5398 4574/3018/5395 4073/2899/5288
f 4131/3019/5399 4072/3020/5289 4066/3029/5400
f 4141/2909/5298 4006/3021/5401 4140/2806/5201
f 4155/2935/5325 4117/2937/5284 4116/2931/5321
f 4132/3022/5402 4188/3006/5403 4193/3027/5404
f 4120/2926/5316 4100/2960/5347 4133/3005/5384
f 4205/2936/5406 4134/2895/5283 4155/2935/5325
f 4104/2929/5319 4112/2883/5272 4113/2928/5317
f 1820/3000/2564 4131/3019/5399 1819/3024/2590
f 4107/2941/5333 4103/2900/5398 4106/2898/5287
f 4113/2928/5317 4109/2884/5273 4108/2940/5329
f 4116/2931/5321 4114/2930/5320 4115/2933/5397
f 4589/3025/5326 4116/2931/5321 4588/3827/5323
f 4115/2933/5397 4136/2845/5239 4137/3011/5389
f 4122/3002/5380 4120/2926/5316 4121/3004/5407
f 4119/2924/5391 4122/3002/5380 4118/3010/5396
f 4111/2922/5313 4118/3010/5396 4110/3008/5386
f 4127/3012/5392 4125/2885/5274 4126/2897/5285
f 4126/2897/5285 4110/3008/5386 4127/3012/5392
f 4102/2886/5330 4124/3014/5394 4103/2900/5398
f 4129/2939/5327 1821/2872/2430 1822/2999/2563
f 4130/2944/5379 4106/2898/5287 4131/3019/5399
f 4193/3027/5404 4062/3026/5408 4132/3022/5402
f 4121/3004/5407 4133/3005/5384 4132/3022/5402
f 4204/3023/5409 4198/2852/5246 4134/2895/5283
f 4137/3011/5389 4105/2846/5240 4104/2929/5319
f 1819/3024/2590 4066/3029/5400 1815/3828/5410
f 3935/3030/514 4165/3031/514 4158/2766/514
f 3982/3033/514 4163/2913/514 4162/2915/514
f 3980/3034/514 4161/2680/514 4160/2654/514
f 4026/3032/514 1825/3035/514 4165/3031/514
f 4161/2680/5411 3909/2765/5163 3978/2764/5160
f 3906/3037/5036 4159/2662/5412 3725/2663/5055
f 3947/3038/5413 4157/2655/5049 4159/2662/5054
f 3956/3039/514 4160/2654/514 4157/2655/514
f 3993/3040/5414 4176/2780/5176 4174/2790/5184
f 4028/3042/5415 4169/2791/5186 3339/2789/5185
f 3935/3043/5265 4174/2790/5184 4169/2791/5186
f 4055/3041/5416 4173/2778/5174 4176/2780/5176
f 4170/2763/5141 3979/3045/5417 3980/3046/5418
f 4171/2759/5154 3936/3047/5419 3979/3045/5417
f 4240/3048/5420 4224/2795/5421 4241/3049/5422
f 1807/3050/453 4175/2745/5142 4028/3042/5415
f 4167/2717/5110 3980/3051/5418 3956/3052/5423
f 3947/2641/5424 4167/2717/5110 3956/3052/5423
f 3936/3053/514 4162/2915/514 4156/2678/514
f 4216/2689/5081 3960/2692/5084 3913/2681/5073
f 3925/2702/5090 4213/2805/5199 3926/2697/5088
f 4217/2797/5192 4013/3054/5151 3959/2756/5150
f 4220/2691/5425 3364/2713/5104 4219/2855/5250
f 4178/2714/5105 4218/3055/5426 4217/2797/5192
f 4014/2851/5427 4211/3056/5428 4222/2850/5245
f 4203/2954/5332 4194/2961/5383 4191/2942/5295
f 4053/2854/5345 4206/3028/5431 4203/2954/5332
f 4188/3006/5403 4206/3028/5431 4204/3023/5409
f 4193/3027/5404 4204/3023/5409 4205/2936/5406
f 4016/3058/5340 4154/2905/5293 4148/2951/5339
f 4591/3059/5432 4205/2936/5406 4593/2934/5324
f 4196/2816/5278 4202/2902/5290 4190/2887/5276
f 4196/2816/5212 4045/2676/5072 4201/2677/5071
f 4013/3054/5151 4210/3060/5207 3924/2755/5093
f 2159/3061/2620 4032/2799/5433 4234/3064/5434
f 4003/2865/5435 4212/2812/5206 4210/3060/5207
f 4019/2733/5436 4209/2786/5182 4213/2805/5199
f 3995/2824/5437 4208/2788/5262 4209/2786/5182
f 4177/2833/5228 4215/2798/5193 4216/2689/5081
f 4215/2798/5193 3959/2756/5150 3960/2692/5084
f 4220/2691/5082 3913/2681/5073 3912/2712/5075
f 4222/2850/5245 4180/2888/5237 4221/2843/5181
f 4211/3056/5428 4218/3055/5426 4222/2850/5245
f 4007/2673/5438 4558/2882/5271 4057/2880/5270
f 4238/3062/5439 3997/2810/5440 4556/2881/5269
f 4236/3063/5441 4005/2832/5442 4238/3062/5439
f 4234/3064/5434 4001/2869/5443 4236/3063/5441
f 4083/2675/5070 3934/3065/5444 4008/2904/5445
f 4035/2820/5233 4208/2788/5262 3999/2825/5446
f 4008/2904/5445 4232/3066/5447 4007/2673/5438
f 4121/3004/5407 4062/3026/5408 4582/3003/5381
f 4018/2863/5448 4213/2805/5199 4212/2812/5206
f 4012/2730/5449 4210/3060/5207 4211/3056/5428
f 4039/1333/4121 3851/2856/5251 4038/3067/4122
f 3934/3065/5444 3908/2660/5052 3933/2920/5310
f 4477/3068/5450 3909/2765/5163 4156/2678/5451
f 4476/3069/5452 3909/2765/5163 4477/3068/5450
f 4260/3072/5453 3989/3071/5454 4240/3048/5420
f 3933/2920/5310 3908/2660/5052 4223/2710/5101
f 4251/3073/5455 4185/2794/5456 4183/3083/5457
f 4184/2726/5458 3989/3071/5459 3991/3075/5460
f 4249/3076/5461 4182/2781/5177 4245/2782/5179
f 3990/3044/5462 4172/2777/5172 4173/2778/5174
f 4256/3078/5463 4162/2915/5464 4241/2914/5302
f 4252/3079/5465 4162/2915/5464 4256/3078/5463
f 4223/2710/5101 3953/2705/5096 4475/3080/5466
f 4235/3081/5467 2148/2657/2656 2160/3082/2658
f 4243/2727/5468 4183/3083/5457 4184/2726/5122
f 4246/3087/5472 4538/3088/5473 4481/3543/5474
f 4255/3090/5475 4227/2775/5476 4254/2773/5169
f 4237/2842/5236 4023/3092/5477 4235/3081/5467
f 4240/3093/5304 4163/2913/5303 4260/3094/5478
f 4254/3095/5479 4164/2768/5480 4255/3096/5481
f 4158/2766/5482 4231/3097/5483 4230/3829/5484
f 4253/3098/5485 4228/3099/5486 3955/3103/5487
f 4164/2768/5480 4258/3101/5488 4166/2793/5489
f 3934/3065/5444 4242/2921/5312 4232/3066/5447
f 4255/3096/5481 4158/2766/5482 4230/3829/5484
f 3982/3077/5490 4168/2757/5153 4172/2777/5172
f 3981/3102/5491 4168/2757/5153 3922/3830/5492
f 4241/3049/5422 4228/3099/5486 4257/3100/5493
f 3956/3039/514 4157/2655/514 3947/3038/514
f 4249/3076/5461 3955/3103/5487 4186/3531/5494
f 4258/3104/5171 4259/3105/5495 4260/3072/5453
f 4230/2917/5307 4226/3091/5496 4255/3090/5475
f 4256/3078/5497 4253/3107/5498 4252/3079/5499
f 4252/3079/5499 4249/3109/5500 4248/3112/5501
f 4246/3087/5502 4251/3110/5503 4250/2919/5504
f 4251/3110/5503 4242/2921/5505 4250/2919/5504
f 4248/3112/5501 4245/3113/5506 4244/3124/5507
f 4234/3064/5508 2160/3114/2700 2159/3061/5509
f 4238/3062/5510 4237/3116/5511 4236/3063/5512
f 4556/2881/5513 4239/3117/5514 4238/3062/5510
f 4236/3063/5512 4235/3115/5515 4234/3064/5508
f 4241/2914/5516 4257/3108/5517 4256/3078/5497
f 4242/2921/5505 4233/3118/5518 4232/3066/5519
f 4232/3066/5519 4557/2911/5301 4558/2882/5300
f 4165/3031/5520 2154/3120/2711 4231/3097/5483
f 4231/2918/5521 2147/2658/2712 4031/2656/5308
f 4166/2793/5489 4260/3094/5478 4163/2913/5303
f 4244/3124/5525 4539/3125/5526 4479/3429/5526
f 4490/3128/5527 4523/3127/5528 4520/3129/5529
f 4270/3130/5530 3976/2685/5077 4508/3831/5531
f 4552/3131/5532 3988/2742/5162 4553/2684/5076
f 3938/2840/5539 4031/2656/5050 4023/3092/5540
f 4286/1343/5543 4281/3142/5544 4279/1342/4127
f 4288/3143/5545 4280/3144/5546 4281/3142/5544
f 4287/2545/5547 4280/3146/5546 4289/3147/5548
f 4282/2544/4981 4277/3148/5549 4275/3819/4982
f 4285/3150/5550 4277/3148/5549 4284/3149/5551
f 4283/1346/5552 4276/3151/5553 4285/3152/5550
f 4278/3154/514 4277/3153/514 4274/3832/514
f 3114/3156/5554 3125/1277/5555 2735/3157/5556
f 3143/527/3457 3078/1126/5557 2729/529/3458
f 3198/3160/3917 3055/3159/3918 3211/1482/3918
f 3019/3161/4015 3096/1203/4009 3095/3833/4013
f 2746/1159/5558 3095/3163/5559 3197/1158/3974
f 4290/3164/1214 3208/2542/2100 4291/3165/1214
f 4292/3166/5560 3208/2542/2100 4293/1476/1214
f 3208/2542/2100 1719/3167/1214 4294/1475/1214
f 2774/675/5561 4299/2184/4711 4370/2185/5562
f 3203/635/3858 4302/1487/4182 4301/1486/4184
f 4301/1486/4181 3204/3168/5563 3203/635/3539
f 4294/3169/5564 4297/3170/5565 2740/3834/5566
f 2887/3171/5567 4295/1387/4150 3062/1239/4047
f 3077/3158/5568 4296/1237/4102 3078/1126/5557
f 3034/3172/5569 4304/948/4049 2889/787/3690
f 3078/1126/5570 4295/3173/4042 3063/1125/3941
f 4300/964/3817 2710/775/3675 2711/684/3763
f 2889/787/5571 4298/947/3808 2773/1235/3583
f 4305/690/3598 3077/3174/5568 3204/1351/4131
f 3201/3175/5572 2748/3176/5573 3900/2548/5574
f 3900/2548/5574 2748/3176/5573 3881/2547/4984
f 4311/2556/4987 4377/3177/5023 4310/3835/5575
f 3201/912/5576 4310/3178/5575 4376/3836/5577
f 4308/2611/5578 4368/3180/336 4307/2610/2162
f 4312/1471/4179 4313/1469/336 4368/3180/336
f 1713/3181/2759 2757/1470/4178 2242/3182/2760
f 2757/1470/4178 4312/1471/4179 2242/3182/2760
f 4312/1471/4179 2243/3183/2761 2242/3182/2760
f 4308/2611/5578 2244/3184/2762 2243/3183/2761
f 4309/2609/5022 2245/3185/2763 2244/3184/2762
f 4359/3187/5579 4363/3186/5580 4318/3188/5581
f 4346/3190/5582 4377/3189/5023 4336/3191/5583
f 4363/3193/5584 2800/3192/5585 4318/3194/5586
f 4368/3196/5587 4367/3195/5588 4369/3197/5589
f 4341/3199/5590 4323/3198/5591 4330/3200/5592
f 4362/3202/5593 4356/3201/5594 4349/3203/5595
f 4336/3204/5596 4324/3205/5597 4325/3243/5598
f 3010/3208/5599 4371/3207/5600 4374/3209/5601
f 4349/3211/5602 4370/3210/5603 4358/3212/5604
f 4324/3205/5605 4314/3213/5606 4325/3243/5607
f 4326/3215/5608 4327/3216/5609 3015/3837/5610
f 4320/3218/5611 4338/3219/5612 4337/3242/5613
f 4364/3222/5614 4337/3221/5615 4338/3223/5616
f 4321/3224/5617 4320/3218/5618 4322/3240/5619
f 4371/3207/5600 2799/3226/5620 4372/3227/5621
f 4317/3229/5622 4326/3228/5608 2800/3230/5623
f 3015/3231/5610 4333/3232/5624 2801/3838/5625
f 4359/3187/5579 4353/3234/5626 4360/3839/5627
f 4340/3237/5628 4319/3236/5590 4341/3199/5590
f 4334/3238/5629 4327/3216/5630 4328/3217/5631
f 4336/3204/5596 4322/3240/5632 4346/3241/5632
f 4337/3242/5613 4322/3240/5632 4320/3218/5611
f 4325/3243/5607 4321/3224/5617 4322/3240/5619
f 2740/3244/5633 4339/3246/5634 4340/3245/5635
f 2740/3247/5633 4340/3237/5635 4341/3199/5636
f 2740/3247/5633 4341/3199/5636 4330/3200/5637
f 4316/3248/5638 4347/3249/5639 4315/3840/5640
f 4353/3252/5641 2801/3251/5642 4333/3253/5643
f 4347/3249/5639 4332/3254/5644 4315/3840/5640
f 4342/3256/5645 4343/3239/5646 4365/3257/5647
f 4355/3259/5648 4290/3258/5649 4367/3260/5650
f 4344/3261/5651 4328/3217/5631 4317/3841/5652
f 4348/3220/5653 2809/3225/5654 4370/3262/5653
f 4333/3264/5655 4354/3263/5656 4353/3265/5657
f 4335/3267/5658 4317/3266/5652 4363/3193/5659
f 4331/3255/5660 4323/3198/5591 4332/3254/5644
f 4343/3239/5646 3194/3268/5661 4365/3257/5647
f 4360/3269/5662 4335/3270/5658 4363/3842/5659
f 4292/3273/5663 4338/3272/5664 4356/3274/5665
f 4339/3275/5634 4297/3276/5666 4347/3843/5667
f 4357/3278/5668 4291/3279/5669 4350/3844/5670
f 4324/3205/5597 4352/3281/5671 4351/3282/5672
f 4292/3283/5673 4350/3284/5674 4291/3845/5675
f 4313/3285/5676 4355/3259/5648 4367/3260/5650
f 4360/3269/5662 4354/3286/5656 4355/3271/5677
f 4361/3287/5678 4352/3288/5671 4357/3315/5679
f 4357/3278/5668 4368/3290/5680 4369/3280/5681
f 4359/3292/5682 4351/3293/5683 4361/3846/5684
f 4315/3294/5685 4373/3295/5686 4316/3847/5687
f 4374/3209/5601 3001/3296/5688 3010/3208/5599
f 4331/3255/5689 2740/3247/5633 4330/3200/5637
f 3011/3214/5690 4351/3282/5691 4318/3848/5692
f 4349/3299/5693 3004/3298/5694 4362/3300/5695
f 4359/3292/5682 4362/3301/5696 3004/3302/5697
f 4340/3237/5628 4316/3248/5638 4329/3849/5590
f 4375/3303/5698 2799/3226/5620 4358/3850/5699
f 4329/3305/5700 4373/3304/5686 4374/3209/5601
f 4366/3306/5701 4334/3238/5702 4344/3261/5703
f 4332/3307/5704 4372/3227/5621 4375/3303/5698
f 4291/3309/5705 4367/3195/5588 4290/3851/5706
f 4354/3263/5707 4365/3310/5708 4290/3311/5709
f 4356/3313/5594 4348/3312/5710 4349/3211/5595
f 4361/3287/5678 4350/3314/5711 4362/3852/5593
f 4370/3316/5712 3001/3296/5713 4373/3304/5686
f 4297/3317/5666 4331/3318/5714 4347/3853/5667
f 4319/3320/5715 4372/3227/5621 4323/3308/5716
f 4374/3209/5601 4319/3320/5715 4329/3305/5700
f 4370/3316/5712 4332/3307/5717 4375/3303/5718
f 4342/3256/5655 4327/3216/5630 4343/3239/5630
f 4366/3323/5719 4335/3322/5720 4313/3324/5721
f 4346/3190/5582 4376/3325/5577 4310/3854/5575
f 4307/3327/5722 4336/3191/5583 4377/3189/5023
f 4345/3328/5723 4368/3329/5724 4352/3330/5725
f 2881/2395/3375 2893/796/5726 4388/2399/4864
f 4398/3332/5727 4385/3331/4280 4386/1692/4279
f 3779/2370/4829 3763/2394/5728 3782/2372/4830
f 4395/3334/5729 4389/3333/5730 4383/2362/4817
f 4397/716/5731 4386/3335/4279 4378/629/3533
f 4382/3336/5732 3745/2361/5733 4389/3333/5734
f 4391/2366/4822 4383/2362/4817 4379/2365/4820
f 4399/2347/5735 2902/715/4962 4392/3338/5736
f 2899/1338/4850 4381/3337/5737 4387/1337/5737
f 4387/1337/4125 4392/3338/5736 4380/3741/4126
f 4378/629/5738 2822/1336/4929 4380/3741/5739
f 3757/2344/5740 4382/3339/5741 4381/3337/5742
f 2882/1187/4831 4394/645/4866 2896/797/4865
f 4398/3332/5727 2708/2489/5743 4390/3855/5744
f 3742/2354/4811 4400/2416/5745 4395/3334/5729
f 3780/2368/4921 4395/3334/5729 4391/2366/4822
f 4401/3340/5746 4389/3333/5734 4400/2416/4888
f 4387/1337/5737 4393/2398/4807 4399/2347/4807
f 2784/717/4966 4398/3341/5727 4397/716/5731
f 4378/629/5738 4392/3338/3616 4397/716/3615
f 4381/3337/5742 4401/3342/4863 4393/2398/4862
f 3746/2427/5747 4391/2366/4822 4396/2364/4821
f 4384/2522/5748 4402/2381/4841 4396/2364/4840
f 4403/3344/5749 4394/645/5750 4402/643/3548
f 3764/3345/4857 4388/2399/5751 4403/3344/5749
f 3754/2387/4894 4403/3343/5752 4384/2522/5748
f 2742/578/3498 3087/574/3493 3089/3346/5753
f 4292/3347/5754 4297/3348/5755 4364/3856/5756
f 3592/2158/5757 3597/3350/5758 3589/3351/5759
f 2727/526/5830 3400/2893/5280 4474/2891/5280
f 3707/3857/451 3677/3858/451 3697/3859/451
f 4483/3426/5831 4246/3087/5472 4475/3080/5466
f 4484/3427/5832 3953/2705/5096 4485/3428/5833
f 4270/3130/5530 4485/3428/5833 3953/2705/5096
f 4476/3069/5452 4479/3429/5526 4480/3431/5834
f 4250/2919/5311 4475/3080/5466 4246/3087/5472
f 4475/3080/5466 4484/3427/5832 4483/3426/5831
f 4244/3124/5525 4477/3068/5450 4248/3112/5835
f 4476/3069/5452 4480/3431/5834 4487/3430/5834
f 4477/3068/5450 4252/3079/5465 4248/3112/5835
f 3987/3070/5164 4487/3430/5834 4488/3432/5526
f 4489/3433/5836 3987/3070/5164 4488/3432/5526
f 4480/3435/5837 4492/3434/5838 4491/3436/5839
f 4538/3438/5840 4494/3437/5841 4544/3439/5842
f 4543/3440/5843 4478/3441/5844 4490/3860/5845
f 4494/3437/5841 4483/3443/5846 4495/3445/5847
f 4495/3445/5847 4484/3446/5848 4496/3452/5849
f 4497/3447/5850 4270/3448/5851 4498/3465/5852
f 4487/3450/5853 4491/3436/5839 4499/3451/5854
f 4496/3452/5849 4485/3449/5855 4497/3447/5850
f 4488/3453/5856 4499/3451/5854 4500/3454/5857
f 4489/3455/5858 4500/3454/5857 4501/3456/5859
f 3976/2685/5077 4553/2684/5076 4509/3457/5138
f 3988/2742/5162 4489/3433/5836 4512/3861/5860
f 4512/3458/5861 4501/3456/5859 4517/3459/5862
f 2746/3862/5863 2727/526/3455 4474/2891/5864
f 4517/3463/5865 4271/3462/5866 4534/3464/5867
f 4498/3465/5852 4508/3466/5868 4514/3497/5869
f 4501/3470/5872 4272/3469/5873 4271/3462/5866
f 4272/3469/5873 4499/3471/5874 4264/3476/5875
f 4496/3474/5876 4269/3473/5877 4268/3475/5878
f 4264/3476/5875 4491/3477/5879 4262/3489/5880
f 4497/3479/5881 4486/3478/5882 4269/3473/5877
f 4495/3480/5883 4268/3475/5878 4267/3481/5884
f 4494/3482/5885 4267/3481/5884 4265/3483/5886
f 4543/3484/5887 4520/3129/5529 4542/3485/5888
f 4544/3486/5889 4265/3483/5886 4541/3487/5890
f 4263/3488/5535 4523/3127/5891 4261/3524/5892
f 4262/3489/5880 4492/3490/5893 4266/3522/5894
f 4508/3491/5531 3976/2685/5077 4510/3492/5895
f 4510/3492/5895 3976/2685/5077 4509/3457/5138
f 4511/2741/5137 3988/2742/5162 4513/3493/5896
f 4513/3493/5896 3988/2742/5162 4512/3494/5860
f 4516/3495/5897 4509/2737/5133 4515/2738/5135
f 4514/3497/5869 4510/3496/5898 4516/3495/5897
f 4518/3498/5899 4533/3499/5900 4532/3511/5901
f 4519/3500/5902 4534/3464/5867 4533/3499/5900
f 4535/3502/5903 4515/3501/5904 4536/3503/5905
f 4537/3505/5906 4516/3504/5907 4535/3502/5903
f 4511/3506/5908 4519/3507/5909 4518/2736/5134
f 4513/3508/5910 4517/3459/5862 4519/3507/5909
f 4498/3509/5911 4537/3505/5906 4486/3478/5882
f 4502/3510/5912 4532/3511/5913 4506/3084/5914
f 4262/3489/5834 4521/3133/5534 4522/3512/5534
f 4545/3513/5915 4265/3483/5916 4524/3516/5870
f 4542/3485/5526 4263/3514/5535 4546/3515/5526
f 4524/3516/5870 4267/3481/5917 4525/3863/5871
f 4525/3468/5871 4268/3475/5918 4526/3138/5919
f 4527/3122/5920 4486/3478/5921 4528/3519/5922
f 4264/3476/5923 4522/3512/5534 4529/3136/5536
f 4268/3475/5918 4527/3122/5920 4526/3138/5919
f 4530/3137/5924 4264/3476/5923 4529/3136/5536
f 4271/3462/5925 4530/3137/5924 4531/3517/5926
f 4532/3511/5913 4507/3518/5927 4506/3084/5914
f 4507/3518/5927 4534/3464/5928 4505/3521/5929
f 4504/3141/5930 4536/3503/5931 4502/3510/5912
f 4503/3140/5932 4535/3502/5933 4504/3141/5930
f 4528/3519/5922 4537/3505/5934 4503/3140/5932
f 4534/3464/5928 4531/3517/5926 4505/3521/5929
f 4266/3522/5834 4546/3515/5526 4521/3523/5534
f 4261/3524/5892 4541/3487/5935 4545/3513/5915
f 4523/3127/5528 4544/3486/5889 4541/3487/5890
f 4492/3490/5893 4542/3485/5888 4266/3522/5894
f 4492/3434/5838 4539/3442/5936 4543/3440/5843
f 4481/3527/5937 4544/3439/5842 4493/3528/5938
f 4245/3113/5506 4478/3126/5844 4244/3124/5507
f 4515/3501/5904 4532/3511/5901 4536/3503/5905
f 3949/2667/5944 3984/2770/5166 4551/2666/5059
f 4552/3131/5532 3932/2671/5060 4551/2666/5059
f 4247/3074/5945 4493/3530/5946 4185/2794/5456
f 4493/3530/5946 4182/2781/5177 4185/2794/5456
f 4182/2781/5947 4228/3099/5948 4224/2795/5187
f 4186/3531/5949 4228/3099/5948 4182/2781/5947
f 3964/2706/5097 4050/1792/4376 3927/2707/5098
f 4581/2997/5376 4079/3533/5950 4582/3532/5951
f 4079/3533/5950 4581/2997/5376 4080/3534/5952
f 4080/3534/5952 4581/2997/5376 4081/3535/5953
f 4081/3535/5953 4581/2997/5376 4082/2995/5375
f 4135/2977/5360 4078/3536/5954 4586/2978/5363
f 4078/3536/5954 4135/2977/5360 4075/3537/5955
f 4075/3537/5955 4135/2977/5360 4076/2975/5359
f 4037/1793/4377 4179/2716/5191 4177/2833/5228
f 3393/1833/4420 3399/1802/5956 3398/1801/4391
f 4077/2976/5361 4135/2977/5360 4207/3057/5957
f 4225/3106/5959 3992/3538/5960 4226/3091/5961
f 4559/3539/5962 4555/3540/5963 4557/3542/5964
f 4239/2841/5234 4554/3541/5965 3992/3538/5966
f 4226/3091/5961 4554/3541/5967 4227/2775/5968
f 4227/2775/5968 4559/3539/5969 4229/2774/5970
f 3991/3075/5460 4259/3105/5971 4229/2774/5970
f 4557/3542/5964 3991/3075/5123 4559/3539/5962
f 4247/3111/5972 4481/3543/5937 4493/3544/5938
f 4139/2829/5224 4033/3545/5973 4138/2957/5344
f 3365/1054/4373 4219/1806/4395 3364/1788/4371
f 3325/1763/4345 4562/1804/5974 4560/1053/4392
f 3348/3546/4354 4561/1703/5975 4562/1766/4351
f 4563/1055/3874 3351/1754/5976 3852/1729/4338
f 4568/1824/4414 4569/1813/4408 4571/1825/4416
f 4566/1821/4269 4573/3547/5977 4570/1727/4269
f 4565/3549/4268 3386/3548/4266 3387/3550/4268
f 4566/1821/4269 3387/3550/4268 3311/1820/4269
f 3326/1826/5978 3310/3551/4245 3309/1828/5979
f 4571/1825/4416 3335/1779/5980 3336/1784/4417
f 3365/1054/3872 4573/3547/5977 3325/1763/5981
f 1161/3552/1294 4568/1824/4414 1156/1830/1294
f 4572/1755/4268 4564/1822/4413 4565/3549/4268
f 4570/1727/4269 4565/3549/4268 4566/1821/4269
f 3326/1826/5978 4573/3547/5977 4567/1819/4412
f 3163/3554/5982 3165/3553/5982 3167/3555/5982
f 4578/2991/5983 4581/2997/5376 4070/2992/5373
f 1815/3556/3169 4577/2993/5984 2506/3557/3170
f 4072/3558/5985 4578/2991/5983 4579/2988/5986
f 4578/2991/5983 4073/3559/5987 4574/2996/5377
f 4066/3560/5988 4579/2988/5986 4577/2993/5984
f 4065/2970/5354 4580/3561/5371 4067/2858/5252
f 4068/2980/5364 4581/3563/5376 4575/2973/5356
f 4067/2858/5252 4070/3564/5373 4068/2980/5364
f 2520/3001/2565 4576/3562/5369 4065/2970/5354
f 4581/3563/5376 4074/3566/5989 4575/2973/5356
f 4063/2967/5990 4583/3567/5991 4069/2969/5353
f 4586/2978/5992 4064/3569/5993 4585/2965/5994
f 4585/2965/5994 4584/3568/5995 4063/2967/5990
f 4588/3571/5996 4075/3537/5997 4076/2975/5998
f 4077/2976/5999 4588/3571/5996 4076/2975/5998
f 4075/3537/5997 4590/3573/6000 4078/3536/6001
f 4069/2969/5353 1816/3575/3190 2515/2982/2546
f 4592/2972/5357 4591/3576/6002 4187/2984/5366
f 4078/3536/6001 4071/3570/6003 4586/2978/5992
f 4591/3576/6002 4207/3057/6004 4187/2984/5366
f 4593/3578/6005 4077/2976/5999 4207/3057/6004
f 4074/3566/5989 4062/3577/6006 4592/2972/5357
f 4676/3582/6007 4603/3581/6008 4595/3588/6009
f 4599/3583/993 2532/1657/336 4594/3584/6010
f 4613/3585/3201 2532/1657/3201 2548/1657/3201
f 4607/3587/6011 4644/3586/6012 4606/3580/6013
f 4595/3588/6014 4617/3589/3201 4608/3624/6015
f 4659/3591/6016 4620/3592/6017 4612/3641/6016
f 4660/3594/6018 4609/3595/6019 4616/3597/6020
f 4662/3593/6021 4616/3597/6020 4620/3592/6017
f 4598/3599/6022 4632/3598/3213 4600/3600/3213
f 4606/3580/6013 4636/3601/6023 4605/3602/6024
f 4656/3603/6025 4598/3599/6022 4603/3581/6026
f 4596/3605/6027 4599/3583/993 4594/3584/6010
f 4596/3605/6027 4600/3600/6028 4601/3619/6029
f 4597/3590/6030 4598/3599/6031 4600/3600/6028
f 4594/3584/3201 4685/3606/3201 4596/3605/3201
f 4599/3583/3213 4688/3607/3213 4622/3612/3213
f 4655/3609/6032 4651/3611/6032 4664/3610/6033
f 4622/3612/3213 2533/1685/3213 4599/3583/3213
f 4603/3581/6034 4652/3613/6034 4656/3603/6034
f 4648/3615/6035 4676/3582/6036 4677/3616/6036
f 4604/3614/6037 4648/3615/6035 4652/3613/6037
f 4595/3588/6014 4640/3618/6038 4607/3587/6039
f 4601/3619/3213 4632/3598/3213 4688/3607/3213
f 4611/3620/6040 4616/3597/6041 4609/3595/6042
f 4610/3622/6043 4618/3621/6044 4611/3620/6040
f 4608/3624/6045 4619/3623/6046 4610/3622/6043
f 4620/3592/6047 4614/3625/6048 4612/3641/6049
f 4621/3626/6050 4615/3627/6051 4614/3625/6048
f 4684/3628/6052 4613/3585/6053 4615/3627/6053
f 4625/3630/6054 4630/3629/6055 4623/3631/6056
f 4624/3633/6057 4686/3632/6058 4625/3630/6054
f 4622/3612/6059 4687/3634/6060 4624/3633/6059
f 4686/3636/6058 4631/3635/6061 4630/3629/6055
f 4687/3634/6062 4633/3637/6063 4686/3636/6058
f 4688/3607/6064 4634/3638/6065 4687/3634/6060
f 4631/3635/6061 4628/3639/6066 4626/3672/6067
f 4633/3637/6063 4629/3640/6068 4628/3639/6066
f 4634/3638/6065 4627/3604/6069 4629/3640/6068
f 4612/3641/6049 2551/3642/3265 2549/3666/6070
f 4614/3625/6048 2550/1657/3266 2551/3642/3265
f 4615/3627/6053 2548/1657/3268 2550/1657/3268
f 4624/3633/6059 2553/1685/3269 4622/3612/6059
f 4625/3630/6054 2555/1685/3270 4624/3633/6057
f 4623/3631/6056 2554/3643/3271 4625/3630/6054
f 4655/3609/6071 4653/3644/6072 4651/3611/6073
f 4657/3645/6074 4654/3646/6075 4653/3644/6072
f 4656/3603/6076 4654/3646/6075 4658/3647/6077
f 4651/3611/6073 4649/3648/6078 4647/3661/6079
f 4653/3644/6072 4650/3649/6080 4649/3648/6078
f 4654/3646/6075 4648/3615/6081 4650/3649/6080
f 4637/3651/6082 4643/3650/6083 4635/3652/6084
f 4638/3654/6085 4645/3653/6086 4637/3651/6082
f 4636/3601/6087 4646/3655/6088 4638/3654/6085
f 4645/3653/6086 4639/3656/6089 4643/3650/6083
f 4646/3655/6088 4641/3657/6090 4645/3653/6086
f 4646/3655/6088 4640/3618/6091 4642/3658/6092
f 4608/3624/6045 4642/3658/6092 4640/3618/6093
f 4610/3622/6043 4641/3657/6090 4642/3658/6092
f 4611/3620/6040 4639/3656/6089 4641/3657/6090
f 4677/3616/6094 4650/3649/6080 4648/3615/6081
f 4680/3659/6095 4649/3648/6078 4650/3649/6080
f 4681/3660/6096 4647/3661/6079 4649/3648/6078
f 4658/3647/6077 4627/3604/6069 4656/3603/6097
f 4657/3645/6074 4629/3640/6068 4658/3647/6077
f 4655/3609/6071 4628/3639/6066 4657/3645/6074
f 2615/3663/514 4623/3631/6098 4663/3664/6098
f 4612/3641/6016 2608/3665/514 4659/3591/6016
f 4675/3667/6099 4660/3594/6018 4662/3593/6021
f 4672/3668/6100 4661/3596/6101 4660/3594/6018
f 4673/3670/6102 4662/3593/6021 4659/3591/6016
f 4630/3629/6103 4663/3664/6098 4623/3631/6098
f 4626/3672/6104 4666/3671/6105 4631/3635/6106
f 4631/3635/6106 4665/3673/6107 4630/3629/6103
f 2634/3674/514 4663/3664/6098 4678/3675/6108
f 4664/3610/6033 4682/3662/6109 4679/3676/6110
f 4643/3650/6111 4661/3596/6101 4635/3652/6111
f 4609/3595/6019 4661/3596/6101 4639/3656/6111
f 4639/3656/6111 4661/3596/6101 4643/3650/6111
f 4626/3672/6104 4655/3609/6032 4664/3610/6033
f 4664/3610/6033 4651/3611/6032 4647/3661/6112
f 4674/3669/6113 4635/3652/6111 4661/3596/6101
f 4659/3591/6016 2622/3677/514 4673/3670/6102
f 4689/3678/6114 4673/3670/6102 4678/3675/6108
f 4679/3676/6110 4672/3668/6100 4683/3679/6115
f 4683/3681/6115 4675/3680/6099 4689/3682/6114
f 4635/3652/6084 4670/3683/6116 4637/3651/6082
f 4637/3651/6082 4669/3684/6117 4638/3654/6085
f 4638/3654/6085 4668/3685/6118 4636/3601/6087
f 4636/3601/6023 4667/3686/6036 4605/3602/6024
f 4666/3671/6105 4689/3687/6114 4665/3673/6107
f 4664/3610/6033 4683/3679/6115 4666/3671/6105
f 4665/3673/6107 4678/3675/6108 4663/3664/6098
f 4679/3676/6110 4671/3688/6119 4674/3669/6113
f 2622/3677/514 4678/3675/6108 4673/3670/6102
f 4670/3683/6116 4682/3662/6120 4681/3660/6096
f 4669/3684/6117 4681/3660/6096 4680/3659/6095
f 4668/3685/6118 4680/3659/6095 4677/3616/6094
f 4668/3685/6036 4676/3582/6036 4667/3686/6036
f 4619/3623/6046 4685/3606/6121 4684/3628/6052
f 4618/3621/6044 4684/3628/6122 4621/3626/6050
f 4616/3597/6041 4621/3626/6050 4620/3592/6047
f 4596/3605/3201 4617/3589/3201 4597/3590/3201
f 4691/3864/6123 4714/3865/6124 4707/3866/6125
f 4699/3867/6126 4719/3868/6127 4715/3867/6128
f 4695/3869/6129 4718/3870/6130 4702/3871/6131
f 4723/3872/6132 4692/3873/6133 4690/3874/6134
f 4722/3875/6135 4693/3876/6136 4692/3873/6133
f 4691/3864/6123 4724/3877/6137 4725/3878/6138
f 4696/3879/6139 4726/3880/6140 4694/3881/6141
f 4728/3869/6142 4697/3882/6143 4695/3869/6129
f 4697/3882/6143 4727/3883/6144 4696/3879/6139
f 4731/3884/6145 4700/3885/6146 4698/3884/6147
f 4730/3886/6148 4701/3887/6149 4700/3885/6146
f 4699/3867/6126 4732/3888/6150 4733/3889/6151
f 4702/3871/6131 4735/3890/6152 4734/3871/6153
f 4736/3891/6154 4705/3892/6155 4703/3868/6156
f 4737/3893/6157 4704/3894/6158 4705/3892/6155
f 4690/3874/6134 4726/3880/6140 4723/3872/6132
f 4698/3884/6147 4725/3878/6138 4731/3884/6145
f 4734/3871/6153 4695/3869/6129 4702/3871/6131
f 4733/3889/6151 4703/3868/6156 4699/3867/6126
f 4738/3895/6159 4726/3880/6140 4755/3896/6160
f 4697/3882/6143 4711/3869/6161 4695/3869/6129
f 4696/3879/6139 4713/3897/6162 4697/3882/6143
f 4694/3881/6141 4712/3898/6163 4696/3879/6139
f 4720/3899/6164 4702/3871/6131 4718/3870/6130
f 4720/3899/6164 4705/3892/6155 4704/3894/6158
f 4721/3900/6165 4703/3868/6156 4705/3892/6155
f 4692/3873/6133 4706/3901/6166 4690/3874/6134
f 4693/3876/6136 4708/3902/6167 4692/3873/6133
f 4693/3876/6136 4707/3866/6125 4709/3903/6168
f 4715/3867/6128 4701/3887/6149 4699/3867/6126
f 4717/3904/6169 4700/3885/6146 4701/3887/6149
f 4716/3905/6170 4698/3884/6147 4700/3885/6146
f 4690/3874/6134 4710/3906/6171 4694/3881/6141
f 4798/3907/6172 4774/3908/6173 4742/3909/6174
f 4751/3910/6175 4725/3878/6138 4724/3877/6137
f 4747/3911/6176 4731/3884/6145 4725/3878/6138
f 4758/3912/6177 4729/3913/6178 4767/3914/6179
f 4762/3915/6180 4734/3871/6153 4787/3916/6181
f 4767/3914/6179 4728/3869/6142 4762/3915/6180
f 4775/3917/6182 4732/3888/6150 4730/3886/6148
f 4783/3918/6183 4733/3889/6151 4732/3888/6150
f 4779/3919/6184 4736/3891/6154 4733/3889/6151
f 4799/3920/6185 4735/3890/6152 4737/3893/6157
f 4794/3921/6186 4737/3893/6157 4736/3891/6154
f 4751/3910/6175 4722/3875/6135 4743/3922/6187
f 4755/3896/6160 4727/3883/6144 4758/3912/6177
f 4770/3923/6188 4730/3886/6148 4731/3884/6145
f 4787/3916/6181 4735/3890/6152 4790/3924/6189
f 4738/3895/6159 4745/3925/6190 4743/3922/6187
f 4740/3926/6191 4744/3927/6192 4745/3925/6190
f 4741/3928/6193 4742/3909/6174 4744/3927/6192
f 4743/3922/6187 4753/3929/6194 4751/3910/6175
f 4745/3925/6190 4752/3930/6195 4753/3929/6194
f 4744/3927/6192 4750/3931/6196 4752/3930/6195
f 4747/3911/6176 4753/3929/6194 4749/3932/6197
f 4749/3932/6197 4752/3930/6195 4748/3933/6198
f 4748/3933/6198 4750/3931/6196 4746/3934/6199
f 4758/3912/6177 4757/3935/6200 4755/3896/6160
f 4760/3936/6201 4756/3937/6202 4757/3935/6200
f 4761/3938/6203 4754/3939/6204 4756/3937/6202
f 4766/3940/6205 4765/3941/6206 4763/3942/6207
f 4768/3943/6208 4764/3944/6209 4765/3941/6206
f 4769/3945/6210 4762/3915/6180 4764/3944/6209
f 4767/3914/6179 4760/3936/6201 4758/3912/6177
f 4769/3945/6210 4761/3938/6203 4760/3936/6201
f 4768/3943/6208 4759/3946/6211 4761/3938/6203
f 4775/3917/6182 4772/3947/6212 4777/3948/6213
f 4777/3948/6213 4773/3949/6214 4776/3950/6215
f 4776/3950/6215 4771/3951/6216 4774/3908/6173
f 4783/3918/6183 4777/3948/6213 4785/3952/6217
f 4785/3952/6217 4776/3950/6215 4784/3953/6218
f 4784/3953/6218 4774/3908/6173 4782/3954/6219
f 4779/3919/6184 4785/3952/6217 4781/3955/6220
f 4781/3955/6220 4784/3953/6218 4780/3956/6221
f 4780/3956/6221 4782/3954/6219 4778/3957/6222
f 4790/3924/6189 4789/3958/6223 4787/3916/6181
f 4792/3959/6224 4788/3960/6225 4789/3958/6223
f 4793/3961/6226 4786/3962/6227 4788/3960/6225
f 4795/3963/6228 4800/3964/6229 4797/3965/6230
f 4797/3965/6230 4801/3966/6231 4796/3967/6232
f 4796/3967/6232 4799/3920/6185 4794/3921/6186
f 4790/3924/6189 4801/3966/6231 4792/3959/6224
f 4792/3959/6224 4800/3964/6229 4793/3961/6226
f 4793/3961/6226 4798/3907/6172 4791/3968/6233
f 4739/3969/6234 4756/3937/6202 4754/3939/6204
f 4741/3928/6193 4757/3935/6200 4756/3937/6202
f 4740/3926/6191 4755/3896/6160 4757/3935/6200
f 4746/3934/6199 4773/3949/6214 4748/3933/6198
f 4748/3933/6198 4772/3947/6212 4749/3932/6197
f 4749/3932/6197 4770/3923/6188 4747/3911/6176
f 4787/3916/6181 4764/3944/6209 4762/3915/6180
f 4789/3958/6223 4765/3941/6206 4764/3944/6209
f 4788/3960/6225 4763/3942/6207 4765/3941/6206
f 4794/3921/6186 4781/3955/6220 4796/3967/6232
f 4796/3967/6232 4780/3956/6221 4797/3965/6230
f 4797/3965/6230 4778/3957/6222 4795/3963/6228
f 4743/3922/6187 4723/3872/6132 4738/3895/6159
f 632/343/327 813/3689/450 812/344/328
f 478/346/330 596/428/380 624/347/331
f 729/349/333 488/445/396 487/350/334
f 1124/354/336 503/2521/336 2322/352/336
f 2322/352/336 2317/3690/336 1155/353/336
f 442/355/337 625/992/863 582/356/338
f 437/360/342 583/2533/864 441/361/343
f 1593/425/377 695/2395/2908 477/426/378
f 596/428/380 478/346/330 698/427/379
f 1581/478/427 1578/980/1901 1703/479/428
f 1664/492/441 589/653/561 440/348/332
f 518/515/456 519/3970/6235 673/516/457
f 556/533/468 917/3971/6236 916/534/469
f 553/566/496 1029/572/499 1727/567/336
f 1042/569/497 1029/3972/6237 553/570/498
f 1029/572/499 1046/704/613 1728/573/336
f 908/574/500 907/1465/1208 538/575/501
f 921/582/508 920/3973/451 919/583/509
f 547/593/516 1731/3691/516 1719/594/516
f 546/588/514 535/3692/514 1731/596/514
f 1033/597/517 1047/2535/2095 1729/598/518
f 1144/603/520 634/3693/1481 930/604/521
f 579/606/522 578/610/526 581/607/523
f 579/606/522 580/780/685 577/609/525
f 496/611/527 744/467/416 1120/466/415
f 652/613/529 809/2339/529 808/614/530
f 1779/616/531 586/1124/958 585/617/532
f 752/619/534 753/858/740 754/620/535
f 511/622/537 794/3694/1267 800/623/346
f 806/625/529 805/2341/529 803/626/538
f 533/628/539 2318/3335/1338 2310/629/540
f 793/631/529 1664/492/441 439/359/341
f 796/633/542 813/3695/6238 653/392/543
f 548/634/545 1035/3168/2748 1034/635/546
f 595/637/547 581/607/523 578/610/526
f 581/607/523 595/637/547 593/357/339
f 592/639/549 594/638/548 578/610/526
f 909/640/550 866/1118/6239 893/641/551
f 2334/643/553 1614/2429/2002 1603/644/554
f 969/646/556 967/3974/6240 968/647/557
f 487/649/346 788/901/768 787/650/559
f 590/652/560 478/346/330 440/348/332
f 800/623/562 794/3694/445 508/654/444
f 1557/656/564 599/687/600 510/657/565
f 1050/659/567 949/3975/451 951/660/568
f 594/638/548 646/967/6241 645/665/573
f 595/637/547 645/665/573 643/666/574
f 659/667/575 661/539/6242 662/668/576
f 674/379/577 519/378/578 501/376/578
f 452/385/579 501/384/578 626/382/578
f 611/670/580 668/748/895 592/639/549
f 1780/672/582 611/670/580 591/671/581
f 453/387/350 448/3976/349 718/674/584
f 588/675/586 587/1235/1054 437/360/342
f 613/676/587 439/359/6243 438/358/588
f 616/678/590 617/958/6244 615/679/591
f 905/564/493 534/561/490 972/681/593
f 831/683/595 624/347/598 506/684/596
f 831/683/595 612/677/589 438/358/588
f 507/686/599 797/3696/6245 510/657/565
f 2234/688/601 542/3697/984 541/689/602
f 454/390/376 626/382/6246 733/691/604
f 630/693/346 674/984/577 628/694/579
f 1560/696/605 1582/1641/1278 714/697/606
f 1064/699/608 1063/3977/6247 1066/700/609
f 1046/704/613 1029/572/499 922/702/611
f 922/702/611 920/3978/336 921/703/612
f 1708/705/346 1706/2470/2035 1665/706/614
f 787/708/615 482/437/388 720/436/387
f 541/689/602 542/3697/984 912/710/617
f 784/712/619 567/774/620 817/713/620
f 716/715/621 2324/3338/2929 2329/716/622
f 1663/718/346 799/1013/346 507/719/599
f 1666/721/624 1662/2471/2038 638/698/607
f 640/722/625 641/729/631 639/723/626
f 602/725/627 614/1066/6248 644/726/628
f 647/728/630 639/723/626 641/729/631
f 810/731/633 806/625/1162 804/627/634
f 603/730/632 604/2329/6249 648/733/636
f 648/733/636 604/2329/6249 600/727/629
f 803/626/637 805/2341/6250 801/734/638
f 474/736/640 670/3698/640 681/737/641
f 667/738/642 827/3699/6251 659/667/643
f 642/739/645 665/680/6252 663/740/646
f 667/742/648 610/772/6253 666/743/649
f 639/745/651 668/748/654 611/670/652
f 647/747/653 646/967/834 668/748/654
f 684/749/655 672/506/6254 688/750/656
f 1696/751/658 1697/933/658 655/402/658
f 451/753/356 675/754/659 629/695/659
f 675/754/641 514/509/640 630/693/640
f 455/431/360 651/766/660 676/755/660
f 677/757/661 675/982/1493 451/758/363
f 680/760/662 597/926/2077 563/761/663
f 1674/763/664 959/2514/2055 1693/764/665
f 444/364/667 443/363/6255 642/739/668
f 684/749/669 654/752/6256 655/402/670
f 681/737/672 670/3698/672 687/767/672
f 1558/768/673 1559/2338/1892 637/769/674
f 667/742/675 675/982/667 633/771/667
f 1584/773/677 1583/2426/1999 567/774/678
f 505/775/680 596/428/380 700/429/381
f 584/608/524 583/993/864 704/777/682
f 708/779/684 579/606/522 584/608/524
f 580/780/685 579/606/522 708/779/684
f 706/782/687 585/617/532 580/780/685
f 1781/618/533 585/617/532 706/782/687
f 698/427/689 477/426/1170 862/784/690
f 700/429/692 699/2532/2093 701/786/693
f 703/787/695 855/3172/2752 854/788/696
f 702/789/697 854/788/696 858/790/698
f 704/777/699 858/790/698 705/791/700
f 1790/783/702 706/782/1164 852/792/703
f 835/521/459 870/1639/1277 871/794/704
f 867/795/705 869/1357/1171 707/796/706
f 710/797/707 696/1187/1016 861/798/708
f 512/507/709 942/3979/709 531/537/710
f 896/799/712 895/918/980 540/800/713
f 708/779/714 856/1061/894 709/802/715
f 863/803/717 864/3700/983 697/804/718
f 868/806/720 863/803/717 862/805/719
f 964/808/722 523/3980/6257 967/809/723
f 1691/811/725 680/760/727 717/812/726
f 680/760/727 565/762/728 569/814/728
f 653/815/543 813/3689/6238 632/343/346
f 485/817/346 484/1023/346 722/818/346
f 497/820/346 744/848/346 743/821/346
f 748/823/346 782/849/346 746/824/346
f 488/826/346 765/1022/346 730/827/346
f 731/828/346 730/827/346 732/829/729
f 763/830/730 732/829/729 735/831/731
f 738/833/733 491/837/737 736/834/734
f 780/836/736 736/834/734 491/837/737
f 494/839/346 780/836/736 779/838/738
f 495/841/346 494/839/346 739/840/346
f 485/817/346 757/819/346 756/843/346
f 741/845/346 775/1011/346 742/846/346
f 496/847/346 742/846/346 743/821/346
f 782/849/346 497/820/346 745/822/346
f 748/823/346 747/825/346 772/850/346
f 749/851/346 772/850/346 750/852/346
f 483/854/346 719/1356/1169 759/855/739
f 751/857/730 770/1012/729 753/858/740
f 734/832/732 735/831/731 733/859/741
f 773/861/743 461/1039/744 772/862/744
f 448/432/383 760/1625/1150 759/864/745
f 483/439/390 792/438/389 787/708/615
f 762/865/746 792/438/389 485/441/392
f 1122/867/335 1121/442/393 486/444/395
f 788/869/749 487/350/334 731/446/397
f 734/448/399 789/447/398 788/869/749
f 732/871/751 470/3701/3744 471/452/403
f 994/872/451 995/3702/451 990/873/451
f 670/875/752 652/613/1894 649/615/753
f 770/877/751 459/3703/3744 490/455/403
f 998/878/451 999/3704/451 1004/879/451
f 756/881/755 476/3705/755 755/882/756
f 494/463/412 493/462/411 781/884/757
f 1119/886/528 493/462/411 740/465/414
f 783/888/759 1120/466/415 497/468/417
f 791/890/760 790/469/418 498/471/420
f 781/884/757 492/461/410 736/460/409
f 500/892/762 789/482/431 626/481/430
f 482/490/439 576/916/786 571/894/764
f 1776/896/766 970/1322/1135 545/897/767
f 1248/899/336 1249/1369/1175 785/895/765
f 482/900/559 787/650/559 788/901/768
f 790/903/346 791/907/772 781/904/770
f 492/906/771 781/904/770 791/907/772
f 575/909/774 492/476/425 499/487/436
f 596/428/380 505/775/680 506/684/776
f 808/614/777 809/2339/1893 810/731/778
f 1024/911/780 2308/3836/6258 1032/912/781
f 843/531/783 525/530/6259 878/914/784
f 865/917/787 864/1135/970 895/918/788
f 966/919/790 972/3981/2182 534/920/791
f 857/922/793 888/1129/964 887/923/794
f 1675/925/796 1670/2477/2046 597/926/797
f 600/727/799 604/2329/1885 1563/928/800
f 1038/930/802 1037/1489/1220 555/931/803
f 825/732/805 804/627/6260 803/626/806
f 559/934/808 558/3982/808 954/935/808
f 666/743/809 663/740/6261 665/680/810
f 873/940/814 823/3706/815 614/941/815
f 939/532/816 530/3983/816 936/943/816
f 623/945/818 622/362/1779 441/361/819
f 2226/947/821 505/775/680 692/776/681
f 662/668/576 690/985/346 689/949/346
f 558/950/823 557/3707/6262 943/951/514
f 760/371/346 453/370/350 475/953/346
f 656/955/346 1566/1448/346 459/956/346
f 1697/933/346 656/955/346 771/957/346
f 616/678/825 443/363/345 445/365/347
f 445/365/347 687/767/6263 617/958/824
f 1020/960/453 1016/3984/453 1017/961/453
f 678/963/827 683/2343/1900 475/953/660
f 2226/947/821 587/1235/1054 588/675/586
f 752/473/422 499/472/421 791/890/760
f 593/357/339 643/666/574 605/939/829
f 644/965/830 614/938/6264 605/939/831
f 648/966/833 645/665/1270 646/967/834
f 1576/968/835 670/3698/835 474/736/835
f 684/749/655 685/368/657 686/367/836
f 812/344/447 511/622/446 807/624/838
f 609/970/817 619/605/521 526/944/817
f 607/538/840 606/959/860 449/505/841
f 907/972/843 892/642/977 906/973/844
f 1216/975/845 1215/3708/6265 841/976/846
f 669/746/652 611/670/652 1780/672/848
f 795/632/849 439/359/6243 613/676/587
f 642/739/668 443/363/6255 616/678/851
f 1573/979/346 1699/2530/346 1703/479/346
f 691/981/672 633/771/853 675/982/853
f 630/693/854 514/509/854 673/983/359
f 675/754/672 689/949/672 690/985/855
f 860/986/856 893/641/6266 861/987/857
f 691/981/835 651/766/835 642/739/645
f 1048/989/451 953/3985/451 943/990/451
f 684/749/669 465/411/671 712/406/858
f 688/750/835 672/506/835 449/505/841
f 681/737/641 651/766/641 650/414/641
f 681/737/672 445/365/672 444/364/672
f 651/766/861 675/982/862 677/757/862
f 478/346/330 590/652/560 1593/425/377
f 625/992/863 441/361/343 583/993/864
f 492/476/425 575/909/774 1458/994/865
f 1789/998/867 890/1131/868 973/682/868
f 462/1000/869 464/3747/755 775/1001/755
f 1032/1003/870 544/636/6267 1034/635/871
f 1665/706/614 1577/2400/1965 589/653/561
f 740/1007/346 495/841/346 777/842/346
f 853/1009/873 857/922/793 904/924/795
f 740/1007/346 776/1008/346 775/1011/346
f 498/853/346 750/852/346 770/1012/729
f 508/654/875 507/719/6268 799/1013/876
f 761/844/346 756/843/346 723/1014/346
f 769/1016/346 726/1052/346 486/1017/346
f 729/1019/346 728/1051/346 727/1020/346
f 729/1019/346 767/1021/346 765/1022/346
f 484/1023/346 483/854/346 721/856/346
f 469/1024/878 468/3986/743 767/1025/743
f 969/646/880 962/648/1128 963/1030/881
f 868/1033/883 866/1118/6239 909/640/550
f 608/456/405 458/1339/1150 779/1035/745
f 768/1036/885 469/1024/878 727/1026/878
f 755/882/756 473/1454/514 769/1038/514
f 461/1039/744 771/1627/886 750/1040/886
f 460/1041/878 773/3987/743 747/1042/743
f 466/1044/514 467/1612/885 745/1045/885
f 774/1047/756 466/1044/514 743/1046/514
f 728/1051/346 486/1017/346 726/1052/346
f 2492/1053/888 1167/1763/3165 1207/1054/889
f 1124/354/336 509/1839/336 572/1056/336
f 718/1058/891 480/1355/1168 720/1059/892
f 708/779/714 693/778/701 705/791/700
f 668/748/895 646/967/6241 594/638/548
f 687/767/896 670/3698/6269 615/679/897
f 1027/1062/899 915/1145/899 914/1063/900
f 801/734/901 793/631/6270 795/632/902
f 602/725/813 601/1077/812 621/1065/812
f 837/1067/904 824/3709/6271 665/1068/905
f 926/1070/907 927/3988/907 934/1071/908
f 840/1073/909 930/3989/909 634/1074/910
f 620/1076/911 846/3990/911 621/1065/812
f 849/1078/912 828/3991/6272 665/1079/913
f 936/542/915 827/3992/916 845/1081/916
f 2258/1082/917 870/1639/6273 835/521/918
f 834/1084/920 621/3710/6274 829/1085/921
f 671/1087/923 838/3993/6275 839/1088/924
f 843/531/783 842/915/785 879/1090/926
f 845/1091/928 827/3994/6276 844/1092/929
f 847/1094/931 828/3711/6277 849/1095/932
f 871/1097/934 874/3995/935 555/1098/935
f 834/1100/920 848/1194/922 830/1101/937
f 847/1094/931 850/1096/933 851/1103/939
f 853/1105/941 891/2621/2171 852/1106/942
f 885/1108/944 854/1117/952 855/1109/945
f 1786/1111/947 961/3712/948 965/1112/948
f 857/1114/949 853/1105/941 709/1107/943
f 886/1116/951 858/1164/999 854/1117/952
f 861/987/857 893/641/6266 866/1118/953
f 867/1120/954 866/3713/953 868/806/720
f 1043/1121/955 1033/3714/6278 1046/1122/956
f 591/671/581 592/639/549 577/609/525
f 524/529/959 885/1128/963 884/1125/960
f 901/1127/962 886/3715/6279 885/1128/963
f 888/1129/964 886/3715/6279 901/1127/962
f 891/1130/965 853/1009/873 889/1010/874
f 1785/1132/967 891/1130/965 890/1131/966
f 863/1133/968 868/1033/883 894/1034/884
f 864/1135/970 863/1133/968 911/1134/969
f 897/1136/971 883/1238/1061 865/917/787
f 903/562/972 904/924/6280 887/923/973
f 890/1131/868 889/1010/1241 905/564/975
f 908/1137/976 909/640/6281 892/642/977
f 894/1034/978 909/640/6281 908/1137/976
f 895/918/980 911/1134/1192 539/1139/981
f 865/1140/982 699/1240/1064 697/1141/718
f 542/1143/984 897/1136/6282 896/799/712
f 1045/1144/985 872/3716/985 915/1145/899
f 551/1146/986 914/3717/6283 913/1147/987
f 724/1015/346 723/1014/346 769/1016/346
f 913/1149/936 871/1097/934 1037/1099/936
f 1030/1151/989 882/3718/6284 925/1152/990
f 874/1154/992 872/3719/6285 1045/1155/993
f 1022/1157/518 1726/2555/1329 1028/1158/995
f 1078/1160/997 1074/3996/997 1076/1161/997
f 888/1163/998 705/3720/1242 858/1164/999
f 918/1165/1000 877/3997/6286 549/1166/989
f 724/1029/879 725/443/394 1121/442/393
f 1048/1169/1002 954/3721/2094 945/1170/336
f 881/1171/934 880/3998/935 1041/1172/935
f 1041/1174/1003 880/3722/1004 924/1175/1004
f 553/1176/985 924/3999/985 923/1177/899
f 882/1179/900 1030/3723/900 1031/1178/899
f 906/973/844 820/1335/1005 821/1180/1005
f 615/876/1006 649/615/6287 808/614/1007
f 1450/1181/1009 516/550/480 937/552/482
f 531/537/1011 1215/1305/1012 618/1183/1012
f 834/1184/1013 665/3724/6288 824/1185/1014
f 784/712/619 859/714/619 861/798/708
f 748/1188/887 749/470/419 790/469/418
f 849/1190/1017 830/4000/6289 925/1191/1018
f 925/1193/1018 830/1101/6289 848/1194/1020
f 833/1196/1022 824/3725/1052 914/1197/1023
f 848/1194/1020 829/4001/1213 880/1199/1025
f 874/1200/1026 823/3706/6290 873/940/1027
f 841/1202/462 532/3162/2746 917/1203/1029
f 840/1205/1030 532/558/6291 940/557/1031
f 840/1073/1033 839/1075/3048 543/1206/1034
f 878/1208/1036 845/3756/6292 877/1209/1037
f 842/1211/1039 878/4002/1036 918/1212/1038
f 920/1214/1041 879/497/6293 842/1211/1039
f 877/1215/1037 845/1091/6292 875/1093/1042
f 875/1093/1042 826/4003/1193 922/1217/1044
f 924/1218/1045 851/3726/6294 850/1219/1046
f 952/1221/1048 943/3727/1098 528/1222/1049
f 1137/1224/817 658/1680/817 846/1225/911
f 851/1227/1051 829/1472/814 621/1228/814
f 872/1230/1028 873/3728/1027 833/1196/1022
f 824/1231/1052 837/4004/461 913/1232/460
f 850/1219/1046 849/4005/1017 882/1234/1019
f 702/789/1053 437/360/342 587/1235/1054
f 515/510/1056 662/668/1116 661/539/1057
f 1777/673/583 591/671/581 586/1124/958
f 785/895/765 786/1630/1276 718/491/440
f 2224/1237/1060 2223/3173/2753 883/1238/1061
f 625/992/1062 2246/2186/1782 2253/946/820
f 883/1239/1063 701/3171/2751 699/1240/1064
f 692/776/694 701/786/693 2231/1241/1065
f 860/986/856 859/988/856 817/1242/1066
f 947/1244/1067 946/553/483 939/555/485
f 841/1246/1069 1215/3729/1069 531/1247/1070
f 932/1249/908 927/3730/907 518/1250/907
f 659/667/1071 827/3699/1071 936/540/1072
f 931/1252/1073 944/3731/1074 526/1253/1074
f 658/1255/1075 526/4006/1074 929/1256/1074
f 934/1258/1076 927/4007/1076 1453/1259/1077
f 1453/1261/1079 927/4008/1080 932/1262/1080
f 938/1264/1082 935/4009/6295 526/1265/1083
f 516/511/1085 517/512/1086 936/540/1086
f 527/602/1091 940/557/6296 531/556/1092
f 935/1271/1093 938/1223/6297 528/1222/1094
f 957/1273/1096 948/3732/1048 946/1274/1050
f 951/1276/1098 950/4010/1049 946/1277/1050
f 949/1279/1099 929/4011/1100 950/1280/1049
f 945/1282/1096 952/3733/1048 938/1283/1050
f 945/1285/1096 944/3731/1097 931/1252/1100
f 949/1287/1099 957/3734/1096 947/1257/1097
f 954/1288/1101 558/3735/6298 952/1289/1102
f 559/1291/1103 951/4012/514 948/1292/514
f 955/1294/1105 956/3736/6299 948/1295/453
f 964/1297/1106 963/921/792 534/920/791
f 823/1299/1108 870/3737/6273 2258/1300/917
f 679/395/1110 627/394/6300 754/1302/1111
f 1210/1304/1113 657/366/6301 618/1183/1114
f 686/367/658 657/366/6301 1210/1304/1113
f 515/510/1056 514/509/658 690/985/658
f 689/949/1117 675/754/1117 667/738/642
f 584/608/524 581/607/523 582/356/338
f 958/1306/1118 960/2517/2084 1667/1307/1119
f 2224/1237/1121 897/1136/6282 542/1143/984
f 981/1310/1122 979/3738/6302 978/1311/1123
f 1785/1313/1125 815/3739/4107 568/1314/1126
f 962/648/1128 970/1322/2167 966/1316/1129
f 981/1317/1130 974/4013/6303 1782/1318/1131
f 834/1184/1013 833/1186/1015 873/1320/1133
f 970/1322/1135 962/648/558 968/647/557
f 1776/896/1136 971/2628/6304 961/1323/1137
f 978/1325/1138 973/682/594 972/681/593
f 1783/1327/1140 976/3740/4119 819/1328/1141
f 1784/1329/451 1793/2604/451 979/1330/451
f 1974/1332/1143 1960/3067/2639 1961/1333/1144
f 860/986/1146 816/1243/451 820/1335/451
f 636/1336/1147 2312/3741/6305 2319/1337/1148
f 458/1339/1150 778/1366/1151 739/1340/1151
f 1716/1341/1152 1725/3742/1152 2206/1342/1153
f 2201/1344/1155 1733/3743/1156 1712/1345/1156
f 844/1347/929 846/3744/6306 826/1348/1158
f 967/1350/465 898/3174/2745 1035/1351/1159
f 1575/1353/1161 1573/979/1161 806/625/1162
f 837/523/1163 615/4014/6307 836/1083/919
f 706/782/1164 694/781/716 709/802/715
f 931/1354/1165 930/3745/6308 527/544/474
f 1580/707/1166 793/631/6270 801/734/901
f 480/1355/1168 759/855/739 719/1356/1169
f 477/426/1170 707/796/706 869/1357/1171
f 1454/1358/1172 1455/3746/1172 928/1359/908
f 758/1361/869 476/3705/755 756/881/755
f 766/1363/744 764/1446/886 730/1364/886
f 775/1001/755 464/3747/755 774/1047/756
f 778/1366/1151 463/1602/1173 777/1367/1173
f 796/1368/1174 785/895/765 1249/1369/1175
f 982/1371/1177 983/3748/1177 989/1372/1177
f 985/1374/1178 983/4015/1178 982/1375/1178
f 986/1377/1179 985/4016/1179 984/1378/1179
f 953/1380/1099 931/4017/1100 528/1381/1049
f 989/1383/1180 986/4018/1180 987/1384/1180
f 902/563/974 887/923/973 901/1127/1181
f 884/1110/946 855/1109/945 2231/1386/1183
f 996/1388/453 992/4019/453 993/1389/453
f 1574/1391/346 1701/1418/346 1704/1392/346
f 1000/1394/1185 1003/3749/1185 1004/1395/1185
f 1014/1397/1186 1019/4020/1186 1021/493/1186
f 1012/1399/451 1010/3750/451 1006/1400/451
f 1001/1402/1186 998/4021/1186 1002/1403/1186
f 1001/1405/453 1005/4022/453 1003/1406/453
f 1098/1408/1187 1097/4023/1187 1089/1409/1187
f 1008/1411/1185 1011/4024/1185 1012/1412/1185
f 1006/1414/1186 1010/4025/1186 1013/1415/1186
f 1576/1417/658 1709/2528/658 1701/1418/658
f 1020/1419/1185 1018/3751/1185 1015/1420/1185
f 1018/1422/451 1019/3752/451 1014/1423/451
f 990/1425/1188 995/4026/1188 997/1426/1188
f 1112/1428/1189 1109/4027/1189 1110/1429/1189
f 1009/1431/453 1013/4028/453 1011/1432/453
f 1558/1434/673 1556/3753/1882 1155/1435/1190
f 1096/1437/1191 1095/4029/1191 1097/1438/1191
f 911/1134/1192 894/1034/978 910/1138/979
f 826/1440/1193 879/1675/6293 920/1441/1041
f 1090/1443/1189 1089/4030/1189 1091/1444/1189
f 893/641/551 860/986/1146 906/973/1146
f 764/1446/886 470/3701/3744 732/871/751
f 456/1447/372 679/4031/371 1566/1448/1194
f 2230/1450/1196 2225/3170/2750 1024/911/780
f 982/1451/346 988/4032/346 987/1452/346
f 638/698/1197 1662/2471/2036 1663/718/1198
f 473/1454/514 768/1036/885 726/1037/885
f 1048/1455/1200 557/3754/6309 552/1456/1201
f 1047/1458/1203 552/3755/6310 556/1459/1204
f 1724/1461/997 1718/4033/997 1051/1462/997
f 457/372/374 608/3756/375 738/1464/1206
f 907/1465/1208 1026/1499/1228 546/1466/1209
f 925/1467/1210 881/1171/934 1040/1173/934
f 2241/1469/336 2298/4034/336 554/1470/1211
f 829/1472/1213 851/1227/6294 924/1473/1045
f 1025/1478/451 2297/3757/451 1039/1479/451
f 877/1481/1210 876/3159/934 1042/1482/934
f 2233/1484/1215 541/4035/1215 547/1485/1215
f 547/1485/1216 2222/4036/6311 2230/1487/1217
f 1039/1488/1219 1044/4037/1219 1037/1489/1220
f 1045/1155/993 1041/1174/1003 553/566/496
f 553/566/496 1736/568/336 1734/1490/336
f 549/1491/1221 1042/569/497 1031/571/497
f 1043/1493/1222 956/3758/6299 955/1494/1105
f 1049/1496/1224 1040/1518/1225 1027/1497/1225
f 657/366/348 606/959/826 607/538/1226
f 1026/1499/1228 821/3759/4193 535/1500/1229
f 1023/1501/1230 1022/3760/1842 543/1502/1231
f 2298/1503/451 1025/1478/451 1038/1480/451
f 558/1507/823 559/4038/1103 956/1505/1104
f 956/1505/1104 1043/4039/2097 552/1506/1233
f 552/1506/1233 557/4040/6262 558/1507/823
f 663/740/1234 666/743/1234 610/772/576
f 1722/1508/1236 1720/4041/1236 551/1146/986
f 556/581/507 1730/2537/2096 1023/1509/1237
f 549/1166/989 1030/1151/989 1714/1514/1240
f 889/1010/1241 904/924/6280 903/562/972
f 888/1516/998 857/1114/949 856/1115/950
f 1040/1518/1225 1041/3761/1243 1045/1519/1243
f 950/1520/1244 929/4042/6312 526/1521/1245
f 1054/1523/1247 1053/3762/1247 1723/1524/1247
f 1071/1526/1248 1076/4043/1248 1074/1527/1248
f 1071/1529/1249 1075/3763/6313 1077/1530/1250
f 1075/1532/1252 1072/4044/1252 1078/1533/1252
f 1078/1535/1253 1072/4045/6314 1073/1536/1254
f 1052/1538/1256 1053/3764/6315 1054/1539/1257
f 1068/1541/1247 1063/4046/1247 1064/1542/1247
f 1059/1544/1247 1056/4047/1247 1055/1545/1247
f 1058/1547/1259 1061/4048/1259 1060/1548/1259
f 1067/1550/1260 1068/3765/6316 1065/1551/1261
f 1055/1553/997 1060/4049/997 1061/1554/997
f 586/1124/958 577/609/525 580/780/685
f 1067/1556/1259 1070/4050/1259 1069/1557/1259
f 1055/1559/1263 1056/4051/6247 1057/1560/609
f 1058/1562/1260 1059/3766/6316 1062/1563/1261
f 1064/1565/997 1069/4052/997 1070/1270/997
f 1082/1567/1189 1079/4053/1189 1080/1568/1189
f 1085/1570/346 1084/3767/346 1083/1571/346
f 1088/1573/1187 1087/4054/1187 1079/1574/1187
f 1094/1575/1264 1091/1149/1264 1092/1576/1264
f 1081/1578/1264 1080/4055/1265 1083/1579/1265
f 1101/1581/1189 1108/4056/1189 1099/1582/1189
f 1114/1584/346 1113/4057/346 1116/1585/346
f 1100/1587/1264 1099/4058/1264 1102/1588/1264
f 1105/1590/1191 1104/4059/1191 1106/1591/1191
f 1115/1593/1191 1116/4060/1191 1117/1594/1191
f 1111/1596/1264 1110/3768/1264 1113/1597/1264
f 796/1599/1266 797/3769/6317 794/1600/1267
f 463/1602/1173 462/4061/869 776/1603/869
f 468/1604/743 766/1363/744 765/1365/744
f 1088/1606/1268 1085/3770/1268 1086/1607/1191
f 1118/1609/1187 1117/4062/1187 1109/1610/1187
f 1451/1182/1172 937/552/1269 933/1269/1269
f 467/1612/885 460/1041/878 746/1043/878
f 610/772/576 633/771/346 691/981/346
f 648/966/833 644/965/830 643/666/832
f 1575/1353/1271 1579/1393/1271 1704/1392/1272
f 955/1614/1274 957/4063/336 949/1615/336
f 1093/1617/346 1092/4064/346 1095/1618/346
f 1103/1620/346 1102/4065/346 1104/1621/346
f 1107/1623/1187 1106/4066/1187 1108/1624/1187
f 760/1625/1150 446/1628/1151 721/1626/1151
f 771/1627/886 459/3703/3744 770/877/751
f 677/757/346 452/759/579 631/756/579
f 446/1628/1151 447/1637/1173 722/1629/1173
f 447/1637/1173 758/4067/869 757/1638/869
f 870/1639/1277 823/4068/6290 874/1640/1026
f 636/1336/1147 713/1338/1149 1582/1641/1278
f 504/1642/336 1124/354/336 1123/1057/336
f 974/1326/1139 972/681/593 1792/1644/1279
f 1148/1646/1280 1126/1652/1286 1125/1647/1281
f 1149/1649/1283 1129/1672/1323 1127/1650/1284
f 1152/1651/1285 1127/1650/1284 1126/1652/1286
f 1130/1653/1287 1125/1647/1314 1141/1654/1288
f 1142/1656/1290 1129/1672/1304 1128/1657/1291
f 1233/1659/1292 1132/1668/1323 1136/1660/1293
f 1145/1662/1295 1133/1678/1312 1131/1663/1281
f 1134/1665/1297 1131/1663/1317 1141/1666/1298
f 1132/1668/1300 1135/1671/1303 1139/1669/1301
f 1135/1671/1303 1134/1665/1297 1140/1667/1299
f 1129/1672/1304 1142/1656/1290 1139/1673/1305
f 1127/1650/1306 1139/1673/1305 1140/1674/1307
f 879/1675/1309 826/1440/1310 846/1676/1310
f 620/1226/1311 1150/1684/1330 1130/1653/1312
f 1126/1652/1308 1140/1674/1307 1141/1654/1288
f 1142/1670/1302 1138/4069/1315 1136/1660/1315
f 1133/1678/1316 1143/1679/1318 1141/1666/1298
f 1143/1679/1318 1133/1678/1316 609/970/1319
f 1137/1224/1321 1130/1653/1287 1143/1655/1289
f 1132/1668/1323 1233/1659/1292 1228/1681/1324
f 1135/1671/1325 1228/1681/1324 1229/1682/1326
f 1134/1665/1286 1229/1682/1326 1146/1664/1296
f 619/605/1328 609/970/1313 1133/1678/1312
f 1133/1678/1312 1145/1662/1295 1144/603/1327
f 1150/1684/1330 1153/1648/1282 1125/1647/1281
f 1129/1672/1323 1149/1649/1283 1797/1685/1237
f 1561/1686/1331 1151/2330/1886 1153/1687/1332
f 1564/1688/1333 1795/2639/2187 1152/1689/1334
f 602/725/1336 600/727/799 1565/929/801
f 789/482/431 500/892/762 574/1691/786
f 1155/1435/1190 2317/3331/2909 2318/1692/1338
f 1198/1696/1342 1859/1709/1343 1221/1697/1343
f 2493/1703/1349 1173/1767/1486 1172/1704/1350
f 1567/1714/346 1175/1723/346 1176/1715/346
f 1237/1717/1361 1245/1797/1470 1244/1718/1362
f 1192/1720/1364 1215/1809/6318 1195/1721/1365
f 1571/1722/346 1225/1812/346 1175/1723/346
f 1194/1707/1353 1195/1721/6319 1182/1725/1368
f 1179/1726/1369 2505/3547/3162 2502/1727/1296
f 1711/1729/1370 1710/1805/1456 1960/1730/1371
f 1569/1732/1373 1568/1716/1888 1176/1715/1374
f 1232/1737/518 1231/1816/1378 1159/1738/1378
f 1187/1740/1379 1162/1693/6320 1184/1708/1380
f 1200/1742/346 1199/1775/346 1211/1743/346
f 1868/1745/1382 1876/1795/6321 1204/1746/1383
f 1202/1747/1385 1876/1795/6322 1872/1748/1386
f 1164/1694/1388 1162/1693/6320 1187/1740/1379
f 1191/1751/1390 1171/1699/1466 1169/1702/1391
f 1212/1753/1393 1169/1702/1348 1170/1701/1347
f 1238/1719/1363 1186/1803/1454 1193/1754/1394
f 2504/1755/1326 1180/1791/1326 1203/1728/1296
f 1170/1701/1347 1166/1700/1346 1189/1756/1395
f 1237/1717/1397 1193/1754/3161 1711/1729/1398
f 1183/1758/1400 1197/1771/1400 1169/1702/1348
f 1236/1759/1401 1173/1767/1411 1186/1760/1402
f 1185/1762/1404 1168/1826/1480 1167/1763/1405
f 1166/1700/1407 1187/4070/6323 1188/1765/1408
f 2494/1766/1410 1186/1760/1402 1173/1767/1411
f 1174/1768/1413 1185/1800/1450 1190/1769/1414
f 1197/1771/1416 1215/1807/6324 1192/1752/1392
f 1224/1772/346 1199/1775/346 1208/1749/346
f 1695/1774/346 1211/1743/346 1199/1775/346
f 1202/1747/346 1208/1749/346 1199/1775/346
f 1864/1776/1417 1179/1726/1430 1203/1728/1418
f 1863/1778/1420 1180/1791/1435 1177/1779/1421
f 1861/1781/1423 1178/1784/1425 1230/1782/1424
f 1865/1780/1422 1177/1779/1421 1178/1784/1425
f 1974/1785/1426 1867/1787/1429 1205/1757/1427
f 1867/1787/1429 1868/1745/1382 1170/1701/1384
f 1179/1726/1430 1864/1776/1417 1206/1788/1431
f 1226/1773/1433 1208/1749/1387 1872/1748/1386
f 654/1790/1434 1210/1796/835 1214/1744/835
f 1862/1777/1419 1203/1728/1418 1180/1791/1435
f 1972/1792/1436 1971/1334/2317 1961/1333/1437
f 1213/1794/1439 1212/1753/1448 1204/1746/1440
f 1213/1794/1442 1200/1742/1445 1214/1744/1443
f 1213/1794/1442 1876/1795/6325 1202/1747/1444
f 1239/1731/1399 1246/1786/6326 1245/1797/1446
f 1147/1683/1329 627/1829/1482 1219/1798/1447
f 1213/1794/1439 1210/1796/1448 1183/1758/1448
f 1209/1799/1449 634/4071/6327 1185/1800/1450
f 1240/1801/1451 1163/1695/1341 1182/1725/1368
f 2492/1053/1453 1193/1754/1394 1186/1803/1454
f 1710/1805/1456 1711/1729/1370 2495/1055/1457
f 1215/1807/1459 1197/1771/6328 1183/1758/1460
f 1194/1707/1366 1164/1694/1388 1191/1750/1389
f 1216/1808/1462 1182/1725/1492 1195/1721/1463
f 1238/1761/1403 1244/3771/6329 1243/1810/1465
f 1191/1751/1390 1187/4070/6323 1166/1700/1407
f 1570/1811/1467 1217/3772/6330 1225/1812/1468
f 1189/1756/1409 1188/1765/1408 1244/1718/1362
f 2501/1813/1471 1177/1779/3164 1180/1791/1326
f 1220/1736/1377 1219/1798/1447 1221/1814/1472
f 1231/1816/1378 1950/1831/775 1158/1817/775
f 627/1712/1343 1201/1711/1889 1165/1698/1344
f 1225/1812/1468 1217/3772/6330 1696/1818/1434
f 1176/1715/1374 1226/1773/1433 1905/1789/1433
f 1175/1723/346 1224/1772/346 1226/1773/346
f 2499/1819/1474 1145/3551/1295 1146/1820/1296
f 2496/1822/1475 1228/3548/1324 1233/1823/1292
f 1168/1826/1480 1185/1762/1404 634/1827/1481
f 1230/1782/1477 2503/1825/1479 2500/1824/1476
f 1220/1736/1377 1181/2188/1176 1950/1831/775
f 1947/1783/1424 1230/1782/1424 1156/1830/1483
f 1219/1798/1447 1220/1736/1377 1231/1816/1378
f 1236/1759/1484 1243/1810/6331 1240/1801/1451
f 1235/1833/1485 1172/1704/1350 1173/1767/1486
f 1974/1785/1426 1246/1786/1428 1239/1731/1372
f 671/1834/1487 634/3773/6332 1209/1724/1488
f 1242/1836/1490 671/1834/1487 1234/1835/1489
f 1245/1797/1446 1246/1786/6326 1205/1757/1396
f 1216/1808/1462 1242/1836/1490 1241/1802/1491
f 1243/1810/1465 1244/3771/6329 1188/1741/1381
f 1240/1801/1451 1243/1810/6331 1184/1708/1354
f 572/1056/336 509/1839/336 1249/1369/1175
f 678/1837/369 653/815/368 682/816/1493
f 797/1370/1176 1249/1369/1175 509/1839/336
f 627/1829/1482 1147/1683/1329 499/487/436
f 1283/1841/1495 1346/2115/1712 1372/1842/1496
f 1338/1844/1498 1325/1963/1610 1297/1845/1499
f 1268/1847/1501 1264/1968/1613 1299/1848/1502
f 1270/1850/1504 1309/2080/1611 1311/1851/1505
f 1296/1853/1507 1265/1856/1510 1253/1854/1508
f 1265/1856/1510 1267/2042/1542 1412/1857/1511
f 1254/1859/1513 1290/1909/1561 1397/1860/1514
f 1407/1864/1518 1416/1891/1545 1362/2103/1708
f 1362/2103/1708 1363/1981/1620 1354/1862/1516
f 1354/1862/1516 1355/2066/1690 1256/1980/1619
f 1256/1980/1619 1277/2006/1640 1370/1863/1517
f 1370/1863/1517 1371/1992/1629 1380/1991/1628
f 1380/1991/1628 1381/2111/1709 1407/1864/1518
f 1407/1864/1518 1362/2103/1708 1354/1862/1516
f 1354/1862/1516 1256/1980/1619 1370/1863/1517
f 1370/1863/1517 1380/1991/1628 1407/1864/1518
f 1273/1867/1521 1331/1928/1580 1305/1865/1519
f 1305/1865/1519 1298/1944/1593 1324/1866/1520
f 1324/1866/1520 1260/1934/1584 1273/1867/1521
f 1348/1868/1522 1386/2116/1713 1347/1869/1523
f 1425/1871/1525 1349/2043/1718 1400/1872/1526
f 1402/1874/1528 1408/1970/1614 1379/1875/1529
f 1280/1877/1531 1269/1972/1615 1307/1878/1532
f 1405/1880/1534 1352/2118/1715 1390/1881/1535
f 1306/1883/1537 1333/1953/1601 1341/1884/1538
f 1301/1886/1540 1303/1967/1612 1266/1887/1541
f 1257/1889/1543 1284/2030/1664 1283/1841/1495
f 1366/1890/1544 1362/2103/1708 1416/1891/1545
f 1272/1893/1547 1261/1930/1582 1281/1894/1548
f 1353/1896/1550 1388/2117/1714 1350/1897/1551
f 1292/1899/1553 1314/2086/1699 1253/1900/1554
f 1389/1902/1556 1255/2024/1658 1284/1903/1557
f 1399/1905/1559 1428/2128/1559 1426/1906/1559
f 1255/1908/1560 1291/2002/1636 1290/1909/1561
f 1250/1910/1562 1323/2100/1707 1342/1911/1563
f 1321/1913/1565 1340/2099/1706 1282/1914/1566
f 1407/1864/1518 1381/2111/1709 1384/1916/1568
f 1359/1918/1570 1361/2104/1643 1259/1919/1571
f 1367/1921/1573 1369/2105/1621 1360/1922/1574
f 1328/1924/1576 1330/1929/1581 1263/1925/1577
f 1275/1927/1579 1335/2097/1618 1331/1928/1580
f 1330/1929/1581 1326/1947/1596 1261/1930/1582
f 1261/1930/1582 1272/1893/1547 1274/1931/1583
f 1263/1925/1577 1274/1931/1583 1275/1932/1579
f 1262/1933/1578 1275/1927/1579 1273/1867/1521
f 1423/1935/1585 1390/3774/6333 1364/1936/1586
f 1368/1938/1588 1366/4072/1544 1420/1939/1546
f 1271/1852/1506 1419/1973/1616 1421/1941/1590
f 1329/1945/1594 1327/1943/1592 1302/1942/1591
f 1281/1894/1548 1261/1930/1582 1326/1947/1596
f 1272/1893/1547 1332/1993/1630 1337/1949/1598
f 1343/1950/1599 1316/2087/1559 1318/1951/1559
f 1333/1953/1601 1306/1883/1537 1310/1954/1602
f 1278/1956/1604 1377/2109/1609 1375/1957/1605
f 1411/1917/1569 1384/1916/1568 1382/1959/1607
f 1276/1843/1497 1372/1842/1496 1377/1961/1609
f 1325/1963/1610 1329/2096/1594 1300/1964/1595
f 1268/1847/1501 1304/1849/1503 1309/1965/1611
f 1303/1967/1612 1299/1848/1502 1264/1968/1613
f 1382/1969/1607 1379/1875/1529 1408/1970/1614
f 1269/1972/1615 1414/2007/1641 1419/1973/1616
f 1417/1974/1617 1406/2063/1687 1264/1968/1613
f 1271/1852/1506 1311/1851/1505 1307/1878/1532
f 1317/1975/1559 1287/2050/1559 1286/1976/1559
f 1274/1931/1583 1337/1949/1598 1335/1978/1618
f 1276/1843/1497 1278/1962/1604 1259/1979/1571
f 1278/1956/1604 1279/1958/1606 1258/1920/1572
f 1279/1958/1606 1277/2006/1640 1256/1980/1619
f 1363/1981/1620 1367/1921/1573 1358/1923/1575
f 1270/1966/1504 1421/2126/1590 1417/1974/1617
f 1369/1982/1621 1365/2034/1668 1356/1983/1622
f 1373/1985/1623 1378/2039/1673 1383/1986/1624
f 1376/1988/1625 1383/2110/1624 1385/1989/1626
f 1374/1990/1627 1385/1989/1626 1380/1991/1628
f 1332/1993/1630 1272/1893/1547 1282/1895/1549
f 1336/1955/1603 1310/1954/1602 1308/1995/1632
f 1267/1888/1542 1266/1887/1541 1410/1999/1634
f 1389/2001/1635 1394/2121/1719 1291/2002/1636
f 1252/2003/1637 1286/2047/1680 1429/2004/1638
f 1415/1937/1587 1364/1936/1586 1368/1938/1588
f 1279/1958/1606 1375/1957/1605 1370/1863/1517
f 1414/2007/1641 1269/1972/1615 1280/1877/1531
f 1361/2009/1643 1357/2029/1663 1257/1889/1543
f 1405/2010/1644 1428/2129/1727 1399/2011/1645
f 1321/2013/1647 1251/2067/1691 1289/2014/1648
f 1251/1915/1567 1282/1914/1566 1281/2016/1650
f 1322/2018/1652 1338/2098/1705 1315/2019/1653
f 1295/2021/1655 1312/2085/1698 1341/2022/1656
f 1255/2024/1658 1254/2124/1722 1283/2025/1659
f 1393/2026/1660 1396/2122/1720 1401/2027/1661
f 1357/2029/1663 1351/2112/1710 1284/2030/1664
f 1353/2031/1665 1398/4073/1721 1395/2032/1666
f 1365/2034/1668 1391/3775/1711 1350/2035/1669
f 1292/2036/1670 1285/3776/1685 1287/2037/1671
f 1378/2039/1673 1373/1985/1623 1347/2040/1674
f 1296/1853/1507 1301/2078/1540 1267/2042/1542
f 1349/2043/1676 1425/1871/1726 1402/2044/1677
f 1294/2046/1679 1319/2074/1695 1286/2047/1680
f 1253/1854/1508 1265/1856/1510 1409/1858/1512
f 1429/2049/1559 1286/1976/1559 1287/2050/1559
f 1342/2052/1559 1344/4074/1559 1289/2053/1559
f 1394/2055/1559 1397/4075/1559 1290/2056/1600
f 1252/2058/1682 1404/2127/1724 1422/2059/1683
f 1285/1901/1685 1424/2125/1723 1427/2061/1686
f 1266/1887/1541 1264/1968/1613 1406/2063/1687
f 1294/2064/1688 1252/2058/1682 1280/2060/1684
f 1355/2066/1690 1359/1918/1570 1258/1920/1572
f 1251/2067/1691 1250/1910/1562 1288/1912/1564
f 1324/1866/1520 1328/2094/1576 1262/1933/1578
f 1322/2068/1692 1293/3777/1700 1316/2069/1693
f 1398/2071/1559 1401/4076/1559 1396/2072/1559
f 1319/2074/1695 1294/2046/1679 1295/2075/1696
f 1297/2077/1499 1300/3778/1595 1301/2078/1540
f 1300/1946/1595 1302/1942/1591 1303/1967/1612
f 1302/1942/1591 1298/1944/1593 1299/1848/1502
f 1308/1998/1632 1309/1965/1611 1304/1849/1503
f 1310/2079/1602 1311/1851/1505 1309/2080/1611
f 1306/2082/1537 1307/1878/1532 1311/1851/1505
f 1304/1849/1503 1299/1848/1502 1298/1944/1593
f 1315/2083/1500 1297/2077/1499 1296/1853/1507
f 1312/2084/1539 1313/1879/1533 1307/1878/1532
f 1312/2085/1698 1295/2021/1655 1294/2064/1688
f 1314/2086/1699 1292/1899/1553 1293/2020/1654
f 1319/1977/1559 1318/1951/1559 1316/2087/1559
f 1293/2088/1700 1292/2036/1670 1317/2038/1672
f 1250/2017/1651 1281/2016/1650 1339/2090/1701
f 1320/2092/1703 1321/2013/1647 1344/2015/1649
f 1298/1944/1593 1327/1943/1592 1328/2094/1576
f 1327/2095/1592 1329/2096/1594 1330/1929/1581
f 1329/2096/1594 1325/1963/1610 1326/1947/1596
f 1332/1993/1630 1333/1953/1601 1336/1955/1603
f 1337/1949/1598 1336/1955/1603 1334/1996/1633
f 1335/2097/1618 1334/1997/1633 1305/1865/1519
f 1325/1963/1610 1338/1844/1498 1339/1948/1597
f 1340/1994/1631 1341/1884/1538 1333/1953/1601
f 1338/2098/1705 1322/2018/1652 1323/2091/1702
f 1320/2023/1657 1341/2022/1656 1340/2099/1706
f 1345/1952/1600 1344/4074/1559 1342/2052/1559
f 1323/2100/1707 1322/2068/1692 1343/2070/1694
f 1295/2101/1696 1320/2092/1703 1345/2093/1704
f 1359/1918/1570 1355/2066/1690 1354/1862/1516
f 1362/2103/1708 1366/1890/1544 1367/1921/1573
f 1361/2104/1643 1359/1918/1570 1358/1923/1575
f 1366/1890/1544 1368/3779/1588 1369/2105/1621
f 1357/2029/1663 1361/2009/1643 1360/1984/1574
f 1368/1938/1588 1364/1936/1586 1365/2106/1668
f 1372/1842/1496 1373/1985/1623 1376/1987/1625
f 1382/1969/1607 1383/4077/1624 1378/2108/1673
f 1377/2109/1609 1376/1988/1625 1374/1990/1627
f 1384/1916/1568 1385/1989/1626 1383/2110/1624
f 1375/1957/1605 1374/1990/1627 1371/1992/1629
f 1381/2111/1709 1380/1991/1628 1385/1989/1626
f 1356/1983/1622 1350/2035/1669 1351/2112/1710
f 1364/1936/1586 1390/3774/6333 1391/2113/1711
f 1386/2114/1675 1387/1876/1530 1379/1875/1529
f 1346/2115/1712 1347/2040/1674 1373/1985/1623
f 1386/2116/1713 1348/1868/1522 1349/2043/1676
f 1388/2117/1714 1389/1902/1556 1351/1904/1558
f 1391/1898/1552 1390/1881/1535 1352/2118/1715
f 1393/1870/1524 1347/1869/1523 1346/2119/1716
f 1396/2072/1559 1397/4075/1559 1394/2055/1559
f 1400/1907/1559 1401/4076/1559 1398/2071/1559
f 1348/1868/1662 1401/3780/1661 1400/1872/1526
f 1388/2033/1667 1395/2032/1666 1394/2121/1719
f 1392/1861/1515 1397/1860/1514 1396/2122/1720
f 1398/2123/1721 1353/3781/1665 1352/2012/1646
f 1254/2124/1722 1392/2120/1717 1346/2119/1716
f 1426/1873/1527 1427/2061/1686 1424/2125/1723
f 1418/1940/1589 1419/1973/1616 1414/2007/1641
f 1420/1939/1546 1421/1941/1590 1419/1973/1616
f 1420/1892/1546 1416/1891/1545 1417/1974/1617
f 1413/1971/1608 1408/1970/1614 1409/1858/1512
f 1411/1917/1569 1413/1960/1608 1412/2000/1511
f 1411/1917/1569 1410/1999/1634 1406/2063/1687
f 1417/1974/1617 1416/1891/1545 1407/1864/1518
f 1422/2008/1642 1423/1935/1585 1415/1937/1587
f 1408/1970/1614 1402/1874/1528 1403/2048/1681
f 1423/1882/1536 1422/2059/1683 1404/2127/1724
f 1424/2125/1725 1403/2130/1728 1402/2044/1677
f 1428/2128/1559 1429/2049/1559 1427/2051/1559
f 1428/2129/1727 1405/2010/1644 1404/2005/1639
f 1285/1901/1555 1253/1900/1554 1403/2130/1728
f 1431/2131/1729 1443/3782/6334 1442/2132/1730
f 1430/2134/1732 1442/2164/6335 1440/2135/1733
f 1436/2137/1735 1435/4078/1735 1437/2138/1735
f 1438/2140/1736 1439/3783/1736 1437/2141/1737
f 1448/2143/1738 1447/3784/6336 1442/2144/1739
f 1445/2146/1741 1446/3785/6337 1441/2147/1742
f 1448/2149/1744 1443/2169/6338 1444/2150/1745
f 1449/2151/1747 1444/2150/6339 1441/2152/1748
f 1434/2154/1750 1430/4079/1751 1432/2155/1751
f 1433/2157/1752 1432/3351/6340 1435/2158/1753
f 1434/2160/1755 1438/3786/6341 1431/2161/1756
f 1447/2163/1758 1445/3787/6342 1440/2135/1759
f 1441/2165/1761 1444/4080/6343 1437/2166/1762
f 1437/2168/1764 1444/2150/6344 1443/2169/1765
f 529/547/477 512/549/479 1456/2171/1767
f 529/547/1269 1455/2172/1172 1454/2173/1172
f 941/2174/1769 1454/2173/1078 1453/2175/1077
f 933/1269/1771 935/1268/6345 1453/2175/1079
f 814/2176/908 1451/4081/1172 1452/2177/1172
f 814/2179/1772 518/1259/1772 1450/2180/1009
f 514/509/452 516/511/453 1450/2182/458
f 672/506/451 450/397/451 1456/2183/451
f 529/547/1773 941/2174/1090 935/1268/1774
f 822/685/1776 506/684/6346 2228/964/1777
f 622/362/1779 623/945/818 2302/2185/1780
f 2246/2186/1782 625/992/1062 442/355/489
f 501/893/763 519/4082/336 518/1236/1059
f 1457/995/866 1458/994/865 574/1691/786
f 599/720/600 1557/770/564 637/769/674
f 510/1840/336 509/1839/336 1124/354/336
f 1536/2197/1788 1466/2250/1835 1485/2198/1789
f 1471/2200/1791 1518/2203/1794 1513/2201/1792
f 1518/2203/1794 1469/2230/1820 1468/2204/1795
f 1531/2205/1796 1537/2208/1799 1460/2206/1797
f 1537/2208/1799 1531/2205/1796 1478/2209/1800
f 1475/2211/1802 1476/2243/1828 1519/2212/1803
f 1514/2213/1804 1519/2212/1803 1474/2214/1805
f 1473/2215/1806 1474/2214/1805 1539/2216/1807
f 1539/2216/1807 1472/2253/1838 1488/2218/1809
f 1462/2219/1810 1463/2249/1834 1507/2220/1811
f 1532/2222/1813 1483/3788/1814 1494/2223/1814
f 1494/2223/1814 1483/3788/1814 1523/2225/1816
f 1549/2227/1812 1507/3789/1811 1461/2228/1818
f 1469/2230/1820 1508/2238/1824 1550/2231/1821
f 1537/2232/451 1477/3796/1845 1506/2233/451
f 1484/2235/1822 1485/3790/6347 1545/2236/1823
f 1508/2238/1824 1467/2326/1881 1487/2239/1825
f 1477/2210/1801 1478/2209/1800 1528/2240/1826
f 1522/2242/1827 1528/3791/1826 1476/2243/1828
f 1481/2229/1819 1461/2228/1818 1530/2244/1829
f 1547/2245/1830 1530/2244/1829 1459/2207/1798
f 1465/2246/1831 1517/3792/6348 1512/2247/1832
f 1512/2247/1832 1517/3792/6348 1463/2249/1834
f 1466/2250/1835 1527/2252/1837 1545/2251/1836
f 1527/2252/1837 1465/2246/1831 1464/2248/1833
f 1472/2253/1838 1553/4083/1840 1548/2254/1839
f 1553/2255/1840 1471/2200/1791 1470/2202/1793
f 1537/2232/451 1552/2234/451 1479/2257/451
f 1545/2236/1823 1464/3800/4771 1483/2259/1841
f 1489/2260/1230 1473/3793/4769 1544/2261/1842
f 1544/2261/1842 1488/2311/1872 1501/2263/1843
f 1486/2264/1844 1487/3794/1844 1510/2265/1845
f 1510/2265/1845 1485/3790/6347 1484/2235/1822
f 1480/2267/451 1481/3795/451 1547/2268/451
f 1547/2268/451 1460/2258/451 1479/2257/451
f 1506/2233/451 1477/3796/1845 1522/2270/1846
f 1522/2270/1846 1475/3797/4784 1490/2272/1847
f 1490/2272/1847 1475/3797/4784 1514/2273/1842
f 1514/2273/1842 1473/3793/4769 1489/2260/1230
f 1498/2275/1848 1468/3798/451 1550/2276/1844
f 1550/2276/1844 1487/3794/1844 1486/2264/1844
f 1500/2278/451 1470/3799/451 1513/2279/451
f 1513/2279/451 1468/3798/451 1498/2275/1848
f 1483/2259/1841 1464/3800/4771 1512/2281/1823
f 1523/2225/1816 1482/4084/1849 1493/2283/1849
f 1504/2284/1850 1490/3801/1850 1524/2285/1851
f 1524/2285/1851 1489/3808/1853 1503/2287/1853
f 1492/2288/1854 1480/3802/1854 1509/2289/1855
f 1509/2289/1855 1479/2293/1857 1491/2291/1857
f 1552/2292/1858 1521/2295/1858 1491/2291/1857
f 1552/2292/1858 1506/3804/1859 1505/2294/1859
f 1496/2296/1860 1486/2264/1860 1540/2266/1861
f 1540/2266/1861 1484/2235/1863 1495/2298/1863
f 1502/2299/1864 1501/3803/1864 1511/2300/1865
f 1511/2302/1865 1500/3810/1867 1499/2303/1867
f 1505/2294/1859 1506/3804/1859 1543/2305/1868
f 1512/2281/1823 1462/3805/1870 1482/2307/1869
f 1482/2307/1869 1462/3805/1870 1549/2308/1870
f 1549/2308/1870 1481/3795/451 1480/2267/451
f 1548/2310/1871 1511/2312/1873 1501/2263/1843
f 1548/2310/1871 1470/3799/451 1500/2278/451
f 1495/2313/1863 1484/3806/1863 1532/2222/1813
f 1543/2305/1868 1490/4085/1850 1504/2314/1850
f 1497/2315/1874 1498/3807/6349 1546/2316/1875
f 1546/2316/1875 1486/4086/1860 1496/2318/1860
f 1503/2287/1853 1489/3808/1853 1554/2319/1877
f 1554/2319/1877 1501/3803/1864 1502/2299/1864
f 1493/2321/1849 1482/3809/1849 1515/2322/1878
f 1515/2322/1878 1480/3802/1854 1492/2288/1854
f 1499/2303/1867 1500/3810/1867 1538/2324/1879
f 1538/2324/1879 1498/3807/6349 1497/2315/1874
f 1467/2326/1881 1536/4087/1788 1510/2327/1790
f 1556/2328/1882 1558/3811/673 1557/656/564
f 641/729/895 1562/1690/1335 1561/1686/1331
f 640/722/1884 1564/1688/1333 1562/1690/1335
f 603/730/1883 1561/1686/1331 1563/928/800
f 1562/1690/1335 1152/1689/1334 1151/2330/1886
f 1565/929/801 1563/928/800 1153/1687/1332
f 456/2332/1360 1570/1811/1467 1571/1722/1469
f 1828/2334/1357 1198/2336/1356 1568/1716/1888
f 1201/2333/1889 1571/1722/346 1567/1714/346
f 1165/2335/1344 1567/1714/346 1568/1716/346
f 1570/1449/1195 1566/1448/1194 656/955/1890
f 1558/768/673 533/628/539 635/630/541
f 809/2339/1893 1579/1393/1271 1575/1353/1271
f 1576/1417/658 1574/1391/658 652/613/1894
f 652/613/529 1574/1391/346 1579/1393/346
f 802/2340/1895 1708/705/2091 1700/480/1896
f 807/624/838 1699/2530/2092 1705/1613/1898
f 806/625/529 1573/979/346 1578/980/346
f 1709/2342/1899 1702/2531/1899 475/953/660
f 1580/707/346 1665/706/614 1664/492/441
f 801/734/638 805/2341/6250 1578/980/1901
f 1601/2346/1905 2325/2398/1906 2331/2347/1906
f 1634/2349/1908 1649/4088/1908 1648/2350/1909
f 1588/2352/1910 1592/2418/6350 1589/2353/1911
f 1627/2355/1913 1628/2411/1983 1615/2356/1914
f 1621/2358/1916 1655/4089/1916 1651/2359/1917
f 1590/2361/1918 2321/3333/2912 2315/2362/1919
f 2328/2364/1921 2316/2522/2087 2311/2365/1922
f 1610/2367/1924 1629/2428/2001 1626/2368/1925
f 1637/2369/1927 1620/2425/1998 1584/773/677
f 1625/2370/1929 1594/2404/1972 1615/2371/1930
f 1636/2360/1917 1651/2359/1917 1650/2373/1932
f 1584/773/677 784/712/679 696/1187/1933
f 1600/2375/1934 1631/813/1934 1630/2376/1934
f 1586/2378/1936 1594/2404/6351 1625/2370/1937
f 2328/2364/1939 1591/2427/2000 1614/2380/1940
f 1642/2382/1942 1639/3812/4843 1661/2383/1908
f 1643/2377/1943 1624/2424/6352 1629/2385/1944
f 1627/2355/1946 1622/2472/2043 1599/2387/1947
f 1606/2389/1950 1594/2404/6351 1586/2378/1936
f 1585/2363/1920 1604/2357/2042 1595/2391/1952
f 1595/2391/1952 1596/2408/6353 1597/2392/1953
f 1597/2392/1953 1590/2361/1918 1585/2363/1920
f 758/2393/346 1572/969/346 474/736/346
f 1608/2394/1954 1609/3345/2936 695/2395/1955
f 1611/2396/1957 1600/2375/1957 1643/2377/1943
f 1611/2396/1958 1612/2397/1960 1601/2346/1959
f 1612/2397/1960 2333/3342/2930 2325/2398/1961
f 2320/2399/1962 2326/645/2925 710/797/1963
f 1623/2379/1938 590/652/560 589/653/561
f 1616/2401/1966 1617/2403/1971 1606/2389/1967
f 1618/2402/1969 1616/2401/1966 1605/2390/1968
f 1617/2403/1971 1615/2371/1930 1594/2404/1972
f 1613/2405/1973 1618/2402/1969 1607/2345/1970
f 1597/2392/1975 1618/2409/1981 1613/2406/1976
f 1595/2391/1978 1604/2357/1915 1615/2356/1914
f 1596/2408/1980 1616/2410/1982 1618/2409/1981
f 1595/2391/1978 1617/2407/1979 1616/2410/1982
f 1628/2411/1983 1627/2355/1913 1598/2388/1984
f 1621/2413/1985 1637/2369/1927 1644/2414/1986
f 2332/2416/1988 2333/3340/2927 1612/2417/1989
f 1592/2418/1991 1588/2352/1990 1612/2417/1989
f 1592/2418/1992 1611/2419/1992 1610/2367/1924
f 1598/2388/1993 1599/2387/2937 1609/2420/1994
f 1641/2421/1996 1657/2467/1996 1660/2422/1932
f 1620/2425/1998 1619/4090/6354 1583/2426/1999
f 1591/2427/2000 1626/2368/1925 1629/2428/2001
f 1629/2385/1944 1624/2424/6352 1603/644/554
f 1632/2430/1934 1631/813/1934 717/812/2003
f 1634/2432/2005 1633/2431/2004 717/812/2003
f 1646/2433/2007 1642/2382/1942 1658/2384/1942
f 1635/2435/2008 1619/4091/6354 1620/2425/1998
f 1621/2413/1985 1636/2436/2009 1620/2425/1998
f 1638/2437/2010 1645/2447/2019 1644/2414/1986
f 1659/2438/2011 1658/2460/2026 1651/2439/2012
f 1647/2441/2014 1652/2464/2029 1638/2442/2015
f 1648/2444/2016 1649/4092/6355 1654/2445/2017
f 1645/2448/2019 1641/2451/2021 1642/2449/2020
f 1641/2451/2021 1640/3813/2022 1639/2452/2022
f 1647/2453/1934 1648/2444/2016 1653/2446/2018
f 1621/2455/2024 1646/3814/2024 1659/2456/2024
f 1652/2454/2023 1653/2446/2018 1657/2458/2020
f 1658/2460/2026 1661/4093/2027 1650/2461/2027
f 1653/2446/2018 1654/2445/2017 1660/2462/2022
f 1645/2463/2028 1638/2442/2015 1652/2464/2029
f 1645/2466/2030 1656/4094/2030 1657/2467/1996
f 1632/2468/2031 1633/2351/1909 1648/2350/1909
f 1560/696/2033 638/698/1197 637/769/1199
f 1706/2470/2035 1707/2529/2089 1577/2400/1965
f 1662/2471/2036 798/655/6356 799/1013/2037
f 1662/2471/2038 1666/721/624 802/2340/2039
f 1559/2338/2034 635/630/2922 636/1336/2041
f 1604/2357/2042 1585/2363/1920 1622/2472/2043
f 1644/2414/1986 1637/2369/1927 1624/2424/1997
f 1585/2363/1920 2315/2362/1919 2311/2365/1922
f 590/652/560 1623/2379/1938 1625/2370/1937
f 1678/2473/2044 1690/2507/2044 1687/2474/2044
f 1669/2476/2045 563/761/6357 597/926/797
f 716/715/621 598/717/623 1692/927/2047
f 1683/2480/2049 1679/2490/2057 1682/2492/2059
f 1682/2492/2059 1688/4095/6358 1687/2478/2048
f 1687/2478/2048 1690/4096/664 1689/4097/2048
f 1689/4097/2048 1686/4098/2048 1685/2479/664
f 1685/2479/664 1684/4099/2049 1683/2480/2049
f 1683/2480/2049 1682/2492/2059 1687/2478/2048
f 1687/2478/2048 1689/4097/2048 1685/2479/664
f 1667/2481/1119 504/2510/2076 570/2482/2050
f 1674/2484/2051 1673/2504/2069 1684/2485/2052
f 1694/2487/2054 1693/2511/665 959/2488/2055
f 1679/2490/2057 1681/3815/4944 1680/2491/2058
f 1676/2493/2060 1672/2502/2068 1686/2494/2061
f 1671/2496/2063 960/2518/2085 1679/2497/2064
f 1670/2499/2066 1682/2506/2071 1680/2500/2067
f 1672/2502/2068 1674/3816/2051 1685/2503/2053
f 1673/2504/2069 1671/2496/2063 1683/2498/2065
f 1675/2505/2070 1688/2509/2075 1682/2506/2071
f 1676/2493/2060 1689/2495/2062 1690/2507/2072
f 1677/2508/2074 1687/4100/2074 1688/2509/2075
f 1632/2430/1934 1638/2437/2010 1630/2376/1934
f 1600/2375/1934 1601/2346/1905 715/2348/1907
f 504/2510/2076 1667/2481/1119 1693/2511/665
f 1691/811/2047 1692/927/2047 597/926/2077
f 716/715/2078 1691/811/725 1631/813/725
f 1677/2512/2080 1675/925/796 1692/927/798
f 1678/2513/2082 1677/2512/2080 598/717/2081
f 1671/2516/2083 1693/764/665 1667/1307/1119
f 960/2518/2085 958/3817/2086 1681/2519/2086
f 1676/2520/2048 1678/2513/2082 959/2514/2055
f 1622/2472/2043 2311/2365/1922 2316/2522/2087
f 1566/1448/346 679/4031/1110 490/2523/1112
f 656/955/1890 1697/933/658 1696/751/658
f 1695/1774/1434 1696/1818/1434 654/1790/1434
f 1224/1772/346 1175/1723/346 1225/1812/346
f 1455/2524/1768 1456/3818/1767 1698/663/571
f 1698/518/451 450/520/451 520/2525/451
f 1577/2400/1965 1707/2529/2089 1586/2378/1936
f 447/2527/346 1702/2531/346 1572/969/346
f 1709/2528/658 683/1838/1494 682/816/1493
f 1701/1418/346 682/816/346 632/343/346
f 1706/2470/2035 1708/705/346 802/2340/346
f 1707/2529/2089 1706/2470/2035 1666/721/2088
f 1586/2378/1936 1707/2529/2089 714/697/2090
f 1708/705/2091 1580/707/1166 1581/478/1167
f 1699/2530/2092 1573/979/1161 1575/1353/1161
f 447/2527/346 446/954/346 475/953/346
f 1705/1613/1273 1704/1392/1272 632/343/327
f 1699/2530/346 807/624/346 800/623/346
f 1700/480/429 1703/479/428 800/623/562
f 1702/2531/1899 1709/2342/1899 1576/968/835
f 700/429/692 698/427/689 697/785/691
f 702/789/1053 704/777/682 583/2533/864
f 901/1127/1181 524/529/467 523/528/466
f 955/2536/1274 1050/4101/1275 954/2534/2094
f 954/2534/2094 1048/4102/1002 1047/2535/2095
f 1047/2535/2095 1033/597/517 955/2536/1274
f 1730/2537/2096 556/581/507 552/2538/1233
f 549/1166/989 1735/1515/1240 1732/2539/2096
f 1732/2539/2096 552/2538/1233 1043/2540/2097
f 550/1167/1001 549/1166/989 1732/2539/2096
f 2218/2541/2098 1722/1508/2099 1044/1148/2099
f 1728/573/336 1046/704/613 1033/597/517
f 2205/2543/2101 2202/3819/6359 2209/2544/2102
f 551/1146/2104 1720/4041/2104 1714/1514/1240
f 1714/1514/1240 1030/1151/989 1049/1153/991
f 1715/2546/2105 536/3820/4985 1775/2547/2106
f 1733/2549/514 2201/3832/514 2206/2550/514
f 1717/2552/1259 1052/4103/1259 1051/2553/1259
f 1734/1490/336 1713/3181/2759 555/1156/994
f 1729/598/518 1047/2535/2095 1028/1158/995
f 2239/2556/2110 2245/3185/2763 1715/2546/2108
f 1794/2548/2109 1032/3175/2757 2239/2556/2110
f 1172/1704/1350 1235/1833/1485 1234/1835/2111
f 1743/2557/2112 1767/2566/2117 1761/2558/2113
f 1764/2560/2114 1739/2569/2120 1737/2561/2115
f 1740/2559/2113 1761/2558/2113 1746/2563/514
f 1742/2565/2116 1770/2568/2119 1767/2566/2117
f 1741/2567/2118 1773/2570/2121 1770/2568/2119
f 1739/2569/2120 1764/2560/2114 1773/2570/2121
f 1755/2573/2124 1744/2574/6360 1760/2597/6361
f 1760/2597/6361 1766/2594/6362 1769/2571/2122
f 1769/2571/2122 1772/2592/6363 1763/2572/2123
f 1763/2572/2123 1751/2602/6364 1755/2573/2124
f 1755/2573/2124 1760/2597/6361 1769/2571/2122
f 1744/2574/2125 1747/3821/2129 1748/2575/2126
f 1749/2577/2128 1748/4104/2126 1747/2578/2129
f 1746/2563/2131 1750/3822/2127 1748/2580/2126
f 1745/2579/2130 1747/2578/2129 1756/2582/2132
f 1756/2584/2132 1747/3821/2129 1744/2574/2125
f 1746/2563/2131 1749/2581/2128 1759/2585/2135
f 1749/2577/2128 1745/2579/2130 1758/2586/2137
f 1763/2572/2138 1772/2592/2142 1774/2588/2139
f 1774/2590/2139 1773/2570/2145 1764/2560/2141
f 1772/2592/2142 1769/2571/2147 1771/2593/2143
f 1774/2590/2139 1771/2596/2143 1770/2568/2144
f 1766/2594/2146 1768/2598/2148 1771/2593/2143
f 1768/2595/2148 1767/2566/2151 1770/2568/2144
f 1760/2597/2149 1762/2600/2150 1768/2598/2148
f 1762/2599/2150 1761/2558/2152 1767/2566/2151
f 1760/2597/2149 1744/2574/2125 1750/2576/2127
f 1762/2599/2150 1750/3822/2127 1746/2563/2131
f 1764/2560/2141 1752/2562/6365 1753/2601/2153
f 1765/2589/2140 1753/3823/2153 1751/2602/2154
f 1738/2603/2155 1758/2586/2155 1745/2579/2155
f 1793/2604/2156 977/3824/5019 976/2605/2157
f 2237/2609/2161 2309/3177/2756 2235/2610/2162
f 1782/1645/1279 1792/1644/1279 965/2612/2164
f 979/2614/2165 1793/2604/2156 1783/2606/2158
f 978/1325/1138 1783/1327/1140 1787/999/1142
f 980/2616/451 977/3824/451 1793/2604/451
f 970/1322/2167 1776/896/1136 1786/1324/1136
f 1784/1319/1132 1782/1318/1131 975/2617/2168
f 562/2619/514 1777/673/583 1779/616/531
f 891/2621/2171 1785/1313/1125 1791/1315/1127
f 1785/1132/967 1789/998/967 818/2622/2172
f 1800/2624/2174 1788/978/848 1780/672/848
f 669/724/625 1788/2637/2175 1778/2626/2175
f 1789/998/867 1787/999/867 819/1328/2176
f 1776/896/766 1775/898/766 536/2627/2177
f 1790/783/702 1791/793/702 568/2629/2178
f 560/2620/2170 1779/616/531 1781/618/533
f 1786/1111/947 1792/1113/947 972/2632/2182
f 561/2631/2180 1781/618/533 1790/783/688
f 1801/2608/2160 1796/2607/2159 1798/2634/2184
f 1800/2636/2186 1799/2640/2186 1778/2626/2175
f 1778/2626/2181 1799/2640/2104 1798/2634/2184
f 1801/2608/2160 1802/2635/2185 1797/2638/514
f 601/1077/1337 1565/929/801 1154/2331/1887
f 564/2625/1237 1780/672/582 1777/673/583
f 1802/2635/2185 1798/2634/2184 1799/2640/2104
f 1969/2644/2192 1968/2879/2438 1958/2645/2193
f 1867/2647/2195 1850/2729/2469 1852/2648/2196
f 1894/2650/2198 1840/2722/2272 1842/2651/2199
f 1873/2653/2201 1899/2771/2324 2082/2654/2202
f 1953/2656/2204 1945/3092/6366 2148/2657/2205
f 1885/2659/2207 1829/2901/2460 1830/2660/2208
f 2081/2662/2210 1874/2664/2326 1873/2653/2201
f 1569/2663/2211 1870/3825/6367 1874/2664/2212
f 1853/2665/2214 1854/2671/2222 2483/2666/2215
f 1868/2649/2197 1852/2648/2196 1853/2665/2217
f 1871/2667/2219 1872/2772/2327 1876/2668/2218
f 1851/2669/2220 1896/2761/2316 1897/2670/2221
f 1978/2672/2223 1979/2880/2479 1929/2673/2224
f 2078/2678/514 1858/3053/514 1901/2679/514
f 1835/2681/2229 1834/2712/2628 1833/2682/2230
f 2485/2684/2232 2484/3131/2722 1897/2670/2221
f 1804/2686/2234 1809/2874/2432 1951/2687/2235
f 2138/2689/2237 2099/2833/2387 2103/2690/2238
f 1882/2692/2240 1835/2681/2229 1836/2683/2231
f 1946/2694/2242 1949/2688/2236 1845/2695/2243
f 1848/2697/2245 1847/2702/2250 1891/2698/2246
f 1892/2700/2248 1889/2693/2241 1836/2683/2231
f 1847/2702/2250 1846/2755/2310 1890/2703/2251
f 1866/2696/2244 1845/2695/2243 1842/2651/2199
f 1895/2661/2209 1830/2660/2208 1875/2705/2253
f 1886/2706/2254 1896/2761/2316 1851/2669/2220
f 1947/2708/2256 1157/3826/5100 1806/2709/2257
f 1864/2711/2260 1833/2682/2274 1834/2712/2261
f 2100/2714/2263 1963/2878/2437 1962/2715/2264
f 1848/2697/2245 1893/2699/2247 1888/2719/2269
f 1839/2701/2249 1838/2743/2303 1837/2721/2271
f 1862/2723/2273 1838/2743/2297 1833/2682/2274
f 1865/2724/2275 1861/2876/2434 1866/2696/2276
f 2158/2725/2278 1913/3075/3159 2106/2726/2279
f 1884/2728/2281 1832/2787/2342 1843/2720/2270
f 1852/2648/2282 1851/2669/2220 1854/2671/2222
f 1849/2707/2255 1851/2669/2220 1852/2648/2282
f 1892/2700/2248 1839/2701/2249 1840/2722/2272
f 1934/2730/2284 1925/2865/2423 1926/2731/2285
f 1941/2733/2287 1917/2824/2378 1918/2734/2288
f 2450/2736/2290 2443/3506/3094 2441/2737/2291
f 1874/2664/2212 1870/3825/6367 1905/2739/2293
f 2485/2684/2232 2441/3457/3044 2443/2741/2294
f 1862/2723/2273 1863/2748/2302 1837/2721/2296
f 2092/2744/2298 1218/4105/2318 1879/2718/2268
f 2097/2745/2299 1948/2875/2433 1805/2746/2300
f 1845/2695/2243 1883/2760/2315 1887/2652/2200
f 1863/2748/2302 1865/2724/2275 1841/2704/2277
f 1836/2683/2231 1833/2682/2230 1838/2743/2303
f 1952/2749/2304 1808/2873/2431 1803/2750/2305
f 1840/2722/2272 1837/2721/2271 1841/2704/2252
f 2019/2752/2307 2073/2835/2389 2075/2753/2308
f 1846/2755/2310 1935/3054/2610 1881/2756/2311
f 2090/2757/2312 1844/3830/6368 1880/2758/2313
f 1951/2687/2235 1952/2749/2304 1884/2728/2281
f 1883/2760/2315 1884/2728/2281 1888/2719/2269
f 1896/2761/2316 1895/2661/2209 1898/2685/2233
f 1889/2693/2241 1892/2700/2248 1891/2698/2246
f 1886/2706/2254 1885/2659/2207 1895/2661/2209
f 1971/1334/2317 1972/1792/1436 1849/2707/2255
f 1882/2692/2240 1889/2693/2241 1890/2703/2251
f 1891/2698/2246 1892/2700/2248 1894/2650/2198
f 1887/2652/2200 1888/2719/2269 1893/2699/2247
f 2093/2759/2314 1880/2758/2313 1218/2762/2318
f 2082/2654/2202 1899/2771/2324 1900/2764/2319
f 1910/2742/2295 1909/3070/2643 1831/2765/2321
f 2080/2766/514 1857/3030/514 1915/2767/514
f 1900/2764/2319 1899/2771/2324 1908/2769/2322
f 2483/2666/2215 2484/3131/2722 1908/2769/2322
f 1906/2770/2323 1908/2769/2322 1899/2771/2324
f 1907/2740/2325 1906/2770/2323 1873/2653/2201
f 1907/2740/2293 1905/2739/2293 1872/2772/2327
f 2181/2773/2328 2185/3104/2684 2153/2774/2329
f 1227/2776/2331 1903/3102/2682 2094/2777/2332
f 1247/2779/2334 1227/2776/2331 2095/2778/2333
f 1964/2646/2194 2143/2843/2398 1933/2784/2339
f 2131/2786/2341 1843/2720/2270 1832/2787/2342
f 1181/2789/2344 1916/2916/2478 2096/2790/2345
f 2086/2768/514 1915/2767/514 1977/2792/514
f 2146/2795/2349 2104/2781/3138 2107/2794/2347
f 2107/2794/2347 2105/3083/6369 2106/2726/2348
f 1959/1793/1438 1962/2715/2264 1973/2796/2350
f 2139/2797/2351 2100/2714/2263 2101/2716/2265
f 1954/2799/2353 1955/2870/2428 1813/2800/2354
f 1978/2802/2356 1931/2964/2528 2067/2803/2357
f 2135/2805/2359 1848/2697/2245 1843/2720/2270
f 2062/2806/2360 2063/2909/2471 2009/2807/2361
f 1928/2809/2363 1927/2832/2386 1919/2810/2364
f 2134/2812/2366 2132/3060/2619 1846/2755/2310
f 2071/2813/2367 1939/2952/2516 1937/2814/2368
f 1969/2644/2192 1964/2646/2194 1965/2785/2340
f 2012/2817/2371 2066/2948/2512 2064/2818/2372
f 1957/2820/2374 1810/2839/6370 1811/2821/2375
f 1922/2823/2377 1918/2734/2288 1917/2824/2378
f 2021/2826/2380 2074/2837/2391 2065/2827/2381
f 2061/2829/2383 2062/2806/2360 2008/2808/2362
f 1924/2831/2385 1923/2869/2427 1927/2832/2386
f 2099/2833/2387 1959/1793/1438 1961/1333/1437
f 2018/2834/2388 2072/2815/2369 2073/2835/2389
f 2075/2753/2308 1943/2955/2519 1942/2836/2390
f 2136/2838/2392 1827/2844/2399 1810/2839/2393
f 1860/2840/2395 1914/3538/6371 2166/2841/2396
f 1958/2645/2193 2102/2888/2449 2143/2843/2398
f 1944/2751/2306 1803/2750/2305 1827/2844/2399
f 2009/2807/2361 2015/2848/2403 2058/2845/2400
f 2069/2804/2358 2067/2803/2357 2013/2847/2402
f 1929/2673/2224 1930/2904/2465 1932/2849/2404
f 1933/2784/2339 2143/2843/2398 2144/2850/2405
f 2120/2852/2407 2014/2896/2455 2068/2853/2408
f 2141/2855/2410 2142/2691/2612 2103/2690/2411
f 2017/2860/2416 2071/2813/2367 2072/2815/2369
f 1933/2784/2417 1936/2851/2420 1939/2861/2418
f 1936/2851/2420 1934/2730/2284 1937/2732/2286
f 1940/2863/2421 1941/2733/2287 1942/2735/2289
f 1943/2864/2422 1926/2731/2285 1925/2865/2423
f 1832/2787/2342 1944/2751/2306 2136/2838/2392
f 1921/2825/2379 1957/2820/2374 1956/2822/2376
f 1824/2866/2424 2060/2957/2521 2006/2867/2425
f 1923/2869/2427 1924/2831/2385 1955/2870/2428
f 1818/2868/2426 2006/2867/2425 2050/2871/2429
f 1808/2873/2431 1952/2749/2304 1951/2687/2235
f 1952/2749/2304 1944/2751/2306 1832/2787/2342
f 2091/2791/2346 1857/3043/2600 1948/2875/2433
f 1861/2876/2434 1947/2708/2256 1946/2694/2258
f 1806/2709/2435 1804/2686/2234 1949/2688/2236
f 1949/2688/2236 1951/2687/2235 1883/2760/2315
f 1970/2877/2436 1973/2796/2350 1962/2715/2264
f 1963/2878/2437 1958/2645/2193 1968/2879/2438
f 1979/2880/2439 1919/2810/2631 2488/2881/2440
f 2007/2830/2384 2008/2808/2362 2034/2883/2442
f 2047/2885/2444 2021/2826/2380 2011/2828/2382
f 1965/2785/2446 1966/2894/2453 2112/2887/2447
f 1963/2878/2437 2100/2714/2263 2102/2888/2449
f 2406/2891/2452 838/3460/6275 671/2892/923
f 1965/2785/2446 1933/2784/2417 1938/2862/2419
f 2056/2895/2454 2039/2937/2501 2014/2896/2455
f 2048/2897/2456 2020/2754/2309 2021/2826/2380
f 2028/2898/2457 1994/3020/2584 1995/2899/2458
f 1967/2676/2227 1856/3065/2636 1830/2660/2208
f 2124/2902/2461 1976/2903/2464 2005/2675/2462
f 1973/2796/2350 1970/2877/2436 1885/2659/2207
f 1976/2903/2464 1932/2849/2404 1930/2904/2465
f 2076/2905/2466 2113/2942/2506 2112/2906/2467
f 1968/2879/2438 1969/2644/2192 1967/2676/2227
f 1970/2877/2436 1968/2879/2438 1829/2901/2460
f 1974/1332/1143 1971/1334/1145 1850/2729/2469
f 1920/2908/2470 1978/2802/2356 2069/2804/2358
f 2063/2909/2471 2069/2804/2358 2015/2848/2403
f 2490/2882/2472 2488/2881/2705 2487/2910/2473
f 2088/2793/514 1977/2792/514 1912/2912/514
f 2168/2914/2475 2167/3093/2669 2085/2913/2476
f 1916/2916/2478 1247/2779/2334 2098/2780/2335
f 1920/2811/2365 1919/2810/2364 1979/2880/2479
f 2155/2917/2480 2149/3106/2686 1953/2656/2481
f 2177/2919/2483 2145/2710/2259 1855/2920/2484
f 2033/2922/2486 2019/2752/2307 2020/2754/2309
f 2045/2923/2487 2017/2860/2416 2018/2834/2388
f 2016/2925/2489 2017/2860/2416 2045/2923/2487
f 1993/2927/2491 1986/3007/2571 2035/2928/2492
f 2015/2848/2403 2013/2847/2402 2036/2930/2494
f 2038/2931/2495 2526/3827/6372 2525/2932/2496
f 2531/2934/2498 2527/3025/2591 2077/2935/2499
f 2013/2847/2402 2014/2896/2455 2039/2937/2501
f 2522/2938/2502 2521/2998/2562 2051/2939/2503
f 2024/2886/2445 2011/2828/2382 2012/2817/2371
f 2113/2942/2506 2125/2954/2518 2124/2943/2507
f 2029/2941/2505 2012/2817/2371 2010/2819/2373
f 2064/2818/2372 1956/2949/2513 1811/2945/2509
f 1924/2947/2511 1928/3021/2585 2062/2806/2360
f 2066/2948/2512 1922/2950/2514 1956/2949/2513
f 2065/2827/2381 1918/2958/2522 1922/2950/2514
f 2070/2951/2515 1938/3058/2617 1939/2952/2516
f 1976/2953/2517 2124/2943/2507 2125/2954/2518
f 2067/2803/2357 2068/2853/2408 2014/2896/2455
f 2073/2835/2389 1926/2962/2526 1943/2955/2519
f 1813/2956/2520 1955/3545/3160 2060/2957/2521
f 2074/2837/2391 1942/2836/2390 1918/2958/2522
f 2020/2754/2309 2075/2753/2308 2074/2837/2391
f 2011/2828/2382 2065/2827/2381 2066/2948/2512
f 1932/2959/2523 1976/2953/2517 1975/2854/2409
f 2113/2942/2506 2076/2905/2466 2022/2960/2524
f 2016/2925/2489 2070/2951/2515 2071/2813/2367
f 2072/2815/2369 1937/2814/2368 1926/2962/2526
f 2010/2819/2373 2064/2818/2372 1823/2946/2510
f 2030/2940/2504 2051/2939/2503 2050/2871/2429
f 1931/2964/2528 1932/2959/2523 2068/2853/2408
f 2076/2905/2466 2070/2951/2515 2016/2925/2489
f 2523/2965/2529 2122/2979/2543 2121/2966/2530
f 1985/2967/2531 2121/2966/2530 2023/2968/2532
f 2524/2978/2542 2057/2977/2541 2122/2979/2543
f 1991/2969/2533 2023/2968/2532 2516/2981/2545
f 2060/2957/2521 2061/2829/2383 2007/2830/2384
f 2521/2998/2562 1816/4106/6374 1822/2999/2563
f 2052/2944/2508 2010/2819/2373 1817/2963/2527
f 2008/2808/2362 2009/2807/2361 2027/2846/2401
f 2044/3002/2566 2001/3016/2580 2519/3003/2567
f 2116/2961/2525 2022/2960/2524 2055/3005/2569
f 1986/3007/2571 2522/2938/2502 2030/2940/2504
f 2032/3008/2572 2003/3013/2577 2002/3009/2573
f 2059/3011/2575 2528/3017/2581 1993/2927/2491
f 2041/2924/2488 2018/2834/2388 2019/2752/2307
f 2049/3012/2576 2004/3015/2579 2003/3013/2577
f 2046/3014/2578 2507/3018/2582 2004/3015/2579
f 2040/3010/2574 2002/3009/2573 2001/3016/2580
f 2037/2933/2497 2525/2932/2496 2528/3017/2581
f 2006/2867/2425 2007/2830/2384 2031/2884/2443
f 2025/2900/2459 1995/2899/2458 2507/3018/2582
f 2053/3019/2583 1988/3029/2595 1994/3020/2584
f 1928/3021/2585 1920/2908/2470 2063/2909/2471
f 2077/2935/2499 2038/2931/2495 2039/2937/2501
f 2054/3022/2586 2115/3027/2593 2110/3006/2570
f 2022/2960/2524 2016/2925/2489 2042/2926/2490
f 2127/2936/2500 2077/2935/2499 2056/2895/2454
f 2026/2929/2493 2035/2928/2492 2034/2883/2442
f 2053/3019/2583 2052/2944/2508 1820/3000/2564
f 2025/2900/2459 2024/2886/2445 2029/2941/2505
f 2035/2928/2492 2030/2940/2504 2031/2884/2443
f 2038/2931/2495 2037/2933/2497 2036/2930/2494
f 2527/3025/2591 2526/3827/6372 2038/2931/2495
f 2037/2933/2497 2059/3011/2575 2058/2845/2400
f 2044/3002/2566 2043/3004/2568 2042/2926/2490
f 2044/3002/2566 2045/2923/2487 2041/2924/2488
f 2040/3010/2574 2041/2924/2488 2033/2922/2486
f 2047/2885/2444 2046/3014/2578 2049/3012/2576
f 2048/2897/2456 2049/3012/2576 2032/3008/2572
f 2046/3014/2578 2047/2885/2444 2024/2886/2445
f 2051/2939/2503 1822/2999/2563 1821/2872/2430
f 2028/2898/2457 2029/2941/2505 2052/2944/2508
f 1984/3026/2592 2529/3059/2618 2115/3027/2593
f 2043/3004/2568 2054/3022/2586 2055/3005/2569
f 2126/3023/2589 2056/2895/2454 2120/2852/2407
f 2059/3011/2575 2026/2929/2493 2027/2846/2401
f 1819/3024/2590 1815/3828/5410 1988/3029/2595
f 1857/3030/514 2080/2766/514 2087/3031/514
f 2085/2913/514 1912/2912/514 1904/3033/514
f 1902/3034/514 2082/2654/514 2083/2680/514
f 1948/3032/514 2087/3031/514 1825/3035/514
f 1831/2765/2321 2078/2678/2641 2083/2680/2320
f 1828/3037/2191 1569/2663/2211 2081/2662/2213
f 1878/3039/514 2079/2655/514 2082/2654/514
f 1915/3040/2597 2096/2790/2345 2098/2780/2335
f 2091/2791/2346 2097/2745/2299 1950/3042/2599
f 1857/3043/2600 2091/2791/2346 2096/2790/2345
f 1977/3041/2598 2098/2780/2335 2095/2778/2333
f 1901/3045/2602 2093/2759/2314 2092/2763/2298
f 1858/3047/2604 2090/2757/2312 2093/2759/2314
f 2146/2795/2605 1911/3071/2644 2167/3048/2606
f 2097/2745/2299 1826/2747/2301 1807/3050/453
f 1902/3051/2603 2092/2744/2298 2089/2717/2267
f 1869/2641/2609 1878/3052/2608 2089/2717/2267
f 1858/3053/514 2078/2678/514 2084/2915/514
f 2138/2689/2237 1835/2681/2229 1882/2692/2240
f 1847/2702/2250 1848/2697/2245 2135/2805/2359
f 2139/2797/2351 1881/2756/2311 1935/3054/2610
f 1206/2713/2262 1834/2712/2261 2142/2691/2612
f 2100/2714/2263 2139/2797/2351 2140/3055/2611
f 1936/2851/2406 2144/2850/2405 2133/3056/2613
f 2125/2954/2518 2113/2942/2506 2116/2961/2525
f 1975/2854/2409 2125/2954/2518 2128/3028/2594
f 2110/3006/2570 2126/3023/2589 2128/3028/2594
f 2115/3027/2593 2127/2936/2500 2126/3023/2589
f 2076/2905/2466 1966/2907/2468 1938/3058/2617
f 2529/3059/2618 2531/2934/2498 2127/2936/2500
f 2124/2902/2461 2123/2677/2463 2118/2816/2448
f 1967/2676/2227 1969/2644/2192 2118/2816/2370
f 1935/3054/2610 1846/2755/2310 2132/3060/2619
f 2159/3061/2620 2161/3064/2635 1954/2799/2621
f 1925/2865/2623 2132/3060/2619 2134/2812/2366
f 1941/2733/2625 2135/2805/2359 2131/2786/2341
f 1917/2824/2626 2131/2786/2341 2130/2788/2343
f 2099/2833/2387 2138/2689/2237 2137/2798/2352
f 1881/2756/2311 2139/2797/2351 2137/2798/2352
f 1835/2681/2229 2138/2689/2237 2142/2691/2239
f 2102/2888/2449 2140/3055/2611 2144/2850/2405
f 2140/3055/2611 1935/3054/2610 2133/3056/2613
f 2490/2882/2441 2157/3066/2638 1929/2673/2629
f 2165/3062/2630 2488/2881/2440 1919/2810/2631
f 2163/3063/2633 2165/3062/2630 1927/2832/2632
f 2161/3064/2635 2163/3063/2633 1923/2869/2634
f 1856/3065/2636 1967/2676/2227 2005/2675/2226
f 2130/2788/2343 2136/2838/2392 1957/2820/2394
f 2157/3066/2638 1856/3065/2636 1930/2904/2637
f 2043/3004/2568 2519/3003/2567 1984/3026/2592
f 1940/2863/2624 2134/2812/2366 2135/2805/2359
f 1934/2730/2614 2133/3056/2613 2132/3060/2619
f 1710/2856/2412 2103/2690/2411 1961/1333/1144
f 2408/3069/2642 2409/3068/2640 1831/2765/2321
f 1911/3071/2644 2186/3105/2685 2187/3072/2645
f 2178/3073/2646 2105/3083/2659 2107/2794/2647
f 1911/3071/2649 2146/2795/2349 2106/2726/2348
f 2104/2781/2336 2108/3531/6375 2176/3076/2651
f 1912/3044/2601 2095/2778/2333 2094/2777/2332
f 2179/3079/2654 2183/3078/2653 2084/2915/2477
f 2148/2657/2656 1945/3092/2668 2162/3081/2657
f 2170/2727/2280 2106/2726/2279 2105/3083/2659
f 2173/3087/2663 2413/3543/6376 2470/3088/2664
f 2182/3090/2666 2181/2773/2328 2151/2775/2330
f 1945/3092/2668 1860/2840/2395 2164/2842/2397
f 2080/2766/2674 2155/3829/6377 2156/3097/2675
f 2180/3098/2677 1877/3103/2683 2152/3099/2678
f 2185/3101/2680 2181/3095/2671 2086/2768/2673
f 2169/2921/2485 1855/2920/2484 1856/3065/2636
f 2182/3096/2672 2155/3829/6377 2080/2766/2674
f 2090/2757/2312 1858/3047/2604 1904/3077/2652
f 1903/3102/2682 1844/3830/6378 2090/2757/2312
f 2152/3099/2678 2146/2795/2605 2168/3049/2607
f 2176/3076/2651 2108/3531/6375 1877/3103/2683
f 2185/3104/2684 2187/3072/2645 2186/3105/2685
f 2155/2917/2480 2182/3090/2666 2150/3091/2667
f 2183/3078/2687 2179/3079/2690 2180/3107/2688
f 2179/3079/2690 2175/3112/2697 2176/3109/2691
f 2173/3087/2692 2177/2919/2696 2178/3110/2693
f 2169/2921/2695 2170/3119/2709 2178/3110/2693
f 2175/3112/2697 2171/3124/3130 2172/3113/2698
f 2161/3064/2699 2159/3061/5509 2160/3114/2700
f 2165/3062/2702 2163/3063/2706 2164/3116/2703
f 2488/2881/2705 2165/3062/2702 2166/3117/2704
f 2163/3063/2706 2161/3064/2699 2162/3115/2701
f 2169/2921/2695 2157/3066/2710 2158/3118/2708
f 2157/3066/2710 2490/2882/2472 2489/2911/2474
f 2154/3120/2711 1825/3035/6379 2087/3031/2676
f 2156/2918/2482 1953/2656/2481 2147/2658/2712
f 2088/2793/2681 2085/2913/2476 2187/3094/2670
f 2171/3124/2715 2411/3429/3018 2471/3125/2716
f 2455/3127/2718 2425/3525/3125 2422/3128/2719
f 2197/3130/2721 2440/3831/3079 1898/2685/2233
f 2484/3131/2722 2485/2684/2232 1910/2742/2295
f 1860/2840/2729 1945/3092/6366 1953/2656/2204
f 2213/1343/1154 2206/1342/1153 2208/3142/2733
f 2215/3143/2734 2208/3142/2733 2207/3144/2735
f 2207/3146/2735 2205/2543/2101 2214/2545/2103
f 2209/2544/2102 2202/3819/6359 2204/3148/2737
f 2204/3148/2737 2203/4107/2740 2212/3150/2739
f 2203/3151/2740 2201/1344/1155 2210/1346/1157
f 2208/3155/514 2206/2550/514 2201/3832/514
f 2201/3832/514 2203/4108/514 2204/3153/514
f 2204/3153/514 2202/4109/514 2205/3154/514
f 2205/3154/514 2207/4110/514 2208/3155/514
f 2208/3155/514 2201/3832/514 2204/3153/514
f 946/1277/2741 950/4010/6297 935/3156/2742
f 967/527/465 524/529/467 899/1126/2744
f 876/3159/934 922/4111/935 1029/3160/935
f 840/3161/1033 916/3833/1035 917/1203/1029
f 1039/2542/2100 2297/4112/1214 2217/3164/1214
f 2220/3166/1214 2221/1476/1214 2222/1475/1214
f 2222/1475/1214 1039/2542/2100 2219/3165/1214
f 1039/2542/2100 2222/1475/1214 1719/3167/1214
f 2227/2184/1778 2228/964/1777 588/675/1781
f 1034/635/871 2229/1486/1218 2230/1487/1217
f 1035/3168/2748 2233/1484/1215 2229/1486/1215
f 2222/3169/2749 537/3834/5566 2225/3170/2750
f 2223/1387/1184 2231/1386/1183 701/3171/2751
f 898/3158/2745 899/1126/2744 2224/1237/1121
f 2232/948/1065 2231/1241/1065 855/3172/2752
f 899/1126/961 884/1125/960 2223/3173/2753
f 505/775/680 2226/947/821 2228/964/828
f 703/787/1055 587/1235/1054 2226/947/821
f 898/3174/2745 2234/688/601 2233/690/603
f 2239/2556/2110 2238/3835/2758 2309/3177/2756
f 1032/912/2757 2308/3836/2903 2238/3178/2758
f 2236/2611/2163 2235/2610/2162 2300/3180/336
f 1713/3181/2759 2242/3182/2760 554/1470/1211
f 2243/3183/2761 2236/2611/2163 2240/1471/1212
f 2244/3184/2762 2237/2609/2161 2236/2611/2163
f 2245/3185/2763 2239/2556/2110 2237/2609/2161
f 2295/3186/2764 2292/3839/6380 2291/3187/2765
f 2309/3189/2756 2238/3854/2758 2278/3190/2767
f 614/3192/2769 2249/3266/6381 2295/3193/2770
f 2299/3195/2772 2241/4113/6382 2300/3196/2773
f 2255/3198/2775 2251/3236/2776 2273/3199/2776
f 2288/3201/2778 2282/3284/2893 2294/3202/2779
f 2268/3204/2781 2257/3243/2817 2256/3205/2782
f 2303/3207/2784 612/4114/6383 831/3208/2785
f 2302/3210/2787 2280/3312/6384 2281/3211/2788
f 2256/3205/2790 2257/3243/2819 2246/3213/2791
f 2258/3215/2793 836/3837/2809 2259/3216/2794
f 2252/3218/2796 2269/3242/2818 2270/3219/2797
f 2269/3221/2799 2308/4115/2903 2296/3222/2800
f 2253/3224/2802 2254/3240/6385 2252/3218/2803
f 613/3226/2805 612/4114/6383 2303/3207/2784
f 2258/3228/2793 2260/4116/2795 2249/3229/2807
f 836/3231/2809 615/3838/6386 2265/3232/2810
f 2291/3187/2765 2292/3839/6380 2285/3234/2811
f 2251/3236/2776 2261/3849/2776 2272/3237/2813
f 2266/3238/2814 2260/3217/2840 2259/3216/2815
f 2254/3240/2816 2257/3243/2817 2268/3204/2781
f 2269/3242/2818 2252/3218/2796 2254/3240/2816
f 2257/3243/2819 2254/3240/6385 2253/3224/2802
f 2248/3248/2825 2247/3840/6387 2279/3249/2826
f 615/3251/2828 825/4117/6388 2285/3252/2829
f 2279/3249/2826 2247/3840/6387 2264/3254/2831
f 2217/3258/2836 2286/4118/6389 2287/3259/2837
f 2276/3261/2839 2249/3841/2845 2260/3217/2840
f 623/3225/2804 2252/3218/2803 2280/3220/2841
f 2286/3263/2842 2274/4119/2843 2265/3264/2843
f 2249/3266/2845 2276/4120/2839 2267/3267/2846
f 2255/3198/2775 2262/3200/2777 2263/3255/2832
f 1025/3268/2848 2266/3238/2885 2275/3239/2835
f 2292/3269/2849 2295/3842/2847 2267/3270/2846
f 2270/3272/2851 2296/4121/6390 2220/3273/2852
f 2271/3275/2822 2279/3843/6391 2225/3276/2854
f 2289/3278/2855 2282/3844/6392 2219/3279/2856
f 2284/3281/2858 2277/3206/2783 2256/3205/2782
f 2220/3283/2860 2219/3845/6393 2282/3284/2861
f 2287/3259/2837 2267/4122/6394 2241/3285/2863
f 2286/3286/2842 2285/4123/2844 2292/3269/2849
f 2293/3287/2864 2289/3315/2894 2284/3288/2858
f 2289/3278/2855 2301/3280/2857 2300/3290/2865
f 2291/3292/2867 2293/3846/6395 2283/3293/2868
f 2247/3294/2870 2248/3847/6396 2305/3295/2871
f 822/3296/2873 2305/3304/2871 2306/3209/2786
f 2263/3255/2874 2262/3200/2824 537/3247/2820
f 832/3214/2792 2250/3848/6397 2283/3282/2876
f 825/3298/2877 2290/4124/6398 2281/3299/2878
f 2294/3301/2880 2293/3846/6395 2291/3292/2867
f 2272/3237/2813 2261/3849/2776 2248/3248/2825
f 2307/3303/2882 2290/3850/6399 613/3226/2805
f 2305/3304/2871 2248/4125/6396 2261/3305/2883
f 2298/3306/2884 2276/3261/6400 2266/3238/2885
f 2264/3307/2886 2307/3303/2882 2304/3227/2806
f 2219/3309/2888 2217/3851/6401 2299/3195/2772
f 2297/3310/2889 2274/4119/6402 2286/3263/2890
f 2280/3312/2892 2270/4126/6403 2288/3313/2778
f 2293/3287/2864 2294/3852/2779 2282/3314/2893
f 2225/3317/2854 2279/3853/6391 2263/3318/2896
f 2304/3227/2806 2303/3207/2784 2251/3320/2898
f 2251/3320/2898 2303/3207/2784 2306/3209/2786
f 2302/3316/2872 2290/3850/6404 2307/3303/2899
f 2307/3303/2899 2264/3307/6405 2247/3321/2870
f 2259/3216/2815 2265/4127/2843 2274/3256/2843
f 2267/3322/2900 2276/4128/6406 2298/3323/2901
f 2278/3190/2767 2238/3854/2758 2308/3325/2903
f 2235/3327/2904 2309/3189/2756 2268/3191/2768
f 2300/3329/2906 2235/3327/2904 2277/3328/2905
f 707/796/1964 477/426/378 695/2395/2908
f 2317/3331/2909 2322/3855/6407 2330/3332/2910
f 1608/2394/2911 1593/425/6408 1625/2370/1929
f 2321/3333/2912 2332/2416/2926 2327/3334/2913
f 2318/3335/1338 2330/3341/2910 2329/716/2914
f 2314/3336/2915 2321/3333/2928 1590/2361/2916
f 2315/2362/1919 2327/3334/2913 2323/2366/1923
f 2331/2347/2918 2324/3338/2920 716/715/2078
f 2313/3337/2919 1602/2344/1902 713/1338/1949
f 2319/1337/1148 2312/3741/6305 2324/3338/2920
f 2310/629/2921 2312/3741/6409 636/1336/2041
f 2314/3339/2923 1613/2405/1973 1602/2344/1974
f 2326/645/2925 1603/644/1928 696/1187/1933
f 2330/3332/2910 2322/3855/6407 503/2489/2056
f 2332/2416/2926 1588/2352/1910 1587/2354/1912
f 2327/3334/2913 1587/2354/1912 1626/2368/2032
f 2333/3340/2927 2332/2416/1988 2321/3333/2928
f 2325/2398/1906 2313/3337/2919 2319/1337/2919
f 2330/3341/2910 959/2514/2055 598/717/2081
f 2324/3338/2929 2312/3741/6409 2310/629/2921
f 2333/3342/2930 2314/3339/2923 2313/3337/2924
f 2323/2366/1923 1626/2368/2032 1591/2427/2931
f 2316/2522/2932 2328/2364/1939 2334/2381/1941
f 2335/3344/2934 2334/643/553 2326/645/555
f 1609/3345/2936 2335/3344/2934 2320/2399/2935
f 1599/2387/2937 2316/2522/2932 2335/3343/2933
f 2220/3347/2939 2296/3856/6410 2225/3348/2940
f 1440/3350/2942 1441/4129/6411 1435/2158/2943
f 522/526/847 2406/2891/2452 1242/2893/2452
f 1516/3425/451 1495/4130/451 1541/3859/451
f 1541/3859/451 1494/4131/451 1533/4132/451
f 1533/4132/451 1493/4133/1848 1525/4134/451
f 1525/4134/451 1492/4135/451 1520/3423/451
f 1520/3423/451 1491/4136/451 1521/3858/451
f 1521/3858/451 1505/4137/1848 1542/4138/451
f 1542/4138/451 1504/4139/1848 1535/4140/451
f 1535/4140/451 1503/4141/451 1529/3424/451
f 1529/3424/451 1502/4142/1845 1551/3857/451
f 1551/3857/451 1499/4143/1845 1534/4144/451
f 1534/4144/451 1497/4145/3563 1526/4146/1848
f 1526/4146/1848 1496/4147/451 1516/3425/451
f 1516/3425/451 1541/3859/451 1533/4132/451
f 1533/4132/451 1525/4134/451 1520/3423/451
f 1520/3423/451 1521/3858/451 1542/4138/451
f 1542/4138/451 1535/4140/451 1529/3424/451
f 1529/3424/451 1551/3857/451 1534/4144/451
f 1534/4144/451 1526/4146/1848 1516/3425/451
f 1516/3425/451 1533/4132/451 1520/3423/451
f 1520/3423/451 1542/4138/451 1529/3424/451
f 1529/3424/451 1534/4144/451 1516/3425/451
f 2173/3087/2663 2414/3089/2665 2415/3426/3015
f 2408/3069/2642 2412/3431/2716 2411/3429/3018
f 2177/2919/2483 2173/3087/2663 2407/3080/2655
f 2416/3427/3016 1875/2705/2253 2407/3080/2655
f 2171/3124/2715 2175/3112/3019 2409/3068/2640
f 2179/3079/2654 2078/2678/2641 2409/3068/2640
f 2419/3430/3018 2408/3069/2642 1909/3070/2643
f 2424/3434/3021 2411/3526/3127 2412/3435/3022
f 2426/3437/3024 2414/3444/3031 2470/3438/3025
f 2475/3440/3027 2422/3860/6412 2410/3441/3028
f 2426/3437/3024 2427/3445/3032 2415/3443/3030
f 2427/3445/3032 2428/3452/3039 2416/3446/3033
f 2429/3447/3034 2430/3465/3052 2197/3448/3035
f 2423/3436/3023 2412/3435/3022 2419/3450/3037
f 2428/3452/3039 2429/3447/3034 2417/3449/3036
f 2431/3451/3038 2419/3450/3037 2420/3453/3040
f 2432/3454/3041 2420/3453/3040 2421/3455/3042
f 1910/2742/2295 2444/3861/3082 2421/3433/3020
f 2433/3456/3043 2421/3455/3042 2444/3458/3045
f 2406/2891/6413 522/526/464 521/525/463
f 521/525/463 543/3862/1034 839/3461/3048
f 838/3460/3047 2406/2891/6413 521/525/463
f 2198/3462/3049 2433/3470/3057 2449/3463/3050
f 2430/3465/3052 2446/3497/3085 2440/3466/3053
f 2199/3469/3056 2432/3472/3059 2433/3470/3057
f 2199/3469/3056 2191/3476/3063 2431/3471/3058
f 2196/3473/3060 2429/3479/3066 2428/3474/3061
f 2191/3476/3063 2189/3489/3077 2423/3477/3064
f 2418/3478/3065 2430/3509/3097 2429/3479/3066
f 2195/3475/3062 2428/3474/3061 2427/3480/3067
f 2194/3481/3068 2427/3480/3067 2426/3482/3069
f 2452/3129/2720 2422/3128/2719 2475/3484/3071
f 2192/3483/3070 2426/3482/3069 2476/3486/3073
f 2190/3488/2724 2188/3524/3123 2455/3127/3075
f 2189/3489/3077 2193/3522/3126 2424/3490/3078
f 2441/2737/2291 2442/3496/3084 2448/3495/3083
f 2442/3496/3084 2440/3466/3053 2446/3497/3085
f 2450/3498/3086 2464/3511/3133 2465/3499/3087
f 2451/3500/3088 2465/3499/3087 2466/3464/3051
f 2447/3501/3089 2448/3504/3092 2467/3502/3090
f 2448/3504/3092 2446/4148/6414 2469/3505/3093
f 2443/3506/3094 2450/2736/2290 2451/3507/3095
f 2445/3508/3096 2451/3507/3095 2449/3459/3046
f 2469/3505/3093 2446/4148/6414 2430/3509/3097
f 2434/3510/3098 2438/3084/3115 2464/3511/3099
f 2453/3133/2717 2193/3522/3018 2189/3489/2717
f 2477/3513/3101 2456/3516/3054 2192/3483/3102
f 2190/3514/2724 2452/3129/3076 2474/3485/3018
f 2456/3516/3054 2457/3863/3055 2194/3481/3104
f 2457/3468/3055 2458/3138/3109 2195/3475/3105
f 2459/3122/3106 2460/3519/3122 2418/3478/3107
f 2454/3512/2717 2189/3489/2717 2191/3476/2723
f 2459/3122/3106 2196/3473/3108 2195/3475/3105
f 2462/3137/3110 2461/3136/2725 2191/3476/2723
f 2462/3137/3110 2199/3469/3111 2198/3462/3112
f 2439/3518/3114 2465/3499/3117 2464/3511/3099
f 2439/3518/3114 2437/3521/3124 2466/3464/3116
f 2436/3141/3118 2434/3510/3098 2468/3503/3100
f 2435/3140/3120 2436/3141/3118 2467/3502/3119
f 2460/3519/3122 2435/3140/3120 2469/3505/3121
f 2463/3517/3113 2198/3462/3112 2466/3464/3116
f 2478/3515/2717 2474/3485/3018 2193/3522/3018
f 2188/3524/3123 2477/3513/3101 2473/3487/3103
f 2455/3127/2718 2473/3487/3074 2476/3486/3073
f 2474/3485/3072 2475/3484/3071 2424/3490/3078
f 2424/3434/3021 2475/3440/3027 2471/3442/3029
f 2476/3439/3026 2470/3438/3025 2413/3527/3128
f 2410/3126/3028 2422/4149/6412 2172/3113/2698
f 2464/3511/3133 2450/3498/3086 2447/3501/3089
f 1871/2667/2216 2483/2666/2215 1906/2770/2323
f 2484/3131/2722 2483/2666/2215 1854/2671/2222
f 2104/2781/2336 2422/2783/2338 2425/3530/3137
f 2108/3531/3140 2104/2781/3138 2152/3099/3139
f 1972/1792/1436 1973/2796/2350 1886/2706/2254
f 1959/1793/1438 2099/2833/2387 2101/2716/2265
f 1235/1833/1485 1240/1801/1451 1241/1802/1452
f 2149/3106/2730 2150/3091/3154 1914/3538/3149
f 2491/3539/3150 2489/3542/3158 2487/3540/3151
f 2166/2841/2396 1914/3538/6371 2486/3541/3152
f 2486/3541/3153 1914/3538/3149 2150/3091/3154
f 2491/3539/3156 2486/3541/3153 2151/2775/3155
f 1913/3075/2650 2491/3539/3156 2153/2774/3157
f 2153/2774/3157 2186/3105/6415 1911/3071/2649
f 2489/3542/3158 2491/3539/3150 1913/3075/3159
f 2413/3543/3128 2173/3087/2692 2174/3111/2694
f 1955/3545/3160 1924/2947/2511 2061/2829/2383
f 2141/1806/1458 2495/1055/1457 1207/1054/1432
f 1167/1763/1405 2492/1053/1453 2494/1804/1455
f 1190/3546/1414 2494/1766/1410 2493/1703/1412
f 1193/1754/3161 2492/1053/888 2495/1055/890
f 2501/1813/1471 2496/1822/1475 2500/1824/1476
f 2505/3547/3162 2499/1819/1474 2498/1821/1296
f 1228/3548/1324 2496/1822/1475 2497/3549/1326
f 1229/3550/1326 2497/3549/1326 2498/1821/1296
f 1168/1826/3163 1144/1828/1327 1145/3551/1295
f 1177/1779/3164 2501/1813/1471 2503/1825/1479
f 2505/3547/3162 1179/1726/1369 1207/1054/889
f 1161/3552/1294 1156/1830/1294 2500/1824/1476
f 2496/1822/1475 2501/1813/1471 2504/1755/1326
f 2497/3549/1326 2504/1755/1326 2502/1727/1296
f 1168/1826/3163 2499/1819/1474 2505/3547/3162
f 994/3553/3166 991/4150/3166 992/3554/3166
f 2511/2991/3167 1992/2992/2556 2518/2997/2561
f 2510/2993/3168 1988/3560/3174 1815/3556/3169
f 2511/2991/3167 1995/3559/3173 1994/3558/3171
f 2512/2988/3172 1994/3558/3171 1988/3560/3174
f 1987/2970/2534 1989/2858/2414 2517/3561/2554
f 1990/2980/2544 2508/2973/2537 2518/3563/2561
f 1989/2858/2414 1990/2980/2544 1992/3564/2556
f 2520/3001/2565 1987/2970/2534 2509/3562/2553
f 1996/3566/3175 2519/3579/3142 2518/3563/2561
f 1985/2967/3176 1991/2969/2533 2521/3567/3177
f 2524/2978/3179 2523/2965/3182 1986/3569/3180
f 2523/2965/3182 1985/2967/3176 2522/3568/3178
f 1997/3537/3183 2525/3574/3189 2526/3571/3184
f 1999/2976/3186 1998/2975/3185 2526/3571/3184
f 1997/3537/3183 2000/3536/3193 2528/3573/3188
f 1991/2969/2533 2515/2982/2546 1816/3575/3190
f 2530/2972/2536 2109/2984/2548 2529/3576/3191
f 2000/3536/3193 2524/2978/3179 1993/3570/3181
f 2129/3057/3194 2531/3578/3195 2529/3576/3191
f 1999/2976/3186 2527/3572/3187 2531/3578/3195
f 1996/3566/3175 2530/2972/2536 1984/3577/3192
f 2617/3686/6416 2545/3602/6417 2546/3580/3196
f 2546/3580/3196 2547/3587/6418 2535/3588/3196
f 2535/3588/3196 2538/3599/3222 2543/3581/3197
f 2543/3581/3197 2544/3614/3197 2542/3617/6419
f 2627/3582/3198 2617/3686/6416 2546/3580/3196
f 2543/3581/3197 2542/3617/6419 2627/3582/3198
f 2546/3580/3196 2535/3588/3196 2543/3581/3197
f 2532/1657/336 2533/1685/336 2539/3583/3199
f 2532/1657/3201 2534/3584/3201 2561/3585/3201
f 2592/3586/3202 2588/3618/3203 2547/3587/3203
f 2535/3588/3205 2556/3624/6420 2565/3589/3201
f 2607/3591/3206 2560/3641/3206 2568/3592/3207
f 2609/3594/3209 2564/3597/3212 2557/3595/3210
f 2611/3593/3208 2568/3592/3207 2564/3597/3212
f 2580/3598/3213 2575/3604/3218 2538/3599/3214
f 2584/3601/3215 2592/3586/3202 2546/3580/3204
f 2604/3603/3217 2543/3581/6421 2538/3599/3214
f 2539/3583/3199 2541/3608/6422 2536/3605/3219
f 2536/3605/3219 2541/3619/6422 2540/3600/3220
f 2537/3590/3221 2540/3600/3220 2538/3599/3222
f 2637/3606/3201 2561/3585/3201 2534/3584/3201
f 2539/3583/3213 2570/3612/3213 2640/3607/3213
f 2570/3612/3213 2539/3583/3213 2533/1685/3213
f 2543/3581/3225 2604/3603/3225 2600/3613/3225
f 2627/3582/3226 2542/3617/3229 2596/3615/3227
f 2544/3614/3228 2600/3613/3228 2596/3615/3227
f 2588/3618/3230 2556/3624/6420 2535/3588/3205
f 2541/3619/3213 2640/3607/3213 2580/3598/3213
f 2564/3597/3232 2566/3621/3235 2559/3620/3233
f 2566/3621/3235 2567/3623/3324 2558/3622/3236
f 2567/3623/3237 2565/3589/3323 2556/3624/3238
f 2568/3592/3239 2560/3641/3264 2562/3625/3240
f 2569/3626/3241 2562/3625/3240 2563/3627/3242
f 2636/3628/3244 2563/3627/3267 2561/3585/3245
f 2578/3629/3247 2638/3632/3250 2573/3630/3248
f 2638/3632/3250 2639/3634/3256 2572/3633/3251
f 2639/3634/3252 2640/3607/3258 2570/3612/3253
f 2579/3635/3254 2581/3637/3255 2638/3636/3250
f 2581/3637/3255 2582/3638/3261 2639/3634/3256
f 2582/3638/3257 2580/3598/3263 2640/3607/3258
f 2579/3635/3254 2574/3672/6423 2576/3639/3259
f 2581/3637/3255 2576/3639/3259 2577/3640/3260
f 2582/3638/3257 2577/3640/3260 2575/3604/3262
f 2560/3641/3264 2549/3666/6070 2551/3642/3265
f 2562/3625/3240 2551/3642/3265 2550/1657/3266
f 2563/3627/3267 2550/1657/3268 2548/1657/3268
f 2553/1685/3269 2555/1685/3269 2572/3633/3253
f 2555/1685/3270 2554/3643/3271 2573/3630/3248
f 2554/3643/3271 2552/4151/6424 2571/3631/3249
f 2603/3609/3272 2599/3611/3278 2601/3644/3273
f 2605/3645/3274 2601/3644/3273 2602/3646/3275
f 2602/3646/3275 2600/3613/3282 2604/3603/3277
f 2599/3611/3278 2595/3661/3298 2597/3648/3279
f 2601/3644/3273 2597/3648/3279 2598/3649/3280
f 2602/3646/3275 2598/3649/3280 2596/3615/3281
f 2591/3650/3283 2593/3653/3286 2585/3651/3284
f 2593/3653/3286 2594/3655/3288 2586/3654/3287
f 2594/3655/3288 2592/3586/3293 2584/3601/3289
f 2587/3656/3290 2589/3657/3291 2593/3653/3286
f 2589/3657/3291 2590/3658/3294 2594/3655/3288
f 2594/3655/3288 2590/3658/3294 2588/3618/3292
f 2556/3624/3238 2588/3618/6425 2590/3658/3294
f 2558/3622/3236 2590/3658/3294 2589/3657/3291
f 2559/3620/3233 2589/3657/3291 2587/3656/3290
f 2628/3616/3295 2596/3615/3281 2598/3649/3280
f 2631/3659/3296 2598/3649/3280 2597/3648/3279
f 2632/3660/3297 2597/3648/3279 2595/3661/3298
f 2575/3604/3262 2577/3640/3260 2606/3647/3276
f 2577/3640/3260 2576/3639/3259 2605/3645/3274
f 2576/3639/3259 2574/3672/6423 2603/3609/3272
f 2571/3631/3301 2552/4151/514 2615/3663/514
f 2560/3641/3206 2607/3591/3206 2608/3665/514
f 2626/3667/3302 2611/3593/3208 2609/3594/3209
f 2623/3668/3303 2609/3594/3209 2610/3596/3211
f 2624/3670/3305 2607/3591/3206 2611/3593/3208
f 2612/3664/3301 2614/3673/3310 2578/3629/3306
f 2616/3671/3307 2613/3610/3224 2574/3672/3308
f 2614/3673/3310 2616/3671/3307 2579/3635/3309
f 2612/3664/3301 2615/3663/514 2634/3674/514
f 2633/3662/3312 2595/3661/3316 2613/3610/3224
f 2583/3652/3315 2621/3688/3315 2625/3669/3304
f 2607/3591/3206 2624/3670/3305 2622/3677/514
f 2624/3670/3305 2626/3667/3302 2641/3678/3317
f 2623/3668/3303 2625/3669/3304 2630/3676/3313
f 2626/3680/3302 2623/4152/3303 2635/3681/3318
f 2620/3683/3319 2621/3688/3322 2583/3652/3285
f 2619/3684/3320 2620/3683/3319 2585/3651/3284
f 2618/3685/3321 2619/3684/3320 2586/3654/3287
f 2584/3601/3215 2545/3602/3216 2617/3686/3226
f 2641/3687/3317 2635/3679/3318 2616/3671/3307
f 2635/3679/3318 2630/3676/3313 2613/3610/3224
f 2629/3675/3311 2641/3678/3317 2614/3673/3310
f 2621/3688/3315 2633/3662/3312 2630/3676/3313
f 2629/3675/3311 2634/3674/514 2622/3677/514
f 2620/3683/3319 2632/3660/3297 2633/3662/3299
f 2619/3684/3320 2631/3659/3296 2632/3660/3297
f 2618/3685/3321 2628/3616/3295 2631/3659/3296
f 2618/3685/3226 2617/3686/3226 2627/3582/3226
f 2567/3623/3237 2636/3628/3244 2637/3606/3246
f 2566/3621/3235 2569/3626/3241 2636/3628/3243
f 2564/3597/3232 2568/3592/3239 2569/3626/3241
f 2565/3589/3201 2637/3606/3201 2536/3605/3201
f 2818/343/3325 2997/345/6426 2998/344/3326
f 2683/346/3328 2645/348/3338 2810/347/3329
f 2692/350/3331 2693/445/3392 2915/349/3332
f 4390/352/336 2708/2521/336 3292/354/336
f 3292/354/336 3319/353/336 4385/3690/336
f 2768/356/3334 2811/992/3852 2647/355/3335
f 2646/361/3340 2769/2533/3853 2642/360/3341
f 3748/425/3373 2884/427/3376 2682/426/3374
f 2782/428/3330 2886/429/3674 2884/427/3376
f 3737/478/3422 3841/480/4977 3844/479/3423
f 2645/348/3338 2775/653/3557 3809/492/3436
f 2859/516/3448 2724/3970/6427 2723/515/3449
f 3095/534/3460 3096/3971/6428 2759/533/3461
f 2756/566/3488 1736/568/336 1727/567/336
f 2756/570/3490 3198/3972/6429 3211/569/3491
f 3198/572/3489 1727/567/336 1728/573/336
f 3087/574/3493 2744/576/3497 2741/575/3494
f 3098/583/3502 3099/3973/451 3100/582/3503
f 2750/593/516 4294/595/516 1719/594/516
f 2749/588/514 2750/589/514 1731/596/514
f 3202/597/3509 1721/599/336 1729/598/518
f 3309/603/3512 2805/605/3804 3109/604/3513
f 2767/607/3515 2764/610/3541 2765/606/3516
f 2765/606/3516 2764/610/3541 2763/609/3518
f 3289/466/3410 2930/467/3412 2701/611/3520
f 2994/614/3522 2995/2339/3523 2838/613/3523
f 3885/616/3524 3887/618/3681 2771/617/3525
f 2940/620/3527 2939/858/3737 2938/619/3528
f 2716/622/3530 2993/624/3345 2986/623/3345
f 2989/626/3532 2991/2341/3523 2992/625/3523
f 4378/629/3533 4386/3335/4279 2738/628/3534
f 2979/631/3523 2981/632/3532 2644/359/3339
f 2982/633/3536 2972/391/6430 2839/392/3537
f 3203/635/3539 3204/3168/5563 2751/634/3540
f 2764/610/3541 2767/607/3515 2781/637/3542
f 2767/607/3515 2768/356/3334 2779/357/3336
f 2778/639/3544 2763/609/3518 2764/610/3541
f 3088/640/3545 3071/642/4161 3072/641/3546
f 4402/643/3548 4394/645/5750 3758/644/3549
f 3144/647/3551 3143/3974/6431 3145/646/3552
f 2692/649/3345 2978/651/3345 2973/650/3554
f 2645/348/3338 2683/346/3328 2776/652/3556
f 2986/623/3558 2984/655/6432 2713/654/3440
f 2715/657/3559 2785/687/3617 3713/656/3560
f 3130/660/3562 3128/3975/451 3219/659/3563
f 2831/665/3568 2832/967/3878 2780/638/3543
f 2781/637/3542 2779/357/3336 2829/666/3569
f 2845/667/3570 2846/669/3571 2848/668/3571
f 2860/379/3573 2814/375/3575 2706/376/3574
f 2657/385/3575 2817/381/3575 2812/382/3574
f 2797/670/3576 2777/671/3579 2778/639/3544
f 3886/672/3578 3883/673/4039 2777/671/3579
f 2904/674/3580 2653/3976/3347 2658/387/3348
f 2774/675/3582 2808/362/3342 2642/360/3341
f 2643/358/3584 2644/359/6433 2799/676/3585
f 2802/678/3587 2851/680/6434 2801/679/3588
f 3084/564/3485 3148/682/6435 3147/681/3590
f 3010/683/3591 3001/685/4710 2711/684/3592
f 2643/358/3584 2798/677/3586 3010/683/3591
f 2712/686/3594 2785/687/3617 2715/657/3559
f 2744/689/3596 2745/3697/3612 4306/688/3597
f 2659/390/3372 2676/692/1225 2919/691/3599
f 2816/693/3345 2815/695/3345 2814/694/3575
f 2900/697/3601 3738/1641/4230 3716/696/3602
f 3235/700/3604 3232/3977/6436 3233/699/3605
f 3101/702/3608 3198/572/3489 3215/704/3492
f 3100/703/3607 3099/3978/336 3101/702/3608
f 3810/706/3609 3847/2470/4925 3849/705/3345
f 2906/436/3383 2687/437/3382 2973/708/3610
f 2744/689/3596 2743/711/6437 3091/710/3611
f 2970/712/3613 3038/714/3613 817/713/620
f 2902/715/3614 2784/717/6438 4397/716/3615
f 2712/719/3594 2985/1013/3345 3808/718/3345
f 2824/698/3603 3807/2471/4927 3811/721/3618
f 2826/722/3619 2855/724/3619 2825/723/3620
f 2830/726/3622 2800/1066/6439 2788/725/3623
f 2833/728/3625 2789/730/3629 2827/729/3621
f 2996/731/3626 3004/732/6440 2990/627/3627
f 2789/730/3629 2833/728/3625 2834/733/3630
f 2786/727/3624 2790/2329/3631 2834/733/3630
f 2987/734/3632 2991/2341/4802 2989/626/3633
f 2679/736/3635 2677/422/3636 2867/737/3636
f 2853/738/3637 2846/669/6441 2845/667/3638
f 2828/739/3640 2850/741/6442 2849/740/3641
f 2852/743/3643 2796/772/6443 2853/742/3644
f 2797/670/3646 2854/748/3648 2825/745/3647
f 2854/748/3648 2832/967/3822 2833/747/3649
f 2870/749/3650 2871/368/3826 2874/750/3651
f 3837/751/3653 2840/752/3653 2841/402/3653
f 2656/753/3353 2814/694/3352 2815/695/3654
f 2816/693/3636 2719/509/3636 2861/754/3636
f 2660/431/3358 2817/756/3349 2862/755/3655
f 2656/758/3360 2861/982/4431 2863/757/3656
f 563/761/663 2783/926/4961 2866/760/3657
f 3834/764/3658 3137/2514/4942 3817/763/3659
f 2649/364/3661 2837/766/3661 2828/739/3662
f 2870/749/3664 2670/411/3850 2841/402/3665
f 2867/737/3667 2650/365/3667 2873/767/3667
f 3714/768/3668 3713/770/3560 2823/769/3669
f 2853/742/3644 2796/772/6443 2819/771/3671
f 567/774/678 1583/2426/1999 3739/773/3672
f 2886/429/3674 2782/428/3330 2710/775/3675
f 2890/777/3677 2769/993/3853 2770/608/3517
f 2894/779/3679 2879/778/3678 2770/608/3517
f 2766/780/3519 2880/781/6444 2894/779/3679
f 2892/782/3680 2880/781/6444 2766/780/3519
f 2892/782/3680 2771/617/3525 3887/618/3681
f 2884/427/3683 2883/785/4978 3041/784/3684
f 2887/786/3686 2885/2532/6445 2886/429/3687
f 3033/788/3689 3034/3172/5569 2889/787/3690
f 3037/790/3692 3033/788/3689 2888/789/3691
f 2891/791/3694 3037/790/3692 2890/777/3693
f 3896/783/3696 3897/793/3696 3031/792/3697
f 3050/794/3699 3049/1639/4229 3014/521/3451
f 3046/795/3700 2896/797/3703 2893/796/3701
f 2896/797/3703 3046/795/3700 3040/798/3704
f 2736/537/3706 3121/3979/3707 2717/507/3707
f 2743/800/3709 3074/918/3962 3075/799/3710
f 2895/802/3711 3035/1061/6446 2894/779/3712
f 3042/803/3714 3041/805/3718 2883/804/3715
f 3047/806/3717 3048/807/6447 3041/805/3718
f 3143/809/3719 2728/3980/6448 3141/808/3720
f 3832/811/3722 3785/813/3722 2903/812/3723
f 2866/760/3724 2903/812/3723 569/814/728
f 2839/815/3537 2868/816/3345 2818/343/3345
f 2690/817/3345 2943/819/3345 2908/818/3345
f 2702/820/3345 2931/822/3345 2929/821/3345
f 2934/823/3345 2933/825/3345 2932/824/3345
f 2916/827/3345 2951/1022/3345 2693/826/3345
f 2918/829/3725 2916/827/3345 2917/828/3345
f 2921/831/3727 2918/829/3725 2949/830/3726
f 2922/834/3729 2696/837/3733 2924/833/3730
f 2966/836/3732 2965/838/3734 2696/837/3733
f 2699/839/3345 2925/840/3345 2965/838/3734
f 2700/841/3345 2963/842/3345 2925/840/3345
f 2942/843/3345 2943/819/3345 2690/817/3345
f 2928/846/3345 2961/1011/3345 2927/845/3345
f 2701/847/3345 2930/848/3345 2929/821/3345
f 2968/849/3345 2932/824/3345 2931/822/3345
f 2958/850/3345 2933/825/3345 2934/823/3345
f 2936/852/3345 2958/850/3345 2935/851/3345
f 2688/854/3345 2907/856/3345 2945/855/3735
f 2939/858/3737 2956/1012/3725 2937/857/3726
f 2920/832/3728 2694/860/6449 2919/859/3738
f 2958/862/744 2666/1039/744 2959/861/743
f 2945/864/3739 2946/1625/1150 2653/432/3378
f 2688/439/3386 2905/709/616 2973/708/3610
f 2690/441/3387 2978/438/3384 2948/865/3740
f 2691/444/3389 3290/442/3388 3291/867/3333
f 2917/446/3391 2692/350/3331 2974/869/3741
f 2920/448/3395 2949/870/3742 2974/869/3741
f 2918/871/3743 2921/451/3398 2676/452/3397
f 3165/872/451 3162/874/451 3161/873/451
f 2835/615/3745 2838/613/4796 2856/875/3746
f 2956/877/3743 2939/454/3399 2695/455/3397
f 3169/878/451 3173/880/451 3175/879/451
f 2909/883/756 2941/882/756 2681/3705/755
f 2699/463/3408 2966/885/758 2967/884/3748
f 2926/465/3409 2698/462/3406 3288/886/3521
f 2702/468/3411 3289/466/3410 2969/888/3749
f 2703/471/3414 2976/469/3413 2977/890/3750
f 2922/460/3405 2697/461/3404 2967/884/3748
f 2812/481/3425 2975/482/3427 2705/892/3751
f 571/894/764 576/916/786 2687/490/3435
f 3882/896/3754 3881/898/3754 2748/897/3755
f 1248/899/336 571/894/764 2971/895/3753
f 2974/901/3555 2973/650/3554 2687/900/3554
f 2976/903/3345 2698/905/3345 2967/904/3759
f 2977/907/3760 2967/904/3759 2697/906/3761
f 575/909/774 573/910/775 2704/487/3432
f 2711/684/3763 2710/775/3675 2782/428/3330
f 2994/614/3764 3004/732/6450 2996/731/3765
f 3201/912/3767 4376/3836/6258 3193/911/3768
f 3022/531/3770 3021/915/6451 3057/914/3771
f 3044/917/3773 3075/799/6452 3074/918/3774
f 2739/920/3776 3147/3981/5031 3142/919/3777
f 3066/923/3779 3067/1129/3945 3036/922/3780
f 3818/925/3782 3833/927/4964 2783/926/3783
f 3719/928/3785 2790/2329/6453 2786/727/3786
f 2758/931/3788 3206/1489/4185 3207/930/3789
f 3004/732/3791 4358/735/6454 2989/626/3792
f 3133/935/3794 2761/3982/3794 2762/934/3794
f 2852/743/3795 3007/744/6455 2851/680/3796
f 3052/940/3800 2807/942/3800 2800/941/3801
f 3115/943/816 2735/3983/816 3118/532/816
f 2809/945/3805 4321/946/4044 2646/361/3806
f 2878/776/3676 2710/775/3675 4298/947/3808
f 2848/668/3571 2846/669/3571 2875/949/3345
f 2761/950/3810 3131/952/514 3122/951/514
f 2946/371/3345 2651/954/3345 2680/953/3345
f 2842/955/3345 2957/957/3345 2664/956/3345
f 3838/933/3345 2666/405/3345 2957/957/3345
f 2650/365/3344 2648/363/3343 2802/678/3812
f 2802/678/3812 2803/958/6456 2873/767/3813
f 3188/961/453 3187/3984/453 3191/960/453
f 2864/963/3815 2658/370/6457 2680/953/3655
f 2774/675/3582 2773/1235/3583 4298/947/3808
f 2938/473/3418 2937/891/761 2977/890/3750
f 2779/357/3336 2647/355/3335 2791/939/3818
f 2830/965/3819 2829/666/4224 2791/939/3820
f 2832/967/3822 2831/665/6458 2834/966/3823
f 3732/968/3824 3728/969/3824 2679/736/3824
f 2870/749/3650 2840/752/6459 2872/367/3825
f 2998/344/3443 2997/345/4801 2993/624/3827
f 2795/970/3803 2844/971/3803 2731/944/3803
f 2793/538/3828 2718/508/6460 2654/505/3829
f 3086/972/3831 3195/974/3985 3085/973/3832
f 3374/975/3834 2727/977/5830 3020/976/3835
f 3886/672/3837 2797/670/3646 2855/746/3646
f 2799/676/3585 2644/359/6433 2981/632/3838
f 2802/678/3840 2648/363/3663 2828/739/3662
f 3729/979/3345 3734/980/3345 3844/479/3345
f 2861/982/3842 2819/771/3842 2877/981/3667
f 2859/983/3356 2719/509/3843 2816/693/3843
f 2861/754/3667 2719/509/3844 2876/985/3844
f 3039/986/3845 3038/988/3845 3040/987/3846
f 2877/981/3848 2850/741/6442 2828/739/3640
f 3122/990/451 3132/3985/451 3217/989/451
f 2870/749/3664 2858/506/6461 2898/406/3849
f 2874/750/3848 2792/959/3830 2654/505/3829
f 2867/737/3636 2677/422/3636 2836/414/3636
f 2867/737/3667 2837/766/3667 2649/364/3667
f 2863/757/3851 2861/982/3851 2837/766/3636
f 3748/425/3373 2776/652/3556 2683/346/3328
f 2811/992/3852 2768/356/3334 2769/993/3853
f 1458/994/865 575/909/774 2697/476/3421
f 3895/998/3855 3893/999/3855 3148/682/3856
f 2961/1001/755 2669/3747/755 2667/1000/869
f 3201/1003/3857 3205/1004/6462 3203/635/3858
f 2775/653/3557 3733/2400/4867 3810/706/3609
f 2926/1007/3345 2962/1008/3345 2963/842/3345
f 3083/924/3781 3036/922/3780 3032/1009/3860
f 2961/1011/3345 2962/1008/3345 2926/1007/3345
f 2956/1012/3725 2936/852/3345 2703/853/3345
f 2713/654/3862 2984/655/6463 2985/1013/3863
f 2909/1014/3345 2942/843/3345 2947/844/3345
f 2691/1017/3345 2912/1052/3345 2955/1016/3345
f 2915/1019/3345 2953/1021/3345 2913/1020/3345
f 2951/1022/3345 2953/1021/3345 2915/1019/3345
f 2689/1023/3345 2908/818/3345 2907/856/3345
f 2953/1025/743 2673/3986/743 2674/1024/878
f 3140/1030/3866 3139/648/4109 3145/646/3867
f 3088/640/3545 3045/1118/3547 3047/1033/3869
f 2965/1035/3739 2663/1339/1150 2794/456/3400
f 2912/1037/885 2913/1026/878 2674/1024/878
f 2955/1038/514 2678/1454/514 2941/882/756
f 2936/1040/886 2957/1627/886 2666/1039/744
f 2933/1042/743 2959/3987/743 2665/1041/878
f 2931/1045/885 2672/1612/885 2671/1044/514
f 2929/1046/514 2671/1044/514 2960/1047/756
f 2914/1051/3345 2913/1020/3345 2912/1052/3345
f 3365/1054/3872 3325/1763/5981 4560/1053/3873
f 572/1056/336 2714/1839/336 3292/354/336
f 2906/1059/3875 2685/1355/4139 2904/1058/3876
f 2894/779/3712 3035/1061/6446 2891/791/3694
f 2854/748/3577 2778/639/3544 2780/638/3543
f 2873/767/3879 2803/958/6464 2801/679/3880
f 3093/1063/3882 3094/1145/3883 3196/1062/3883
f 2987/734/3884 4358/735/6465 2981/632/3885
f 2788/725/3799 2800/1066/3799 2807/1065/3798
f 3016/1067/3887 2801/1069/6466 2851/1068/3888
f 3113/1071/3890 3106/3988/3891 3105/1070/3891
f 2820/1074/3892 3109/3989/3893 3019/1073/3893
f 2807/1065/3798 3025/3990/3894 2806/1076/3894
f 2851/1079/3895 3007/3991/6467 3028/1078/3896
f 3024/1081/3898 3006/3992/3898 3115/542/3899
f 3014/521/3900 3049/1639/4090 4326/1082/3901
f 3013/1084/3903 3027/1086/3921 3008/1085/3904
f 3018/1088/3906 3017/3993/5281 2857/1087/3907
f 3058/1090/3909 3021/915/6451 3022/531/3770
f 3023/1092/3911 3006/3994/6468 3024/1091/3912
f 3026/1094/3914 3029/1096/6469 3028/1095/3915
f 2758/1098/3917 3053/3995/3917 3050/1097/3918
f 3013/1100/3903 2851/1102/6470 3009/1101/3920
f 3030/1103/3922 3029/1096/6469 3026/1094/3914
f 3032/1105/3924 2895/1107/3932 3031/1106/3925
f 3034/1109/3927 3033/1117/3933 3064/1108/3928
f 3892/1111/3930 3898/1113/3930 965/1112/948
f 3036/1114/3931 3035/1115/4201 2895/1107/3932
f 3033/1117/3933 3037/1164/3976 3065/1116/3934
f 3040/987/3846 3046/1119/3936 3045/1118/3935
f 3046/1120/3936 3048/807/6447 3047/806/3717
f 3212/1121/3937 2753/1123/6471 3215/1122/3938
f 2777/671/3579 2772/1124/3526 2763/609/3518
f 2729/529/3940 3078/1126/5570 3063/1125/3941
f 3080/1127/3943 2729/529/3940 3064/1128/3942
f 3080/1127/3943 3065/3715/3944 3067/1129/3945
f 3068/1010/3861 3032/1009/3860 3070/1130/3946
f 3891/1132/3948 3895/998/3948 3069/1131/3947
f 3073/1034/3870 3047/1033/3869 3042/1133/3949
f 3090/1134/3950 3042/1133/3949 3043/1135/3775
f 3076/1136/3951 3075/799/6452 3044/917/3773
f 3082/562/3953 3081/563/4147 3066/923/3954
f 3084/564/3956 3068/1010/4200 3069/1131/3856
f 3087/1137/3957 3086/972/3831 3071/642/3833
f 3087/1137/3957 3088/640/3958 3073/1034/3959
f 2742/1139/3961 3090/1134/4159 3074/918/3962
f 2883/1141/3715 2885/1240/4046 3044/1140/3963
f 2745/1143/3612 3091/801/3611 3075/799/3710
f 3214/1144/3965 3196/1062/3883 3094/1145/3883
f 2754/1146/3966 3213/1148/4197 3092/1147/3967
f 2955/1016/3345 2909/1014/3345 2910/1015/3345
f 3206/1099/3919 3050/1097/3918 3092/1149/3919
f 3199/1151/3969 3218/1153/4983 3104/1152/3970
f 3053/1154/3972 2758/1156/4986 3214/1155/3199
f 1022/1157/518 2746/1159/5558 3197/1158/3974
f 3245/1161/997 3243/3996/997 3247/1160/997
f 3067/1163/3975 3065/1116/3934 3037/1164/3976
f 2752/1166/3969 3056/3997/6472 3097/1165/3978
f 3290/442/3388 2911/443/3390 2910/1029/3865
f 3217/1169/3981 3132/951/336 3124/1170/336
f 3210/1172/3917 3059/3998/3917 3060/1171/3918
f 3210/1174/3983 2756/566/3488 3103/1175/3984
f 3102/1177/3883 3103/3999/3965 2756/1176/3965
f 3061/1179/3882 3102/1177/3883 3200/1178/3883
f 821/1180/1005 820/1335/1005 3085/973/3832
f 2994/614/3986 2835/615/6473 2801/876/3987
f 3116/552/3473 2721/550/3472 3607/1181/3989
f 2804/1183/3991 3373/1305/3991 2736/537/3992
f 3013/1184/3993 3012/1186/6474 3003/1185/3994
f 3040/798/3704 3038/714/3613 2970/712/3613
f 2976/469/3413 2935/470/3415 2934/1188/3871
f 3104/1191/3996 3009/4000/4000 3028/1190/3997
f 3104/1193/3996 3060/1195/4005 3027/1194/3999
f 3012/1196/4001 3094/1198/6475 3093/1197/4002
f 3059/1199/4004 3008/4001/4180 3027/1194/3999
f 3053/1200/4006 3051/1201/4034 3052/940/4007
f 3096/1203/4009 2737/3162/6476 3020/1202/3454
f 3019/1205/4010 3109/601/6477 3119/557/4011
f 3095/1207/4013 2746/1206/5863 3018/1075/4014
f 3056/1209/4016 3024/3756/4024 3057/1208/4017
f 3097/1212/4018 3057/4002/4017 3021/1211/4019
f 3099/1214/4021 3098/1213/4020 3021/1211/4019
f 3056/1215/4016 3055/1216/4026 3054/1093/4023
f 3101/1217/4025 3005/4003/4160 3054/1093/4023
f 3103/1218/4027 3102/1220/4026 3029/1219/4028
f 3131/1221/4030 3117/1223/4077 2733/1222/4031
f 3025/1225/3894 2844/1680/3803 3303/1224/3803
f 3030/1227/4033 3025/1229/4033 2807/1228/3800
f 3051/1230/4034 3094/1198/6475 3012/1196/4001
f 3092/1232/3453 3016/4004/3452 3003/1231/4003
f 3061/1234/3998 3028/4005/3997 3029/1219/4028
f 2888/789/4035 2889/787/5571 2773/1235/3583
f 2720/510/4036 2722/512/6478 2847/539/4037
f 3883/673/4039 3885/616/3524 2772/1124/3526
f 2971/895/3753 2687/490/3435 2904/491/3434
f 4296/1237/4041 3076/1136/3951 3062/1238/3952
f 2811/992/4043 2646/361/3806 4321/946/4044
f 2885/1240/4046 2887/3171/5567 3062/1239/4047
f 4303/1241/4048 2887/786/3686 2878/776/3688
f 817/1242/1066 3038/988/3845 3039/986/3845
f 3126/1244/4050 2844/1245/6479 3118/555/3476
f 3020/1246/4051 2737/1248/4052 2736/1247/4052
f 3000/1251/3890 2723/1250/3891 3106/3730/3891
f 3115/540/4053 3006/3699/4054 2845/667/4054
f 3110/1252/4055 3109/1254/4055 2731/1253/4056
f 3108/1256/4056 2731/4006/4056 2844/1255/4057
f 3610/1259/4058 3106/4007/4059 3113/1258/4059
f 3111/1262/4061 3106/4008/6480 3610/1261/4062
f 2731/1265/4064 3114/4009/6481 3117/1264/4065
f 3115/540/1086 2722/512/1086 2721/511/1085
f 2736/556/4071 3119/557/6482 2732/602/4072
f 3114/1271/4073 3121/1272/6483 2733/1222/4074
f 3136/1273/4076 3126/1275/4080 3125/1274/4077
f 3125/1277/4077 3129/4010/4031 3130/1276/4032
f 3129/1280/4031 3108/4011/4079 3128/1279/4078
f 3124/1282/4076 3123/1284/4080 3117/1283/4077
f 3110/1252/4079 3123/3731/4080 3124/1285/4076
f 3128/1287/4078 3108/1256/4079 3126/1257/4080
f 3133/1288/4081 3124/1290/453 3131/1289/4082
f 3127/1292/514 3130/4012/514 2762/1291/4084
f 3134/1294/4086 3136/1296/453 3127/1295/453
f 3141/1297/4088 2728/1298/6484 2739/920/3776
f 3002/1299/4089 2800/1301/6485 4326/1300/3901
f 2940/1302/4091 2813/394/6486 2865/395/4092
f 2804/1183/4094 2843/366/4097 3368/1304/4095
f 2872/367/3661 2840/752/3661 3368/1304/4095
f 2720/510/4036 2848/668/4038 2876/985/3653
f 2875/949/4098 2846/669/6487 2853/738/4099
f 2768/356/3334 2767/607/3515 2770/608/3517
f 958/1306/1118 1668/1308/1120 3812/1307/4100
f 2745/1143/3612 3076/1136/3964 4296/1237/4102
f 3152/1310/4103 3149/1312/6488 3150/1311/4104
f 3891/1313/4106 3897/1315/5028 568/1314/1126
f 3142/1316/4108 3146/1322/5027 3139/648/4109
f 3888/1318/4110 3149/4013/6489 3152/1317/4111
f 3052/1320/4113 3012/1186/6474 3013/1184/3993
f 3146/1322/3756 2748/897/3755 3144/647/3551
f 961/1323/1137 971/2628/6304 3882/896/4115
f 3147/681/3590 3148/682/6435 3150/1325/4116
f 3889/1327/4118 3893/999/5026 819/1328/1141
f 3890/1329/451 3152/1331/451 3151/1330/451
f 4052/1332/4120 4049/1334/6490 4039/1333/4121
f 820/1335/451 816/1243/451 3039/986/4123
f 2822/1336/4124 2899/1338/6491 4387/1337/4125
f 2925/1340/1151 2964/1366/1151 2663/1339/1150
f 1716/1341/1152 4286/1343/5543 4279/1342/4127
f 4274/1344/4128 4283/1346/5552 1712/1345/1156
f 3023/1347/3911 3054/1349/3913 3005/1348/4129
f 3204/1351/4131 3077/3174/5568 3143/1350/3457
f 3731/1353/4133 2996/731/3626 2992/625/3628
f 3015/1083/3902 2801/4014/6492 3016/523/4134
f 2892/782/3698 3031/792/3697 2895/802/3711
f 3110/1354/4135 2733/546/3467 2732/544/3466
f 2987/734/3884 2979/631/3886 3736/707/4137
f 2905/1356/3736 2945/855/3735 2685/1355/4139
f 2682/426/3685 3041/784/3684 3048/1357/3702
f 3113/1360/3890 3107/1359/3890 3612/3746/4140
f 2942/881/755 2681/3705/755 2944/1361/869
f 2916/1364/886 2950/1446/886 2952/1363/744
f 2928/1048/756 2960/1047/756 2669/3747/755
f 2963/1367/1173 2668/1602/1173 2964/1366/1151
f 3406/1369/3757 2971/895/3753 2982/1368/4141
f 3153/1371/4143 3159/1373/4143 3160/1372/4143
f 3153/1375/4144 3154/4015/4144 3156/1374/4144
f 3155/1378/4145 3156/4016/4145 3157/1377/4145
f 2733/1381/4031 3110/4017/4079 3132/1380/4078
f 3158/1384/4146 3157/4018/4146 3160/1383/4146
f 3081/563/4147 3079/565/4979 3080/1127/4148
f 4303/1386/4149 3034/1109/3927 3063/1110/3929
f 3164/1389/453 3163/4019/453 3167/1388/453
f 3845/1392/3345 3842/1418/3345 3730/1391/3345
f 3170/1396/4151 3175/1395/4151 3174/3749/4151
f 3192/493/4152 3190/4020/4152 3185/1397/4152
f 3183/1399/451 3178/1401/451 3177/1400/451
f 3173/1403/4152 3169/4021/4152 3172/1402/4152
f 3174/1406/453 3176/4022/453 3172/1405/453
f 3258/1409/4153 3266/4023/4153 3267/1408/4153
f 3183/1412/4151 3182/4024/4151 3179/1411/4151
f 3184/1415/4152 3181/4025/4152 3177/1414/4152
f 3732/1417/3653 3730/1391/3653 3842/1418/3653
f 3187/1421/4151 3186/1420/4151 3189/3751/4151
f 3189/1422/451 3186/1424/451 3185/1423/451
f 3168/1426/4154 3166/4026/4154 3161/1425/4154
f 3279/1429/4155 3278/4027/4155 3281/1428/4155
f 3182/1432/453 3184/4028/453 3180/1431/453
f 3714/1434/3668 2738/1436/3534 3319/1435/4156
f 3266/1438/4158 3264/4029/4158 3265/1437/4158
f 3089/1138/3960 3073/1034/3959 3090/1134/4159
f 3099/1441/4021 3058/1675/4022 3005/1440/4160
f 3260/1444/4155 3258/4030/4155 3259/1443/4155
f 3085/973/4123 3039/986/4123 3072/641/3546
f 2918/871/3743 2675/3701/3744 2950/1446/886
f 3722/1448/4162 2865/4031/3369 2661/1447/3368
f 4302/1450/4164 3205/913/3769 3193/911/3768
f 3158/1452/3345 3159/4032/3345 3153/1451/3345
f 2824/698/4166 2823/769/4922 3808/718/4167
f 2912/1037/885 2954/1036/885 2678/1454/514
f 3217/1455/4169 3216/1457/6493 2755/1456/4170
f 3216/1458/4172 3197/1460/6494 2759/1459/4173
f 3220/1462/997 1718/4033/997 1724/1461/997
f 2662/372/3371 2725/373/6495 2924/1464/4175
f 2749/1466/4176 3195/1499/4192 3086/1465/3495
f 3209/1173/3918 3060/1171/3918 3104/1467/4177
f 2757/1470/4178 4366/4034/336 4313/1469/336
f 3103/1473/4027 3030/1227/4029 3008/1472/4180
f 3194/1478/451 3207/1480/451 3208/1479/451
f 3211/1482/3918 3055/3159/3918 3056/1481/4177
f 2750/1485/4181 2744/4035/4181 4305/1484/4181
f 4302/1487/4182 4294/4036/6496 2750/1485/4183
f 3206/1489/4185 3213/4037/4186 3208/1488/4186
f 2756/566/3488 3210/1174/3983 3214/1155/3199
f 3214/1155/3199 1734/1490/336 1736/568/336
f 2752/1491/4187 3199/1492/4187 3200/571/3491
f 3212/1493/4188 3202/1495/6497 3134/1494/4086
f 3218/1496/4189 2754/1498/4189 3196/1497/375
f 2793/538/4190 2792/959/3814 2843/366/3346
f 3195/1499/4192 2749/1466/4176 535/1500/1229
f 1023/1501/1230 2726/1245/6498 2746/1502/4194
f 4366/1503/451 2757/1504/451 3207/1480/451
f 3135/1505/4085 2762/4038/4084 2761/1507/3810
f 2761/1507/3810 2760/4040/3811 2755/1506/4195
f 2755/1506/4195 3212/4039/6499 3135/1505/4085
f 2849/740/4196 2850/741/6500 2796/772/3571
f 2754/1146/3966 1720/4041/1236 1722/1508/1236
f 2759/581/3500 2726/579/3499 1023/1509/1237
f 2752/1166/3969 1735/1515/1240 1714/1514/1240
f 3082/562/3953 3083/924/3955 3068/1010/4200
f 3067/1516/3975 2891/1517/3977 3035/1115/4201
f 3209/1518/375 3196/1497/375 3214/1519/4202
f 2731/1521/4203 3108/4042/6501 3129/1520/4204
f 3223/1523/1247 1724/1525/1247 1723/1524/1247
f 3243/1527/1248 3245/4043/1248 3240/1526/1248
f 3240/1529/4206 3245/1531/6502 3246/1530/4207
f 3247/1533/1252 3241/4044/1252 3244/1532/1252
f 3242/1536/4209 3241/4045/6503 3247/1535/4210
f 3221/1538/4212 3220/1540/6504 3223/1539/4213
f 3233/1542/1247 3232/4046/1247 3237/1541/1247
f 3224/1545/1247 3225/4047/1247 3228/1544/1247
f 3229/1548/1259 3230/4048/1259 3227/1547/1259
f 3236/1550/4215 3239/1552/6505 3234/1551/4216
f 3230/1554/997 3229/4049/997 3224/1553/997
f 2772/1124/3526 2771/617/3525 2766/780/3519
f 3238/1557/1259 3239/4050/1259 3236/1556/1259
f 3226/1560/3604 3225/4051/6436 3224/1559/3605
f 3227/1562/4215 3230/1564/6505 3231/1563/4216
f 3239/1270/997 3238/4052/997 3233/1565/997
f 3249/1568/4155 3248/4053/4155 3251/1567/4155
f 3254/1570/3345 3255/1572/3345 3252/1571/3345
f 3248/1574/4153 3256/4054/4153 3257/1573/4153
f 3261/1576/4218 3260/1149/4218 3263/1575/4218
f 3252/1579/4218 3249/4055/4218 3250/1578/4219
f 3268/1582/4155 3277/4056/4155 3270/1581/4155
f 3285/1585/3345 3282/4057/3345 3283/1584/3345
f 3271/1588/4218 3268/4058/4218 3269/1587/4218
f 3275/1591/4158 3273/4059/4158 3274/1590/4158
f 3286/1594/4158 3285/4060/4158 3284/1593/4158
f 3283/1598/4218 3282/1597/4218 3279/3768/4218
f 2982/1599/4220 2716/1601/3530 2980/1600/3531
f 2962/1603/869 2667/4061/869 2668/1602/1173
f 2951/1365/744 2952/1363/744 2673/1604/743
f 3256/1608/4158 3255/1607/4158 3254/3770/4222
f 3278/1610/4153 3286/4062/4153 3287/1609/4153
f 3112/1269/4223 3116/552/4223 3608/1182/4140
f 2931/1045/885 2932/1043/878 2665/1041/878
f 2796/772/3571 2850/741/6500 2877/981/3345
f 2834/966/3823 2831/665/6458 2829/666/4224
f 3731/1353/4225 3846/1613/4976 3845/1392/4226
f 3128/1615/336 3136/4063/336 3134/1614/4227
f 3264/1618/3345 3261/4064/3345 3262/1617/3345
f 3273/1621/3345 3271/4065/3345 3272/1620/3345
f 3277/1624/4153 3275/4066/4153 3276/1623/4153
f 2907/1626/1151 2651/1628/1151 2946/1625/1150
f 2956/877/3743 2664/3703/3744 2957/1627/886
f 2863/757/3345 2862/755/3345 2817/756/3575
f 2908/1629/1173 2652/1637/1173 2651/1628/1151
f 2943/1638/869 2944/4067/869 2652/1637/1173
f 3053/1640/4006 3002/4068/4008 3049/1639/4229
f 3738/1641/4230 2899/1338/6491 2822/1336/4124
f 2709/1642/336 570/1643/336 1123/1057/336
f 3898/1644/4231 3147/681/3590 3149/1326/4117
f 3312/1646/4232 3317/1648/6506 3293/1647/4233
f 3313/1649/4235 3316/1651/4238 3295/1650/4236
f 3316/1651/4238 3312/1646/4232 3294/1652/4234
f 3306/1654/4239 3293/1647/6507 3297/1653/4240
f 3307/1656/4242 1138/1658/1291 1128/1657/1291
f 3391/1659/4244 1161/1661/1294 1136/1660/1293
f 3310/1662/4245 3311/1664/4269 3298/1663/4233
f 3306/1666/4247 3298/1663/6508 3301/1665/4248
f 3304/1669/4250 3302/1671/4253 3299/1668/4251
f 3305/1667/4249 3301/1665/4248 3302/1671/4253
f 3296/1672/4243 3295/1650/4255 3304/1673/4254
f 3295/1650/4255 3294/1652/4261 3305/1674/4256
f 3058/1675/4257 2844/1677/4257 3025/1676/4258
f 2806/1226/4259 3303/1224/6509 3297/1653/4246
f 3294/1652/4261 3293/1647/6507 3306/1654/4239
f 1136/1660/1315 1138/4069/1315 3307/1670/4252
f 3300/1678/4262 3298/1663/6508 3306/1666/4247
f 3308/1679/4263 2844/971/6510 2795/970/4264
f 3303/1224/4265 2844/1680/6511 3308/1655/4241
f 3299/1668/4237 3302/1671/4267 3386/1681/4266
f 3302/1671/4267 3301/1665/4234 3387/1682/4268
f 3301/1665/4234 3298/1663/4233 3311/1664/4269
f 3300/1678/4246 2795/970/6509 2805/605/4270
f 2805/605/4270 3309/603/5979 3310/1662/4245
f 3293/1647/4233 3317/1648/6506 3314/1684/4260
f 3296/1672/4237 1128/1657/514 1797/1685/1237
f 3717/1686/4271 3719/928/3785 3317/1687/4272
f 3720/1688/4274 3718/1690/4788 3316/1689/4275
f 3721/929/3787 2786/727/3786 2788/725/4277
f 574/1691/786 2705/892/3751 2975/482/3427
f 3319/1435/4156 2738/1436/3534 4386/1692/4279
f 3379/1697/4284 3937/1709/4284 3356/1696/4285
f 3330/1704/4291 3331/1767/4421 4561/1703/4292
f 3723/1714/3345 3724/1716/3345 3334/1715/3345
f 3395/1717/4303 3396/1719/4335 3402/1718/4304
f 3353/1721/4306 3373/1809/6512 3350/1720/4307
f 3727/1722/3345 3723/1714/3345 3333/1723/3345
f 3340/1725/4310 3353/1721/6513 3352/1707/4295
f 4570/1727/4269 4573/3547/5977 3337/1726/4311
f 3852/1729/4312 3397/1731/4422 4038/1730/4313
f 3725/1732/4315 3948/1733/4411 3334/1715/4316
f 3390/1737/518 1160/1739/518 1159/1738/1378
f 3345/1740/4320 3346/1741/4430 3342/1708/4321
f 3358/1742/3345 3372/1744/3345 3369/1743/3345
f 3946/1745/4323 3328/1701/4370 3362/1746/4324
f 3950/1748/4326 3954/1795/6514 3360/1747/4327
f 3322/1694/4329 3349/1750/4399 3345/1740/4320
f 3349/1751/4330 3350/1752/4356 3327/1702/4331
f 3370/1753/4333 3362/1746/4191 3328/1701/4288
f 3351/1754/4334 3344/1803/4393 3396/1719/4335
f 3361/1728/4269 3338/1791/4268 4572/1755/4268
f 3347/1756/4336 3324/1700/4289 3328/1701/4288
f 3852/1729/4338 3351/1754/5976 3395/1717/4339
f 3341/1758/4341 3370/1753/4333 3327/1702/4290
f 3344/1760/4342 3331/1767/4352 3394/1759/4343
f 3325/1763/4345 3326/1826/4418 3343/1762/4346
f 3346/1765/4348 3345/4070/6515 3324/1700/4349
f 4562/1766/4351 4561/1703/5975 3331/1767/4352
f 3332/1768/4353 3354/1770/6516 3348/1769/4354
f 3350/1752/4356 3373/1807/6517 3355/1771/4357
f 3366/1749/3345 3357/1775/3345 3382/1772/3345
f 3836/1774/3345 3382/1772/3345 3357/1775/3345
f 3357/1775/3345 3366/1749/3345 3360/1747/3345
f 3361/1728/4358 3337/1726/4372 3942/1776/4359
f 3335/1779/4361 3338/1791/4374 3941/1778/4362
f 3388/1782/4364 3336/1784/4366 3939/1781/4365
f 3336/1784/4366 3335/1779/4361 3943/1780/4363
f 4052/1785/4367 3404/1786/4423 3363/1757/4368
f 3945/1787/4369 3363/1757/4368 3328/1701/4370
f 3364/1788/4371 3942/1776/4359 3337/1726/4372
f 3950/1748/4326 3366/1749/4328 3384/1773/4328
f 3372/1744/3848 3368/1796/3848 2840/1790/3824
f 3338/1791/4374 3361/1728/4358 3940/1777/4360
f 4039/1333/4375 4049/1334/5157 4050/1792/4376
f 3362/1746/4378 3370/1753/4389 3371/1794/4379
f 3372/1744/4381 3358/1742/6518 3371/1794/4382
f 3371/1794/4382 3358/1742/6518 3360/1747/4383
f 3397/1731/4340 3395/1717/4339 3403/1797/4385
f 1147/1683/1329 3390/1737/518 3377/1798/4387
f 3371/1794/4379 3370/1753/4389 3341/1758/4389
f 3343/1800/4355 2820/4071/6519 3367/1799/4390
f 3398/1801/4391 3399/1802/5956 3340/1725/4310
f 4560/1053/4392 4562/1804/5974 3344/1803/4393
f 4563/1055/4394 3852/1729/4312 3851/1805/4314
f 3341/1758/4396 3355/1771/6520 3373/1807/4397
f 3352/1707/4308 3350/1720/4307 3349/1750/4399
f 3353/1721/4400 3340/1725/6521 3374/1808/4401
f 3396/1761/4344 3394/1759/4343 3401/1810/4403
f 3324/1700/4349 3345/4070/6515 3349/1751/4330
f 3726/1811/4405 3727/1722/4792 3383/1812/4406
f 3402/1718/4304 3346/1765/4348 3347/1756/4350
f 3338/1791/4268 3335/1779/5980 4569/1813/4408
f 3378/1736/4319 3937/1815/4715 3379/1814/4409
f 3389/1816/1378 1159/1738/1378 1158/1817/775
f 3323/1698/4286 3359/1711/4793 2813/1712/4284
f 3837/1818/4410 3375/3772/4407 3383/1812/4406
f 3983/1789/4328 3384/1773/4328 3334/1715/4316
f 3384/1773/3345 3382/1772/3345 3333/1723/3345
f 3311/1820/4269 3310/3551/4245 4567/1819/4412
f 3391/1823/4244 3386/3548/4266 4564/1822/4413
f 3326/1826/4418 3309/1828/3512 2820/1827/3514
f 4568/1824/4414 4571/1825/4416 3388/1782/4415
f 3378/1736/4319 3389/1816/1378 4028/1831/775
f 1156/1830/1483 3388/1782/4364 4025/1783/4364
f 3377/1798/4387 3390/1737/518 3389/1816/1378
f 3398/1801/4391 3401/1810/6522 3394/1759/4419
f 3393/1833/4420 3394/1759/4419 3331/1767/4421
f 4052/1785/4367 4038/1730/4313 3397/1731/4422
f 2857/1834/4424 3392/1835/4428 3367/1724/4425
f 3400/1836/4427 3399/1802/4429 3392/1835/4428
f 3363/1757/4337 3404/1786/4386 3403/1797/4385
f 3374/1808/4401 3340/1725/6521 3399/1802/4429
f 3346/1741/4430 3402/3771/4404 3401/1810/4403
f 3342/1708/4296 3401/1810/6522 3398/1801/4391
f 572/1056/336 1248/899/336 3406/1369/3757
f 2868/816/4431 2839/815/3366 2864/1837/3365
f 2983/1370/4142 2715/1840/336 2714/1839/336
f 2813/1829/4388 2940/486/3430 2704/487/3432
f 3529/1842/4433 3503/2115/4647 3440/1841/4434
f 3495/1844/4436 3472/1846/4632 3454/1845/4437
f 3456/1848/4439 3421/1968/4548 3425/1847/4440
f 3427/1850/4442 3428/1852/4529 3468/1851/4443
f 3410/1854/4445 3422/1856/4449 3453/1853/4446
f 3569/1857/4448 3424/2042/4480 3422/1856/4449
f 3554/1860/4451 3447/1909/4498 3411/1859/4452
f 3519/2103/4456 3573/1891/4482 3564/1864/4506
f 3564/1864/4506 3538/2111/4508 3537/1991/4454
f 3537/1991/4454 3528/1992/4646 3527/1863/4575
f 3527/1863/4575 3434/2006/6523 3413/1980/4455
f 3413/1980/4455 3512/2066/4624 3511/1862/4555
f 3511/1862/4555 3520/1981/4554 3519/2103/4456
f 3519/2103/4456 3564/1864/4506 3537/1991/4454
f 3537/1991/4454 3527/1863/4575 3413/1980/4455
f 3413/1980/4455 3511/1862/4555 3519/2103/4456
f 3462/1865/4459 3488/1928/4519 3430/1867/4457
f 3430/1867/4457 3417/1934/4626 3481/1866/4458
f 3481/1866/4458 3455/1944/4533 3462/1865/4459
f 3504/1869/4460 3543/2116/4648 3505/1868/4461
f 3582/1871/4463 3583/1873/4656 3557/1872/4464
f 3559/1874/4466 3544/1876/6524 3536/1875/4467
f 3437/1877/4469 3470/1879/6525 3464/1878/4470
f 3562/1880/4472 3580/1882/4658 3547/1881/4473
f 3498/1884/4475 3490/1953/4541 3463/1883/4476
f 3423/1887/4478 3460/1967/4549 3458/1886/4479
f 3440/1841/4434 3441/2030/4598 3414/1889/4481
f 3573/1891/4482 3519/2103/4456 3523/1890/4483
f 3438/1894/4485 3418/1930/4521 3429/1893/4486
f 3510/1896/4488 3548/1898/4650 3507/1897/4489
f 3410/1900/4491 3471/2086/4634 3449/1899/4492
f 3546/1902/4494 3508/1904/4649 3441/1903/4495
f 3557/1907/4497 3583/1906/4497 3585/2128/4497
f 3447/1909/4498 3448/2002/4569 3412/1908/4499
f 3407/1910/4500 3445/1912/4625 3499/1911/4501
f 3439/1914/4503 3497/2099/4643 3478/1913/4504
f 3564/1864/4506 3568/1917/4546 3541/1916/4507
f 3416/1919/4509 3518/2104/4577 3516/1918/4510
f 3517/1922/4512 3526/2105/4557 3524/1921/4513
f 3420/1925/4515 3487/1929/4522 3485/1924/4516
f 3432/1927/4518 3430/1867/4457 3488/1928/4519
f 3418/1930/4521 3483/1947/4537 3487/1929/4522
f 3418/1930/4521 3420/1925/4515 3431/1931/4523
f 3420/1925/4515 3419/1926/4517 3432/1932/4518
f 3419/1933/4517 3417/1934/4626 3430/1867/4457
f 3580/1935/4524 3572/1937/4574 3521/1936/4525
f 3577/1939/4484 3523/4072/4483 3525/1938/4527
f 3428/1852/4529 3427/1850/4442 3578/1941/4530
f 3459/1942/4532 3484/1943/4534 3486/1945/4535
f 3438/1894/4485 3496/1948/4641 3483/1947/4537
f 3429/1893/4486 3431/1931/4523 3494/1949/4538
f 3500/1950/4540 3502/1952/4644 3475/1951/4497
f 3490/1953/4541 3493/1955/4565 3467/1954/4542
f 3435/1956/4543 3436/1958/4553 3532/1957/4544
f 3568/1917/4546 3570/1960/4550 3539/1959/4547
f 3433/1843/4435 3435/1962/4543 3534/1961/4545
f 3457/1964/4536 3486/2096/4535 3482/1963/4438
f 3425/1847/4440 3427/1966/4442 3466/1965/4444
f 3421/1968/4548 3456/1848/4439 3460/1967/4549
f 3565/1970/4468 3536/1875/4467 3539/1969/4547
f 3426/1972/4471 3428/1852/4529 3576/1973/4531
f 3421/1968/4548 3563/2063/4621 3574/1974/4552
f 3428/1852/4529 3426/1972/4471 3464/1878/4470
f 3476/1977/4497 3443/1976/4497 3444/2050/4497
f 3431/1931/4523 3432/1932/4518 3492/1978/4520
f 3416/1979/4509 3435/1962/4543 3433/1843/4435
f 3415/1920/4511 3436/1958/4553 3435/1956/4543
f 3413/1980/4455 3434/2006/6523 3436/1958/4553
f 3515/1923/4514 3524/1921/4513 3520/1981/4554
f 3427/1966/4442 3425/1847/4440 3574/1974/4552
f 3513/1983/4556 3522/2034/4603 3526/1982/4557
f 3530/1985/4558 3533/1987/4561 3540/1986/4559
f 3533/1988/4561 3531/1990/4563 3542/1989/4562
f 3531/1990/4563 3528/1992/4646 3537/1991/4454
f 3439/1895/4487 3429/1893/4486 3489/1993/4539
f 3493/1955/4565 3491/1996/4567 3465/1995/4566
f 3567/1999/4568 3423/1887/4478 3424/1888/4480
f 3448/2002/4569 3551/2121/4652 3546/2001/4570
f 3586/2004/4571 3443/2047/4614 3409/2003/4572
f 3572/1937/4574 3575/1940/4528 3525/1938/4527
f 3436/1958/4553 3434/2006/6523 3527/1863/4575
f 3437/1877/4469 3426/1972/4471 3571/2007/4551
f 3414/1889/4481 3514/2029/4597 3518/2009/4577
f 3556/2011/4578 3585/2129/4661 3562/2010/4579
f 3478/2013/4581 3501/2015/4638 3446/2014/4582
f 3438/2016/4584 3439/1914/4503 3408/1915/4505
f 3472/2019/4586 3495/2098/4642 3479/2018/4587
f 3498/2022/4589 3469/2085/4633 3452/2021/4590
f 3412/2024/4496 3441/1903/4495 3440/2025/4592
f 3558/2027/4594 3553/2122/4653 3550/2026/4595
f 3514/2029/4597 3414/1889/4481 3441/2030/4598
f 3552/2032/4600 3555/4073/4654 3510/2031/4601
f 3522/2034/4603 3513/1983/4556 3507/2035/4604
f 3449/2036/4606 3474/2038/4635 3444/2037/4607
f 3504/2040/4609 3530/1985/4558 3535/2039/4560
f 3424/2042/4480 3458/2078/4479 3453/1853/4446
f 3506/2043/4611 3544/2045/6526 3559/2044/4612
f 3443/2047/4614 3476/2074/4630 3451/2046/4615
f 3410/1854/4445 3560/2048/4657 3566/1858/4450
f 3444/2050/4497 3443/1976/4497 3586/2049/4497
f 3446/2053/4497 3501/4074/4644 3499/2052/4497
f 3447/2056/4497 3554/4075/4497 3551/2055/4497
f 3409/2058/4616 3437/2060/4623 3579/2059/4617
f 3442/1901/4608 3444/2062/4607 3584/2061/4619
f 3563/2063/4621 3421/1968/4548 3423/1887/4478
f 3451/2064/4622 3470/2065/6527 3437/2060/4623
f 3415/1920/4511 3516/1918/4510 3512/2066/4624
f 3408/2067/4583 3446/2014/4582 3445/1912/4625
f 3419/1933/4517 3485/2094/4516 3481/1866/4458
f 3479/2068/4627 3500/2070/4645 3473/2069/4628
f 3553/2072/4540 3558/4076/4497 3555/2071/4497
f 3476/2074/4630 3475/2076/6528 3452/2075/4631
f 3454/2077/4437 3453/1853/4446 3458/2078/4479
f 3457/1946/4536 3458/1886/4479 3460/1967/4549
f 3459/1942/4532 3460/1967/4549 3456/1848/4439
f 3461/1849/4441 3466/1965/4444 3465/1998/4566
f 3466/2080/4444 3468/1851/4443 3467/2079/4542
f 3468/1851/4443 3464/1878/4470 3463/2082/4476
f 3461/1849/4441 3462/1865/4459 3455/1944/4533
f 3472/2083/4632 3471/1855/4447 3453/1853/4446
f 3464/1878/4470 3470/1879/6525 3469/2084/4477
f 3469/2085/4633 3470/2065/6527 3451/2064/4622
f 3471/2086/4634 3472/2019/4586 3450/2020/4588
f 3473/2087/4497 3475/1951/4497 3476/1977/4497
f 3474/2038/4635 3449/2036/4606 3450/2088/4629
f 3496/2090/4636 3438/2016/4584 3407/2017/4585
f 3501/2015/4638 3478/2013/4581 3477/2092/4639
f 3455/1944/4533 3481/1866/4458 3485/2094/4516
f 3484/2095/4534 3485/1924/4516 3487/1929/4522
f 3486/2096/4535 3487/1929/4522 3483/1947/4537
f 3493/1955/4565 3490/1953/4541 3489/1993/4539
f 3491/1996/4567 3493/1955/4565 3494/1949/4538
f 3462/1865/4459 3491/1997/4567 3492/2097/4520
f 3482/1963/4438 3483/1947/4537 3496/1948/4641
f 3490/1953/4541 3498/1884/4475 3497/1994/4564
f 3495/2098/4642 3496/2090/4636 3480/2091/4637
f 3477/2023/4591 3478/1913/4504 3497/2099/4643
f 3499/2052/4497 3501/4074/4644 3502/1952/4644
f 3500/2070/4645 3479/2068/4627 3480/2100/4502
f 3452/2101/4631 3475/2102/6528 3502/2093/4640
f 3516/1918/4510 3515/1923/4514 3511/1862/4555
f 3519/2103/4456 3520/1981/4554 3524/1921/4513
f 3518/2104/4577 3517/1922/4512 3515/1923/4514
f 3523/1890/4483 3524/1921/4513 3526/2105/4557
f 3514/2029/4597 3513/1983/4556 3517/1984/4512
f 3525/1938/4527 3526/2107/4557 3522/2106/4603
f 3533/1987/4561 3530/1985/4558 3529/1842/4433
f 3535/2108/4560 3540/4077/4559 3539/1969/4547
f 3531/1990/4563 3533/1988/4561 3534/2109/4545
f 3540/2110/4559 3542/1989/4562 3541/1916/4507
f 3528/1992/4646 3531/1990/4563 3532/1957/4544
f 3542/1989/4562 3537/1991/4454 3538/2111/4508
f 3513/1983/4556 3514/2029/4597 3508/2112/4599
f 3521/1936/4525 3522/2106/4603 3548/2113/4605
f 3536/1875/4467 3544/1876/6524 3543/2114/4610
f 3530/1985/4558 3504/2040/4609 3503/2115/4647
f 3543/2116/4648 3544/2045/6526 3506/2043/4611
f 3508/1904/4649 3546/1902/4494 3545/2117/4490
f 3509/2118/4474 3547/1881/4473 3548/1898/4650
f 3550/1870/4462 3549/2120/4655 3503/2119/4651
f 3551/2055/4497 3554/4075/4497 3553/2072/4540
f 3555/2071/4497 3558/4076/4497 3557/1907/4497
f 3505/1868/4596 3506/2043/4465 3557/1872/4464
f 3545/2033/4602 3546/2001/4570 3551/2121/4652
f 3549/1861/4453 3550/2026/4595 3553/2122/4653
f 3555/2123/4654 3556/2011/4578 3509/2012/4580
f 3411/2124/4593 3440/2025/4592 3503/2119/4651
f 3581/2125/4620 3584/2061/4619 3583/1873/4656
f 3571/2007/4551 3576/1973/4531 3575/1940/4528
f 3576/1973/4531 3578/1941/4530 3577/1939/4484
f 3577/1892/4484 3578/2126/4530 3574/1974/4552
f 3570/1971/4550 3569/1857/4448 3566/1858/4450
f 3568/1917/4546 3567/1999/4568 3569/2000/4448
f 3563/2063/4621 3567/1999/4568 3568/1917/4546
f 3564/1864/4506 3573/1891/4482 3574/1974/4552
f 3572/1937/4574 3580/1935/4524 3579/2008/4576
f 3565/1970/4468 3566/1858/4450 3560/2048/4657
f 3561/2127/4618 3579/2059/4617 3580/1882/4658
f 3581/2125/4659 3582/1871/4613 3559/2044/4612
f 3584/2051/4497 3586/2049/4497 3585/2128/4497
f 3585/2129/4661 3586/2004/4571 3561/2005/4573
f 3560/2130/4660 3410/1900/4491 3442/1901/4493
f 3588/2131/4662 3587/2133/6529 3599/2132/4663
f 3587/2134/4665 3589/2136/6530 3597/2135/4666
f 3594/2138/4668 3592/4078/4668 3593/2137/4669
f 3595/2140/4670 3588/2142/4671 3594/2141/4671
f 3605/2143/4672 3600/2145/6531 3599/2144/4673
f 3602/2146/4675 3597/2148/6532 3598/2147/4676
f 3601/2150/4678 3600/2169/6533 3605/2149/4679
f 3598/2152/4681 3601/2150/6534 3606/2151/4682
f 3589/2155/4684 3587/4079/6535 3591/2154/4685
f 3592/2158/4686 3589/3351/6536 3590/2157/4687
f 3591/2160/4689 3587/2162/6537 3588/2161/4690
f 3604/2163/4692 3599/2164/6538 3597/2135/4693
f 3594/2166/4695 3601/4080/6539 3598/2165/4696
f 3594/2168/4698 3588/2170/6540 3600/2169/4699
f 2734/547/3469 3612/2172/4970 3613/2171/4701
f 3611/2173/4140 3612/2172/4140 2734/547/4223
f 3120/2174/4702 3114/1268/6541 3610/2175/4058
f 3112/1269/4703 3609/1611/4063 3610/2175/4062
f 3609/2177/4140 3608/4081/4140 3000/2176/3890
f 3000/2179/4705 3608/2181/3990 3607/2180/3989
f 2719/509/3445 2859/983/3448 3607/2182/3450
f 3613/2183/451 2655/397/451 2858/506/451
f 3114/1268/4706 3120/2174/4070 2734/547/4707
f 4300/964/4709 2711/684/3592 3001/685/4710
f 4370/2185/4712 2809/945/3805 2808/362/3807
f 4314/2186/4045 3011/560/3481 2647/355/3480
f 2723/1236/4040 2724/4082/336 2706/893/3752
f 574/1691/786 1458/994/865 3614/995/3854
f 2823/769/3669 3713/770/3560 2785/720/3617
f 2715/1840/336 3711/1005/336 3292/354/336
f 3641/2198/4721 3622/2250/4764 3692/2197/4722
f 3669/2201/4724 3674/2203/4728 3627/2200/4725
f 3624/2204/4727 3625/2230/4749 3674/2203/4728
f 3616/2206/4729 3693/2208/4732 3687/2205/4730
f 3693/2208/4732 3633/2210/4753 3634/2209/4733
f 3631/2211/4734 3670/2213/4737 3675/2212/4735
f 3670/2213/4737 3629/2215/4739 3630/2214/4738
f 3629/2215/4739 3700/2217/4742 3695/2216/4740
f 3644/2218/4741 3628/2253/4767 3695/2216/4740
f 3618/2219/4743 3705/2221/4746 3663/2220/4744
f 3650/2223/1814 3639/3788/1814 3688/2222/1816
f 3650/2223/1814 3689/2226/1815 3679/2225/1813
f 3705/2227/4746 3637/2229/4756 3617/2228/4747
f 3706/2231/4748 3664/2238/4752 3625/2230/4749
f 3662/2233/1232 3633/3796/1232 3693/2232/451
f 3640/2235/1869 3688/2237/1823 3701/2236/1823
f 3643/2239/4751 3623/2326/4787 3664/2238/4752
f 3633/2210/4753 3678/2241/4755 3684/2240/4754
f 3678/2242/4755 3631/2211/4734 3632/2243/4736
f 3637/2229/4756 3703/2245/4758 3686/2244/4757
f 3703/2245/4758 3616/2206/4729 3615/2207/4731
f 3668/2247/4759 3673/3792/4762 3621/2246/4760
f 3668/2247/4759 3618/2219/4743 3619/2249/4745
f 3701/2251/4763 3683/2252/4765 3622/2250/4764
f 3620/2248/4761 3621/2246/4760 3683/2252/4765
f 3704/2254/4766 3709/4083/4768 3628/2253/4767
f 3626/2202/4726 3627/2200/4725 3709/2255/4768
f 3635/2257/451 3708/2234/451 3693/2232/451
f 3639/2259/1841 3620/3800/4771 3701/2236/1823
f 3645/2260/1230 3710/2262/1842 3700/2261/1842
f 3657/2263/1847 3644/2311/4784 3700/2261/1842
f 3642/2264/4769 3696/2266/451 3666/2265/451
f 3640/2235/1869 3641/3790/4750 3666/2265/451
f 3636/2267/451 3665/2269/451 3703/2268/451
f 3635/2257/451 3616/2258/451 3703/2268/451
f 3662/2233/1232 3699/2271/1871 3678/2270/1871
f 3646/2272/1843 3631/3797/1872 3678/2270/1871
f 3646/2272/1843 3680/2274/1842 3670/2273/1842
f 3645/2260/1230 3629/3793/4769 3670/2273/1842
f 3654/2275/1845 3702/2277/4770 3706/2276/4770
f 3642/2264/4769 3643/3794/4769 3706/2276/4770
f 3656/2278/451 3694/2280/451 3669/2279/451
f 3654/2275/1845 3624/3798/1845 3669/2279/451
f 3639/2259/1841 3679/2282/1823 3668/2281/1823
f 3649/2283/1863 3638/4084/1863 3679/2225/1813
f 3660/2284/1864 3691/2286/1877 3680/2285/4772
f 3659/2287/1853 3645/3808/1853 3680/2285/4772
f 3648/2288/4773 3676/2290/4774 3665/2289/4774
f 3647/2291/1874 3635/2293/1874 3665/2289/4774
f 3647/2291/1874 3677/2295/1880 3708/2292/1880
f 3661/2294/4775 3662/3804/4775 3708/2292/1880
f 3652/2296/1854 3672/2297/4778 3696/2266/4776
f 3651/2298/1849 3640/2235/1849 3696/2266/4776
f 3658/2299/1850 3707/2301/4780 3667/2300/4779
f 3655/2303/1859 3656/3810/1859 3667/2302/4779
f 3661/2294/4775 3698/2306/4781 3699/2305/4781
f 3638/2307/1822 3618/3805/4782 3668/2281/1823
f 3638/2307/1822 3671/2309/4783 3705/2308/4782
f 3636/2267/451 3637/3795/451 3705/2308/4782
f 3657/2263/1847 3667/2312/4785 3704/2310/1846
f 3656/2278/451 3626/3799/451 3704/2310/1846
f 3651/2313/1849 3697/2224/1817 3688/2222/1816
f 3660/2314/1864 3646/4085/1864 3699/2305/4781
f 3653/2315/1857 3682/2317/4786 3702/2316/1855
f 3652/2318/1854 3642/4086/4777 3702/2316/1855
f 3659/2287/1853 3685/2320/1852 3710/2319/1852
f 3658/2299/1850 3657/3803/1850 3710/2319/1852
f 3649/2321/1863 3681/2323/1862 3671/2322/1862
f 3648/2288/4773 3636/3802/1860 3671/2322/1862
f 3655/2303/1859 3690/2325/1858 3694/2324/1858
f 3653/2315/1857 3654/3807/1857 3694/2324/1858
f 3666/2327/4723 3692/4087/4722 3623/2326/4787
f 3712/2328/4157 3711/658/3561 3713/656/3560
f 2827/729/3577 2789/730/4790 3717/1686/4271
f 2826/722/4789 2827/729/3577 3718/1690/4788
f 2789/730/4790 2790/2329/6453 3719/928/3785
f 3718/1690/4788 3717/1686/4271 3315/2330/4273
f 3317/1687/4272 3719/928/3785 3721/929/3787
f 2661/2332/4301 3359/2333/4300 3727/1722/4792
f 3906/2334/4298 3725/1732/4315 3724/1716/4317
f 3359/2333/4793 3323/2335/4286 3723/1714/3345
f 3323/2335/4286 3356/2336/4285 3724/1716/3345
f 2842/955/4794 3722/1448/4162 3726/1449/4163
f 2821/630/3535 2738/628/3534 3714/768/3668
f 3731/1353/4225 3735/1393/4225 2995/2339/3766
f 2838/613/4796 3730/1391/3653 3732/1417/3653
f 2995/2339/3523 3735/1393/3345 3730/1391/3345
f 3841/480/4797 3849/705/4974 2988/2340/4798
f 3846/1613/4800 3840/2530/4975 2993/624/3827
f 2991/2341/3523 3734/980/3345 3729/979/3345
f 2680/953/3655 3843/2531/3848 3850/2342/3848
f 3809/492/3436 3810/706/3609 3736/707/3345
f 2987/734/3632 3737/478/3422 3734/980/3424
f 3756/2346/4806 2901/2348/4960 4399/2347/4807
f 3798/2350/4808 1649/4088/1908 1634/2349/1908
f 3744/2353/4809 3747/2418/4833 3743/2352/4810
f 3770/2356/4812 3782/2411/4882 3781/2355/4813
f 3799/2359/4815 3802/4089/4816 3775/2358/4816
f 4383/2362/4817 4389/3333/5730 3745/2361/4818
f 4379/2365/4820 4384/2522/4969 4396/2364/4821
f 3780/2368/4823 3783/2428/4898 3765/2367/4824
f 3789/2369/4826 3758/644/4832 3739/773/3672
f 3770/2371/4828 3749/2404/4873 3779/2370/4829
f 1650/2373/1932 3799/2359/4815 3788/2360/4815
f 2882/1187/4831 2970/712/3673 3739/773/3672
f 3784/2376/4833 3785/813/4834 3755/2375/4834
f 3779/2370/4836 3749/2404/6542 3741/2378/4837
f 3769/2380/4839 3746/2427/4897 4396/2364/4840
f 3792/2382/4842 3805/2384/4842 1661/2383/1908
f 3783/2385/4844 3778/2424/6543 3793/2377/4845
f 3754/2387/4847 3776/2472/4931 3781/2355/4848
f 3741/2378/4837 3749/2404/6542 3761/2389/4851
f 3750/2391/4854 3759/2357/4930 3740/2363/4819
f 3740/2363/4819 3745/2361/4818 3752/2392/4853
f 3752/2392/4853 3751/2408/6544 3750/2391/4854
f 2944/2393/3345 2681/937/3345 2679/736/3345
f 3763/2394/4855 3748/425/6545 2881/2395/4856
f 3793/2377/4845 3755/2375/4858 3766/2396/4858
f 3766/2396/4859 3755/2375/4859 3756/2346/4860
f 3767/2397/4861 3756/2346/4860 4393/2398/4862
f 4388/2399/4864 2893/796/5726 2896/797/4865
f 2775/653/3557 2776/652/3556 3777/2379/4838
f 3771/2401/4868 3760/2390/4872 3761/2389/4869
f 3773/2402/4871 3762/2345/4875 3760/2390/4872
f 3772/2403/4870 3761/2389/4869 3749/2404/4873
f 3768/2405/4874 3757/2344/5740 3762/2345/4875
f 3768/2406/4876 3773/2409/4879 3752/2392/4877
f 3750/2391/4878 3772/2407/6546 3770/2356/4812
f 3773/2409/4879 3771/2410/4881 3751/2408/4880
f 3771/2410/4881 3772/2407/6546 3750/2391/4878
f 3782/2411/4882 3763/2412/4883 3753/2388/4883
f 3794/2414/4884 3789/2369/4826 3775/2413/4885
f 3767/2417/4887 4401/3340/5746 4400/2416/4888
f 3747/2418/4890 3766/2419/4890 3767/2417/4887
f 3765/2367/4824 3766/2419/4891 3747/2418/4891
f 3753/2388/4892 3763/2412/6547 3764/2420/4893
f 1660/2422/1932 3804/2467/4895 3791/2421/4895
f 1583/2426/1999 1619/4090/6354 3774/2425/4827
f 3746/2427/4897 3769/2380/4839 3783/2428/4898
f 3758/644/3549 3778/2424/6543 3783/2385/4844
f 2903/812/4899 3785/813/4834 3786/2430/4834
f 1634/2432/2005 569/814/2006 2903/812/4899
f 3796/2433/4901 3806/2434/4901 3805/2384/4842
f 3774/2425/4827 1619/4091/6354 1635/2435/2008
f 3775/2413/4885 3789/2369/4826 3774/2425/4827
f 3790/2437/4903 3784/2376/4833 3794/2414/4884
f 3799/2439/4905 3805/2460/4917 3806/2438/4906
f 3790/2442/4908 3800/2464/4908 3797/2441/4909
f 1654/2445/2017 1649/4092/6355 3798/2444/4910
f 3795/2448/4904 3796/2450/4886 3792/2449/4912
f 3791/2451/4913 3792/2449/4912 1639/2452/2022
f 3801/2446/4911 3798/2444/4910 3797/2453/4833
f 3775/2455/4915 3802/2457/4915 3806/2456/4915
f 3804/2458/4912 3801/2446/4911 3800/2454/4914
f 1650/2461/2027 1661/4093/2027 3805/2460/4917
f 1660/2462/2022 1654/2445/2017 3801/2446/4911
f 3795/2463/4918 3803/2465/4918 3800/2464/4908
f 3804/2467/4895 3803/4094/4919 3795/2466/4919
f 3786/2468/4920 3797/2469/4920 3798/2350/4808
f 2823/769/4922 2824/698/4166 3716/696/4923
f 3733/2400/4867 3848/2529/4971 3847/2470/4925
f 2985/1013/4926 2984/655/6548 3807/2471/4168
f 3807/2471/4927 2984/655/6549 2988/2340/4928
f 2822/1336/4929 2821/630/6550 3715/2338/4924
f 3759/2357/4930 3781/2355/4848 3776/2472/4931
f 3778/2424/4896 3789/2369/4826 3794/2414/4884
f 4379/2365/4820 4383/2362/4817 3740/2363/4819
f 3779/2370/4836 3777/2379/4838 2776/652/3556
f 3828/2474/4932 3831/2507/4932 3821/2473/4932
f 2783/926/3783 563/761/6357 1669/2476/2045
f 3833/927/4933 2784/717/6438 2902/715/3614
f 3823/2492/4936 3822/2490/4943 3824/2480/6551
f 3824/2480/6551 3825/4099/4934 3826/2479/4934
f 3826/2479/4934 3827/4098/6552 3830/4097/4935
f 3830/4097/4935 3831/4096/4935 3828/2478/4935
f 3828/2478/4935 3829/4095/4935 3823/2492/4936
f 3823/2492/4936 3824/2480/6551 3826/2479/4934
f 3826/2479/4934 3830/4097/4935 3828/2478/4935
f 3812/2481/4100 1668/2483/1120 570/2482/2050
f 3817/2484/4938 3826/2486/4952 3825/2485/4939
f 3835/2487/4941 2708/2489/5743 3137/2488/4942
f 3822/2490/4943 3823/2492/4936 1680/2491/2058
f 3819/2493/4945 3830/2495/6553 3827/2494/4946
f 3814/2496/4948 3824/2498/4953 3822/2497/4949
f 1680/2500/2067 3823/2506/4954 3813/2499/4951
f 3815/2502/4947 3827/2494/4946 3826/2503/4952
f 3816/2504/4940 3825/2485/4939 3824/2498/4953
f 3823/2506/4954 3829/2509/4958 3818/2505/4955
f 3831/2507/4956 3830/2495/6553 3819/2493/4945
f 3829/2509/4958 3828/4100/6554 3820/2508/4959
f 3786/2430/4834 3785/813/4834 3784/2376/4833
f 2901/2348/4960 3756/2346/4806 3755/2375/4834
f 2709/2510/4937 3835/2487/4941 3834/2511/3658
f 2783/926/4961 3833/927/4933 3832/811/4933
f 2902/715/4962 2901/2348/6555 3785/813/3722
f 3820/2512/4963 2784/717/4966 3833/927/4964
f 3821/2513/4965 3137/2514/4942 2784/717/4966
f 3814/2516/4968 3138/2517/4101 3812/1307/4100
f 3138/2518/4950 3822/2497/4949 1681/2519/2086
f 3137/2514/4942 3821/2513/4965 3819/2520/4967
f 4384/2522/4969 4379/2365/4820 3776/2472/4931
f 2695/2523/4093 2865/4031/4092 3722/1448/3345
f 3837/751/3653 3838/933/3653 2842/955/4794
f 2840/1790/3824 3837/1818/4410 3836/1774/4410
f 3382/1772/3345 3836/1774/3345 3383/1812/3345
f 3612/2524/4970 3107/662/3565 3839/663/3567
f 2725/2525/451 2655/520/451 3839/518/451
f 3733/2400/4867 3777/2379/4838 3741/2378/4837
f 2652/2527/3345 2944/2393/3345 3728/969/3345
f 2868/816/4431 2869/1838/4432 3850/2528/3653
f 2818/343/3345 2868/816/3345 3842/1418/3345
f 3847/2470/4925 3811/721/4972 2988/2340/3345
f 3848/2529/4971 2900/697/4973 3811/721/4972
f 3741/2378/4837 3738/1641/4804 2900/697/4973
f 3737/478/4138 3736/707/4137 3849/705/4974
f 3731/1353/4133 3729/979/4133 3840/2530/4975
f 2652/2527/3345 3843/2531/3345 2680/953/3345
f 3846/1613/4976 2997/345/6426 2818/343/3325
f 2986/623/3345 2993/624/3345 3840/2530/3345
f 3841/480/4977 2984/655/6432 2986/623/3558
f 3843/2531/3848 3728/969/3824 3732/968/3824
f 2886/429/3687 2885/2532/6445 2883/785/4978
f 2888/789/4035 2642/360/3341 2769/2533/3853
f 2728/528/3459 2729/529/3458 3080/1127/4148
f 3133/2534/3982 3219/4101/4228 3134/2536/4227
f 3134/2536/4227 3202/597/3509 3216/2535/3510
f 3216/2535/3510 3217/4102/3981 3133/2534/3982
f 2755/2538/4195 2759/581/3500 1730/2537/2096
f 1732/2539/2096 1735/1515/1240 2752/1166/3969
f 2753/1167/3979 3212/2540/6499 2755/2538/4195
f 1732/2539/2096 2752/1166/3969 2753/1167/3979
f 2218/2541/2098 3208/2542/2100 3213/1148/2099
f 3202/597/3509 3215/704/3492 1728/573/336
f 4278/2543/4980 4287/2545/5547 4282/2544/4981
f 1714/1514/1240 1720/4041/2104 2754/1146/2104
f 3218/1153/4983 3199/1151/3969 1714/1514/1240
f 1715/2546/2105 3900/2548/5574 3881/2547/4984
f 4279/2550/514 4274/3832/514 1733/2549/514
f 3220/2553/1259 3221/4103/1259 1717/2552/1259
f 1734/1490/336 3214/1155/3199 2758/1156/4986
f 3197/1158/3974 3216/2535/3510 1729/598/518
f 1715/2546/2108 2245/3185/2763 4311/2556/4987
f 4311/2556/4987 3201/3175/5576 3900/2548/4988
f 3392/1835/4989 3393/1833/4420 3330/1704/4291
f 1743/2557/2112 1740/2559/2113 3867/2558/2113
f 3870/2560/2114 3861/2562/2115 1737/2561/2115
f 3855/2563/514 3867/2558/2113 1740/2559/2113
f 1742/2565/2116 1743/2557/2112 3873/2566/2117
f 1741/2567/2118 1742/2565/2116 3876/2568/2119
f 1739/2569/2120 1741/2567/2118 3879/2570/2121
f 3866/2597/4992 3853/2574/6556 3864/2573/6557
f 3864/2573/6557 3860/2602/6558 3869/2572/4990
f 3869/2572/4990 3878/2592/6559 3875/2571/4991
f 3875/2571/4991 3872/2594/6560 3866/2597/4992
f 3866/2597/4992 3864/2573/6557 3869/2572/4990
f 3853/2574/4993 3859/2576/4999 3857/2575/4994
f 3856/2578/4995 3857/4104/4994 3858/2577/4996
f 3855/2563/4998 3858/2581/4996 3857/2580/4994
f 3865/2582/5000 3856/2578/4995 3854/2579/4997
f 3865/2584/5000 3864/2573/6561 3853/2574/4993
f 1759/2585/2135 3858/2581/4996 3855/2563/4998
f 1758/2586/2137 3854/2579/4997 3858/2577/4996
f 3869/2572/5002 3871/2589/5006 3880/2588/5003
f 3870/2560/5005 3879/2570/6562 3880/2590/5003
f 3878/2592/5004 3880/2588/5003 3877/2593/5007
f 3880/2590/5003 3879/2570/6562 3876/2568/5009
f 3877/2593/5007 3874/2598/5011 3872/2594/5010
f 3876/2568/5009 3873/2566/5013 3874/2595/5011
f 3874/2598/5011 3868/2600/5014 3866/2597/5012
f 3873/2566/5013 3867/2558/6563 3868/2599/5014
f 3866/2597/5012 3868/2600/5014 3859/2576/4999
f 3868/2599/5014 3867/2558/6563 3855/2563/4998
f 3870/2560/5005 3871/2591/5006 3862/2601/5015
f 3871/2589/5006 3869/2572/5002 3860/2602/5017
f 1738/2603/2155 3863/2583/2155 3854/2579/2155
f 3899/2604/5018 3889/2606/5025 976/2605/2157
f 4309/2609/5022 4308/2611/5578 4307/2610/2162
f 965/2612/2164 3898/1644/4231 3888/1645/4231
f 3151/2614/5024 3150/2615/6564 3889/2606/5025
f 3150/1325/4116 3148/682/6435 3893/999/5026
f 980/2616/451 3890/1329/451 3899/2604/451
f 3892/1324/4115 3882/896/4115 3146/1322/5027
f 975/2617/2168 3888/1318/4110 3890/1319/4112
f 562/2619/514 560/2620/2170 3885/616/3524
f 3070/2621/3926 3031/1106/3925 3897/1315/5028
f 818/2622/2172 3895/998/3948 3891/1132/3948
f 1800/2624/2174 564/2625/2174 3886/672/3837
f 2855/724/3619 2826/722/3619 3884/2626/5029
f 819/1328/2176 3893/999/3855 3895/998/3855
f 536/2627/2177 3881/898/3754 3882/896/3754
f 568/2629/2178 3897/793/3696 3896/783/3696
f 560/2620/2170 561/2631/2180 3887/618/3681
f 3147/2632/5031 3898/1113/3930 3892/1111/3930
f 3896/783/3682 3887/618/3681 561/2631/2180
f 3904/2608/5020 3905/2635/5034 3903/2634/5032
f 3884/2626/5029 1799/2640/2186 1800/2636/2186
f 3903/2634/5032 1799/2640/2104 3884/2626/5030
f 1797/2638/514 3905/2635/5034 3904/2608/5020
f 3318/2331/4791 3721/929/3787 2787/1077/4278
f 564/2625/1237 562/2619/514 3883/673/4039
f 1799/2640/2104 3903/2634/5032 3905/2635/5034
f 4036/2645/5038 4046/2879/5268 4047/2644/5039
f 3930/2648/5041 3928/2729/5296 3945/2647/5042
f 3920/2651/5044 3918/2722/5126 3972/2650/5045
f 4160/2654/5047 3977/2771/5161 3951/2653/5048
f 2148/2657/2205 4023/3092/5540 4031/2656/5050
f 3963/2659/5051 3973/2661/5095 3908/2660/5052
f 3951/2653/5048 3952/2664/5168 4159/2662/5054
f 3725/2663/5055 4159/2662/5412 3952/2664/5056
f 3931/2665/5058 3949/2667/5944 4551/2666/5059
f 3931/2665/5061 3930/2648/5041 3946/2649/5043
f 3949/2667/5063 3931/2665/5061 3954/2668/5062
f 3975/2670/5065 3974/2761/5156 3929/2669/5066
f 4056/2672/5067 4009/2674/6565 4007/2673/5068
f 3979/2679/514 3936/3053/514 4156/2678/514
f 3913/2681/5073 3914/2683/5083 3911/2682/5074
f 3975/2670/5065 4552/3131/5532 4553/2684/5076
f 4029/2687/5078 1809/2874/2432 1804/2686/2234
f 4181/2690/5080 4177/2833/5228 4216/2689/5081
f 3914/2683/5083 3913/2681/5073 3960/2692/5084
f 4024/2694/5086 3944/2696/5094 3923/2695/5087
f 3926/2697/5088 3971/2699/5158 3969/2698/5089
f 3970/2700/5091 3917/2701/5113 3914/2683/5083
f 3925/2702/5090 3969/2698/5089 3968/2703/5092
f 3944/2696/5094 3919/2704/5146 3920/2651/5044
f 3973/2661/5095 3976/2685/5077 3953/2705/5096
f 3929/2669/5066 3974/2761/5156 3964/2706/5097
f 4025/2708/5099 4024/2694/5266 1806/2709/2257
f 3912/2712/5102 3911/2682/5116 3942/2711/5103
f 4178/2714/5105 4179/2716/5191 4040/2715/5106
f 3966/2719/5111 3971/2699/5158 3926/2697/5088
f 3917/2701/5113 3918/2722/5126 3915/2721/5114
f 3911/2682/5116 3916/2743/6566 3940/2723/5117
f 3943/2724/5118 3919/2704/5144 3944/2696/5119
f 4233/2725/5121 4243/2727/5468 4184/2726/5122
f 3921/2720/5112 3910/2787/5183 3962/2728/5124
f 3932/2671/5060 3929/2669/5066 3930/2648/5125
f 3927/2707/5098 3928/2729/6567 3930/2648/5125
f 3918/2722/5126 3917/2701/5113 3970/2700/5091
f 4004/2731/5127 4003/2865/5260 4012/2730/5128
f 3996/2734/5130 3995/2824/5218 4019/2733/5131
f 4509/2737/5133 4511/3506/5908 4518/2736/5134
f 3983/2739/5136 3948/3825/5057 3952/2664/5056
f 4553/2684/5076 3988/2742/5162 4511/2741/5137
f 3940/2723/5117 3916/2743/6566 3915/2721/5139
f 3957/2718/5109 3376/4105/5159 4170/2744/5141
f 4175/2745/5142 1826/2747/2301 1805/2746/2300
f 3965/2652/5046 3961/2760/5155 3923/2695/5087
f 3941/2748/5140 3915/2721/5139 3919/2704/5144
f 3914/2683/5083 3917/2701/5113 3916/2743/5115
f 4030/2749/5145 4022/2751/5238 1803/2750/2305
f 3918/2722/5126 3920/2651/5044 3919/2704/5146
f 4097/2752/5147 4098/2754/5286 4153/2753/5148
f 3924/2755/5093 3968/2703/5092 3959/2756/5150
f 3958/2758/5152 3922/3830/5492 4168/2757/5153
f 4029/2687/5078 3961/2760/5155 3962/2728/5124
f 3961/2760/5155 3965/2652/5046 3966/2719/5111
f 3974/2761/5156 3975/2670/5065 3976/2685/5077
f 3969/2698/5089 3970/2700/5091 3967/2693/5085
f 3964/2706/5097 3974/2761/5156 3973/2661/5095
f 4049/1334/5157 3928/2729/6567 3927/2707/5098
f 3968/2703/5092 3967/2693/5085 3960/2692/5084
f 3969/2698/5089 3971/2699/5158 3972/2650/5045
f 3965/2652/5046 3972/2650/5045 3971/2699/5158
f 3376/2762/5159 3958/2758/5152 4171/2759/5154
f 4160/2654/5047 4161/2680/5411 3978/2764/5160
f 3988/2742/5162 3978/2764/5160 3909/2765/5163
f 3993/2767/514 3935/3030/514 4158/2766/514
f 3978/2764/5160 3988/2742/5162 3986/2769/5165
f 3986/2769/5165 4552/3131/5532 4551/2666/5059
f 3984/2770/5166 3951/2653/5048 3977/2771/5161
f 3951/2653/5048 3984/2770/5166 3985/2740/5167
f 3950/2772/5064 3983/2739/5136 3985/2740/5136
f 4254/2773/5169 4227/2775/5476 4229/2774/5170
f 4172/2777/5172 3981/3102/5491 3385/2776/5173
f 4173/2778/5174 3385/2776/5173 3405/2779/5175
f 4042/2646/5040 4043/2785/5211 4011/2784/5180
f 4209/2786/5182 4208/2788/5262 3910/2787/5183
f 4174/2790/5184 3994/2916/5305 3339/2789/5185
f 4055/2792/514 3993/2767/514 4164/2768/514
f 4185/2794/5189 4182/2781/5947 4224/2795/5187
f 4224/2795/5187 4184/2726/5458 4183/3083/5188
f 4037/1793/4377 4050/1792/4376 4051/2796/5190
f 4179/2716/5191 4178/2714/5105 4217/2797/5192
f 4032/2799/5194 1812/2801/2355 1813/2800/2354
f 4145/2803/5196 4009/2964/5348 4056/2802/5197
f 4213/2805/5199 4209/2786/5182 3921/2720/5112
f 4087/2807/5200 4141/2909/5298 4140/2806/5201
f 4006/2809/5203 3998/2811/5306 3997/2810/5204
f 4212/2812/5206 3925/2702/5090 3924/2755/5093
f 4149/2813/5208 4150/2815/5230 4015/2814/5209
f 4043/2785/5211 4042/2646/5040 4047/2644/5039
f 4090/2817/5213 4088/2819/5334 4142/2818/5214
f 1811/2821/2375 1810/2839/6370 4035/2820/5216
f 3995/2824/5218 3996/2734/5130 4000/2823/5219
f 4099/2826/5221 4089/2828/5275 4143/2827/5222
f 4086/2808/5202 4140/2806/5201 4139/2829/5224
f 4002/2831/5226 4006/2809/5203 4005/2832/5205
f 4177/2833/5228 4181/2690/5080 4039/1333/4375
f 4096/2834/5229 4097/2752/5147 4151/2835/5149
f 4020/2836/5231 4021/2955/5342 4153/2753/5148
f 1810/2839/2393 1827/2844/2399 4214/2838/5232
f 4239/2841/5234 3992/3538/5966 3938/2840/5235
f 4036/2645/5038 4042/2646/5040 4221/2843/5181
f 1827/2844/2399 1803/2750/2305 4022/2751/5238
f 4136/2845/5239 4093/2848/5242 4087/2807/5200
f 4091/2847/5241 4145/2803/5196 4147/2804/5198
f 4007/2673/5068 4009/2674/6565 4010/2849/5243
f 4011/2784/5180 4014/2851/5427 4222/2850/5245
f 4198/2852/5246 4053/2854/5345 4146/2853/5247
f 4181/2690/5249 4220/2691/5425 4219/2855/5250
f 4095/2860/5255 4096/2834/5229 4150/2815/5230
f 4011/2784/5256 4016/2862/5282 4017/2861/5257
f 4014/2851/5258 4017/2861/5257 4015/2732/5129
f 4018/2863/5259 4021/2864/5261 4020/2735/5132
f 4003/2865/5260 4004/2731/5127 4021/2864/5261
f 4214/2838/5232 4022/2751/5238 3910/2787/5183
f 4034/2822/5217 4035/2820/5216 3999/2825/5220
f 4084/2867/5263 4138/2957/5344 1824/2866/2424
f 4001/2869/5227 4032/2799/5194 4033/2870/5195
f 4128/2871/5264 4084/2867/5263 1818/2868/2426
f 4029/2687/5078 4030/2749/5145 1808/2873/2431
f 3910/2787/5183 4022/2751/5238 4030/2749/5145
f 4169/2791/5186 4175/2745/5142 4026/2875/5143
f 3939/2876/5120 3944/2696/5119 4024/2694/5266
f 1806/2709/2435 4024/2694/5086 4027/2688/5079
f 3961/2760/5155 4029/2687/5078 4027/2688/5079
f 4040/2715/5106 4051/2796/5190 4048/2877/5267
f 4041/2878/5107 4048/2877/5267 4046/2879/5268
f 4556/2881/5269 3997/2810/5440 4057/2880/5270
f 4112/2883/5272 4086/2808/5202 4085/2830/5225
f 4125/2885/5274 4102/2886/5330 4089/2828/5275
f 4190/2887/5276 4044/2894/6568 4043/2785/5277
f 4041/2878/5107 4036/2645/5038 4180/2888/5237
f 4474/2891/5280 3400/2893/5280 2857/2892/3907
f 4043/2785/5277 4044/2894/6568 4016/2862/5282
f 4134/2895/5283 4198/2852/5246 4092/2896/5248
f 4126/2897/5285 4125/2885/5274 4099/2826/5221
f 4106/2898/5287 4103/2900/5398 4073/2899/5288
f 3908/2660/5052 3934/3065/5444 4045/2676/5072
f 4202/2902/5290 4201/2677/6569 4083/2675/5291
f 4051/2796/5190 3964/2706/5097 3963/2659/5051
f 4054/2903/5292 4083/2675/5291 4008/2904/5244
f 4154/2905/5293 4044/2907/6570 4190/2906/5294
f 4046/2879/5268 3907/2901/5053 4045/2676/5072
f 3907/2901/5053 4046/2879/5268 4048/2877/5267
f 3928/2729/5296 4049/1334/6490 4052/1332/4120
f 4147/2804/5198 4056/2802/5197 3998/2908/5297
f 4093/2848/5242 4147/2804/5198 4141/2909/5298
f 4555/2910/5299 4556/2881/5513 4558/2882/5300
f 3990/2912/514 4055/2792/514 4166/2793/514
f 4241/2914/5302 4162/2915/5464 4163/2913/5303
f 4176/2780/5176 3405/2779/5175 3994/2916/5305
f 3998/2811/5306 4056/2672/5067 4057/2880/5069
f 4230/2917/5307 4231/2918/5521 4031/2656/5308
f 3933/2920/5310 4223/2710/5101 4250/2919/5311
f 4111/2922/5313 4126/2897/5285 4098/2754/5286
f 4123/2923/5314 4119/2924/5391 4096/2834/5229
f 4123/2923/5314 4095/2860/5255 4094/2925/5315
f 4113/2928/5317 4064/3007/5385 4071/2927/5318
f 4114/2930/5320 4091/2847/5241 4093/2848/5242
f 4116/2931/5321 4115/2933/5397 4587/2932/5322
f 4593/2934/5324 4205/2936/5406 4155/2935/5325
f 4117/2937/5284 4092/2896/5248 4091/2847/5241
f 4129/2939/5327 4583/2998/5378 4584/2938/5328
f 4102/2886/5330 4107/2941/5333 4090/2817/5213
f 4191/2942/5295 4190/2906/5294 4202/2943/5331
f 4107/2941/5333 4130/2944/5379 4088/2819/5334
f 4142/2818/5214 1823/2946/2510 1811/2945/2509
f 4140/2806/5201 4006/3021/5401 4002/2947/5336
f 4144/2948/5215 4142/2818/5214 4034/2949/5335
f 4143/2827/5222 4144/2948/5215 4000/2950/5337
f 4148/2951/5339 4149/2813/5208 4017/2952/5210
f 4054/2953/5341 4053/2854/5345 4203/2954/5332
f 4092/2896/5248 4146/2853/5247 4145/2803/5196
f 4151/2835/5149 4153/2753/5148 4021/2955/5342
f 4138/2957/5344 4033/3545/5973 1813/2956/2520
f 4152/2837/5223 4143/2827/5222 3996/2958/5338
f 4098/2754/5286 4099/2826/5221 4152/2837/5223
f 4089/2828/5275 4090/2817/5213 4144/2948/5215
f 4053/2854/5345 4054/2953/5341 4010/2959/5346
f 4191/2942/5295 4194/2961/5383 4100/2960/5347
f 4094/2925/5315 4095/2860/5255 4149/2813/5208
f 4150/2815/5230 4151/2835/5149 4004/2962/5343
f 4088/2819/5334 1817/2963/2527 1823/2946/2510
f 4108/2940/5329 4109/2884/5273 4128/2871/5264
f 4146/2853/5247 4010/2959/5346 4009/2964/5348
f 4094/2925/5315 4148/2951/5339 4154/2905/5293
f 4199/2966/5349 4200/2979/5362 4585/2965/5350
f 4101/2968/5352 4199/2966/5349 4063/2967/5351
f 4200/2979/5362 4135/2977/5360 4586/2978/5363
f 2516/2981/2545 4101/2968/5352 4069/2969/5353
f 4085/2830/5225 4139/2829/5224 4138/2957/5344
f 1822/2999/2563 1816/4106/6374 4583/2998/5378
f 4130/2944/5379 1820/3000/2564 1817/2963/2527
f 4105/2846/5240 4087/2807/5200 4086/2808/5202
f 4122/3002/5380 4121/3004/5407 4582/3003/5381
f 4194/2961/5383 4188/3006/5403 4133/3005/5384
f 4108/2940/5329 4584/2938/5328 4064/3007/5385
f 4110/3008/5386 4118/3010/5396 4080/3009/5387
f 4137/3011/5389 4104/2929/5319 4071/2927/5318
f 4119/2924/5391 4111/2922/5313 4097/2752/5147
f 4127/3012/5392 4110/3008/5386 4081/3013/5388
f 4124/3014/5394 4127/3012/5392 4082/3015/5393
f 4118/3010/5396 4122/3002/5380 4079/3016/5382
f 4115/2933/5397 4137/3011/5389 4590/3017/5390
f 4109/2884/5273 4085/2830/5225 4084/2867/5263
f 4103/2900/5398 4124/3014/5394 4574/3018/5395
f 4131/3019/5399 4106/2898/5287 4072/3020/5289
f 4141/2909/5298 3998/2908/5297 4006/3021/5401
f 4155/2935/5325 4134/2895/5283 4117/2937/5284
f 4132/3022/5402 4133/3005/5384 4188/3006/5403
f 4120/2926/5316 4094/2925/5315 4100/2960/5347
f 4205/2936/5406 4204/3023/5409 4134/2895/5283
f 4104/2929/5319 4105/2846/5240 4112/2883/5272
f 1820/3000/2564 4130/2944/5379 4131/3019/5399
f 4107/2941/5333 4102/2886/5330 4103/2900/5398
f 4113/2928/5317 4112/2883/5272 4109/2884/5273
f 4116/2931/5321 4117/2937/5284 4114/2930/5320
f 4589/3025/5326 4155/2935/5325 4116/2931/5321
f 4115/2933/5397 4114/2930/5320 4136/2845/5239
f 4122/3002/5380 4123/2923/5314 4120/2926/5316
f 4119/2924/5391 4123/2923/5314 4122/3002/5380
f 4111/2922/5313 4119/2924/5391 4118/3010/5396
f 4127/3012/5392 4124/3014/5394 4125/2885/5274
f 4126/2897/5285 4111/2922/5313 4110/3008/5386
f 4102/2886/5330 4125/2885/5274 4124/3014/5394
f 4129/2939/5327 4128/2871/5264 1821/2872/2430
f 4130/2944/5379 4107/2941/5333 4106/2898/5287
f 4193/3027/5404 4591/3059/5432 4062/3026/5408
f 4121/3004/5407 4120/2926/5316 4133/3005/5384
f 4204/3023/5409 4206/3028/5431 4198/2852/5246
f 4137/3011/5389 4136/2845/5239 4105/2846/5240
f 1819/3024/2590 4131/3019/5399 4066/3029/5400
f 3935/3030/514 4026/3032/514 4165/3031/514
f 3982/3033/514 3990/2912/514 4163/2913/514
f 3980/3034/514 3979/2679/514 4161/2680/514
f 4026/3032/514 1805/3036/514 1825/3035/514
f 4161/2680/5411 4156/2678/5451 3909/2765/5163
f 3906/3037/5036 3947/3038/5035 4159/2662/5412
f 3956/3039/514 3980/3034/514 4160/2654/514
f 3993/3040/5414 4055/3041/5416 4176/2780/5176
f 4028/3042/5415 4175/2745/5142 4169/2791/5186
f 3935/3043/5265 3993/3040/5414 4174/2790/5184
f 4055/3041/5416 3990/3044/5462 4173/2778/5174
f 4170/2763/5141 4171/2759/5154 3979/3045/5417
f 4171/2759/5154 4168/2757/5153 3936/3047/5419
f 4240/3048/5420 3989/3071/5454 4224/2795/5421
f 1807/3050/453 1826/2747/2301 4175/2745/5142
f 4167/2717/5110 4170/2744/5141 3980/3051/5418
f 3947/2641/5424 3937/2642/5108 4167/2717/5110
f 3936/3053/514 3982/3033/514 4162/2915/514
f 4216/2689/5081 4215/2798/5193 3960/2692/5084
f 3925/2702/5090 4212/2812/5206 4213/2805/5199
f 4217/2797/5192 4218/3055/5426 4013/3054/5151
f 4220/2691/5425 3912/2712/5102 3364/2713/5104
f 4178/2714/5105 4180/2888/5237 4218/3055/5426
f 4014/2851/5427 4012/2730/5449 4211/3056/5428
f 4203/2954/5332 4206/3028/5431 4194/2961/5383
f 4053/2854/5345 4198/2852/5246 4206/3028/5431
f 4188/3006/5403 4194/2961/5383 4206/3028/5431
f 4193/3027/5404 4188/3006/5403 4204/3023/5409
f 4016/3058/5340 4044/2907/6570 4154/2905/5293
f 4591/3059/5432 4193/3027/5404 4205/2936/5406
f 4196/2816/5278 4201/2677/6569 4202/2902/5290
f 4196/2816/5212 4047/2644/5039 4045/2676/5072
f 4013/3054/5151 4211/3056/5428 4210/3060/5207
f 2159/3061/2620 1812/2801/2622 4032/2799/5433
f 4003/2865/5435 4018/2863/5448 4212/2812/5206
f 4019/2733/5436 3995/2824/5437 4209/2786/5182
f 3995/2824/5437 3999/2825/5446 4208/2788/5262
f 4177/2833/5228 4179/2716/5191 4215/2798/5193
f 4215/2798/5193 4217/2797/5192 3959/2756/5150
f 4220/2691/5082 4216/2689/5081 3913/2681/5073
f 4222/2850/5245 4218/3055/5426 4180/2888/5237
f 4211/3056/5428 4013/3054/5151 4218/3055/5426
f 4007/2673/5438 4232/3066/5447 4558/2882/5271
f 4238/3062/5439 4005/2832/5442 3997/2810/5440
f 4236/3063/5441 4001/2869/5443 4005/2832/5442
f 4234/3064/5434 4032/2799/5433 4001/2869/5443
f 4083/2675/5070 4045/2676/5072 3934/3065/5444
f 4035/2820/5233 4214/2838/5232 4208/2788/5262
f 4008/2904/5445 3934/3065/5444 4232/3066/5447
f 4121/3004/5407 4132/3022/5402 4062/3026/5408
f 4018/2863/5448 4019/2733/5436 4213/2805/5199
f 4012/2730/5449 4003/2865/5435 4210/3060/5207
f 4039/1333/4121 4181/2690/5249 3851/2856/5251
f 4476/3069/5452 3987/3070/5164 3909/2765/5163
f 4260/3072/5453 4259/3105/5495 3989/3071/5454
f 4251/3073/5455 4247/3074/5945 4185/2794/5456
f 4184/2726/5458 4224/2795/5187 3989/3071/5459
f 4249/3076/5461 4186/3531/5494 4182/2781/5177
f 3990/3044/5462 3982/3077/5490 4172/2777/5172
f 4252/3079/5465 4156/2678/5451 4162/2915/5464
f 4235/3081/5467 4023/3092/5477 2148/2657/2656
f 4243/2727/5468 4251/3073/5455 4183/3083/5457
f 4246/3087/5472 4482/3089/6571 4538/3088/5473
f 4255/3090/5475 4226/3091/5496 4227/2775/5476
f 4237/2842/5236 3938/2840/5235 4023/3092/5477
f 4158/2766/5482 4165/3031/5520 4231/3097/5483
f 4253/3098/5485 4257/3100/5493 4228/3099/5486
f 4164/2768/5480 4254/3095/5479 4258/3101/5488
f 3934/3065/5444 3933/2920/5310 4242/2921/5312
f 4255/3096/5481 4164/2768/5480 4158/2766/5482
f 3982/3077/5490 3936/3047/5419 4168/2757/5153
f 3981/3102/5491 4172/2777/5172 4168/2757/5153
f 4241/3049/5422 4224/2795/5421 4228/3099/5486
f 4249/3076/5461 4253/3098/5485 3955/3103/5487
f 4258/3104/5171 4229/2774/5170 4259/3105/5495
f 4230/2917/5307 4225/3106/5309 4226/3091/5496
f 4256/3078/5497 4257/3108/5517 4253/3107/5498
f 4252/3079/5499 4253/3107/5498 4249/3109/5500
f 4246/3087/5502 4247/3111/5972 4251/3110/5503
f 4251/3110/5503 4243/3119/6572 4242/2921/5505
f 4248/3112/5501 4249/3109/5500 4245/3113/5506
f 4234/3064/5508 4235/3115/5515 2160/3114/2700
f 4238/3062/5510 4239/3117/5514 4237/3116/5511
f 4556/2881/5513 4555/2910/5299 4239/3117/5514
f 4236/3063/5512 4237/3116/5511 4235/3115/5515
f 4242/2921/5505 4243/3119/6572 4233/3118/5518
f 4232/3066/5519 4233/3118/5518 4557/2911/5301
f 4165/3031/5520 1825/3035/6379 2154/3120/2711
f 4231/2918/5521 2154/3121/2712 2147/2658/2712
f 4166/2793/5489 4258/3101/5488 4260/3094/5478
f 4244/3124/5525 4478/3126/5526 4539/3125/5526
f 4490/3128/5527 4493/3525/6573 4523/3127/5528
f 4270/3130/5530 3953/2705/5096 3976/2685/5077
f 4552/3131/5532 3986/2769/5165 3988/2742/5162
f 3938/2840/5539 4225/3106/5959 4031/2656/5050
f 4286/1343/5543 4288/3143/5545 4281/3142/5544
f 4288/3143/5545 4289/3145/5548 4280/3144/5546
f 4287/2545/5547 4278/2543/4980 4280/3146/5546
f 4282/2544/4981 4284/3149/5551 4277/3148/5549
f 4285/3150/5550 4276/4107/5553 4277/3148/5549
f 4283/1346/5552 4274/1344/4128 4276/3151/5553
f 4274/3832/514 4279/2550/514 4281/3155/514
f 4281/3155/514 4280/4110/514 4278/3154/514
f 4278/3154/514 4275/4109/514 4277/3153/514
f 4277/3153/514 4276/4108/514 4274/3832/514
f 4274/3832/514 4281/3155/514 4278/3154/514
f 3114/3156/5554 3129/4010/4075 3125/1277/5555
f 3143/527/3457 3077/3158/5568 3078/1126/5557
f 3198/3160/3917 3101/4111/3917 3055/3159/3918
f 3019/3161/4015 2737/3162/6476 3096/1203/4009
f 4290/3164/1214 4365/4112/1214 3208/2542/2100
f 4292/3166/5560 4291/3165/1214 3208/2542/2100
f 3208/2542/2100 4294/1475/1214 4293/1476/1214
f 3208/2542/2100 2218/2541/2098 1719/3167/1214
f 2774/675/5561 4300/964/4709 4299/2184/4711
f 3203/635/3858 3205/1004/6462 4302/1487/4182
f 4301/1486/4181 4305/1484/4181 3204/3168/5563
f 4294/3169/5564 4302/1450/6574 4297/3170/5565
f 2887/3171/5567 4303/1386/4149 4295/1387/4150
f 3077/3158/5568 4306/1309/3597 4296/1237/4102
f 3034/3172/5569 4303/1241/4048 4304/948/4049
f 3078/1126/5570 4296/1237/4041 4295/3173/4042
f 4300/964/3817 4298/947/3808 2710/775/3675
f 2889/787/5571 4304/948/3809 4298/947/3808
f 4305/690/3598 4306/688/3597 3077/3174/5568
f 4311/2556/4987 4309/2609/5022 4377/3177/5023
f 3201/912/5576 4311/3179/4987 4310/3178/5575
f 4308/2611/5578 4312/1471/4179 4368/3180/336
f 1713/3181/2759 2758/1156/4986 2757/1470/4178
f 4312/1471/4179 4308/2611/5578 2243/3183/2761
f 4308/2611/5578 4309/2609/5022 2244/3184/2762
f 4309/2609/5022 4311/2556/4987 2245/3185/2763
f 4359/3187/5579 4360/3839/5627 4363/3186/5580
f 4346/3190/5582 4310/3854/5575 4377/3189/5023
f 4363/3193/5584 4317/3266/6575 2800/3192/5585
f 4368/3196/5587 4313/4113/6576 4367/3195/5588
f 4341/3199/5590 4319/3236/5590 4323/3198/5591
f 4362/3202/5593 4350/3284/5711 4356/3201/5594
f 4336/3204/5596 4345/3206/6577 4324/3205/5597
f 3010/3208/5599 2798/4114/6578 4371/3207/5600
f 4349/3211/5602 4348/3312/6579 4370/3210/5603
f 4324/3205/5605 3011/3214/5690 4314/3213/5606
f 4326/3215/5608 4328/3217/6580 4327/3216/5609
f 4320/3218/5611 4348/3220/6581 4338/3219/5612
f 4364/3222/5614 4376/4115/6582 4337/3221/5615
f 4321/3224/5617 2809/3225/5654 4320/3218/5618
f 4371/3207/5600 2798/4114/6578 2799/3226/5620
f 4317/3229/5622 4328/4116/6580 4326/3228/5608
f 3015/3231/5610 4327/3233/5609 4333/3232/5624
f 4359/3187/5579 3004/3235/6583 4353/3234/5626
f 4340/3237/5628 4329/3849/5590 4319/3236/5590
f 4334/3238/5629 4343/3239/5630 4327/3216/5630
f 4336/3204/5596 4325/3243/5598 4322/3240/5632
f 4337/3242/5613 4346/3241/5632 4322/3240/5632
f 4325/3243/5607 4314/3213/5606 4321/3224/5617
f 4316/3248/5638 4339/3250/6584 4347/3249/5639
f 4353/3252/5641 3004/4117/6585 2801/3251/5642
f 4347/3249/5639 4331/3255/5660 4332/3254/5644
f 4355/3259/5648 4354/4118/6586 4290/3258/5649
f 4344/3261/5651 4334/3238/5629 4328/3217/5631
f 4348/3220/5653 4320/3218/5618 2809/3225/5654
f 4333/3264/5655 4342/4119/5655 4354/3263/5656
f 4335/3267/5658 4344/4120/5651 4317/3266/5652
f 4331/3255/5660 4330/3200/5592 4323/3198/5591
f 4343/3239/5646 4334/3238/5702 3194/3268/5661
f 4360/3269/5662 4355/3271/5677 4335/3270/5658
f 4292/3273/5663 4364/4121/6587 4338/3272/5664
f 4339/3275/5634 2740/3277/5633 4297/3276/5666
f 4357/3278/5668 4369/3280/5681 4291/3279/5669
f 4324/3205/5597 4345/3206/6577 4352/3281/5671
f 4292/3283/5673 4356/3201/6588 4350/3284/5674
f 4313/3285/5676 4335/4122/6589 4355/3259/5648
f 4360/3269/5662 4353/4123/5657 4354/3286/5656
f 4361/3287/5678 4351/3289/5672 4352/3288/5671
f 4357/3278/5668 4352/3291/6590 4368/3290/5680
f 4359/3292/5682 4318/3188/6591 4351/3293/5683
f 4315/3294/5685 4370/1521/5712 4373/3295/5686
f 4374/3209/5601 4373/3304/5686 3001/3296/5688
f 4331/3255/5689 4293/3297/6592 2740/3247/5633
f 3011/3214/5690 4324/3205/5605 4351/3282/5691
f 4349/3299/5693 4358/4124/6593 3004/3298/5694
f 4359/3292/5682 4361/3846/5684 4362/3301/5696
f 4340/3237/5628 4339/3250/6584 4316/3248/5638
f 4375/3303/5698 4372/3227/5621 2799/3226/5620
f 4329/3305/5700 4316/4125/5687 4373/3304/5686
f 4366/3306/5701 3194/3268/5661 4334/3238/5702
f 4332/3307/5704 4323/3308/5716 4372/3227/5621
f 4291/3309/5705 4369/3197/5589 4367/3195/5588
f 4354/3263/5707 4342/4119/6594 4365/3310/5708
f 4356/3313/5594 4338/4126/6595 4348/3312/5710
f 4361/3287/5678 4357/3315/5679 4350/3314/5711
f 4297/3317/5666 4293/3319/6596 4331/3318/5714
f 4319/3320/5715 4371/3207/5600 4372/3227/5621
f 4374/3209/5601 4371/3207/5600 4319/3320/5715
f 4375/3303/5718 4358/3850/5718 4370/3316/5712
f 4370/3316/5712 4315/3321/5685 4332/3307/5717
f 4342/3256/5655 4333/4127/5655 4327/3216/5630
f 4366/3323/5719 4344/4128/6597 4335/3322/5720
f 4346/3190/5582 4337/3326/6598 4376/3325/5577
f 4307/3327/5722 4345/3328/5723 4336/3191/5583
f 4345/3328/5723 4307/3327/5722 4368/3329/5724
f 2881/2395/3375 2682/426/3374 2893/796/5726
f 4398/3332/5727 4390/3855/5744 4385/3331/4280
f 3779/2370/4829 3748/425/6599 3763/2394/5728
f 4395/3334/5729 4400/2416/5745 4389/3333/5730
f 4397/716/5731 4398/3341/5727 4386/3335/4279
f 4382/3336/5732 3768/2406/6600 3745/2361/5733
f 4391/2366/4822 4395/3334/5729 4383/2362/4817
f 4399/2347/5735 2901/2348/6555 2902/715/4962
f 2899/1338/4850 3757/2344/4803 4381/3337/5737
f 4387/1337/4125 4399/2347/5735 4392/3338/5736
f 4378/629/5738 2821/630/6550 2822/1336/4929
f 3757/2344/5740 3768/2405/4874 4382/3339/5741
f 2882/1187/4831 3758/644/4832 4394/645/4866
f 4398/3332/5727 3137/2488/4942 2708/2489/5743
f 3742/2354/4811 3743/2352/4810 4400/2416/5745
f 3780/2368/4921 3742/2354/4811 4395/3334/5729
f 4401/3340/5746 4382/3336/5732 4389/3333/5734
f 4387/1337/5737 4381/3337/5737 4393/2398/4807
f 2784/717/4966 3137/2514/4942 4398/3341/5727
f 4378/629/5738 4380/3741/5739 4392/3338/3616
f 4381/3337/5742 4382/3339/5741 4401/3342/4863
f 3746/2427/5747 3780/2368/4921 4391/2366/4822
f 4384/2522/5748 4403/3343/5752 4402/2381/4841
f 4403/3344/5749 4388/2399/5751 4394/645/5750
f 3764/3345/4857 2881/2395/4856 4388/2399/5751
f 3754/2387/4894 3764/2420/4893 4403/3343/5752
f 4292/3347/5754 4293/3349/6601 4297/3348/5755
f 3592/2158/5757 3598/4129/6602 3597/3350/5758
f 2727/526/5830 3374/3422/3834 3400/2893/5280
f 3697/3859/451 3651/4130/451 3672/3425/451
f 3672/3425/451 3652/4147/451 3682/4146/451
f 3682/4146/451 3653/4145/3563 3690/4144/451
f 3690/4144/451 3655/4143/451 3707/3857/451
f 3707/3857/451 3658/4142/1845 3685/3424/451
f 3685/3424/451 3659/4141/451 3691/4140/451
f 3691/4140/451 3660/4139/1845 3698/4138/451
f 3698/4138/451 3661/4137/451 3677/3858/451
f 3677/3858/451 3647/4136/451 3676/3423/451
f 3676/3423/451 3648/4135/451 3681/4134/451
f 3681/4134/451 3649/4133/1848 3689/4132/451
f 3689/4132/451 3650/4131/451 3697/3859/451
f 3697/3859/451 3672/3425/451 3682/4146/451
f 3682/4146/451 3690/4144/451 3707/3857/451
f 3707/3857/451 3685/3424/451 3691/4140/451
f 3691/4140/451 3698/4138/451 3677/3858/451
f 3677/3858/451 3676/3423/451 3681/4134/451
f 3681/4134/451 3689/4132/451 3697/3859/451
f 3697/3859/451 3682/4146/451 3707/3857/451
f 3707/3857/451 3691/4140/451 3677/3858/451
f 3677/3858/451 3681/4134/451 3697/3859/451
f 4483/3426/5831 4482/3089/6571 4246/3087/5472
f 4476/3069/5452 4244/3124/5525 4479/3429/5526
f 4250/2919/5311 4223/2710/5101 4475/3080/5466
f 4475/3080/5466 3953/2705/5096 4484/3427/5832
f 4244/3124/5525 4476/3069/5452 4477/3068/5450
f 4477/3068/5450 4156/2678/5451 4252/3079/5465
f 3987/3070/5164 4476/3069/5452 4487/3430/5834
f 4480/3435/5837 4479/3526/6603 4492/3434/5838
f 4538/3438/5840 4482/3444/6604 4494/3437/5841
f 4543/3440/5843 4539/3442/5936 4478/3441/5844
f 4494/3437/5841 4482/3444/6604 4483/3443/5846
f 4495/3445/5847 4483/3443/5846 4484/3446/5848
f 4497/3447/5850 4485/3449/5855 4270/3448/5851
f 4487/3450/5853 4480/3435/5837 4491/3436/5839
f 4496/3452/5849 4484/3446/5848 4485/3449/5855
f 4488/3453/5856 4487/3450/5853 4499/3451/5854
f 4489/3455/5858 4488/3453/5856 4500/3454/5857
f 3988/2742/5162 3987/3070/5164 4489/3433/5836
f 4512/3458/5861 4489/3455/5858 4501/3456/5859
f 3017/3460/6605 3018/3461/4014 2746/3862/5863
f 2746/3862/5863 2726/525/3456 2727/526/3455
f 4474/2891/5864 3017/3460/6605 2746/3862/5863
f 4517/3463/5865 4501/3470/5872 4271/3462/5866
f 4498/3465/5852 4270/3448/5851 4508/3466/5868
f 4501/3470/5872 4500/3472/6606 4272/3469/5873
f 4272/3469/5873 4500/3472/6606 4499/3471/5874
f 4496/3474/5876 4497/3479/5881 4269/3473/5877
f 4264/3476/5875 4499/3471/5874 4491/3477/5879
f 4497/3479/5881 4498/3509/5911 4486/3478/5882
f 4495/3480/5883 4496/3474/5876 4268/3475/5878
f 4494/3482/5885 4495/3480/5883 4267/3481/5884
f 4543/3484/5887 4490/3128/5527 4520/3129/5529
f 4544/3486/5889 4494/3482/5885 4265/3483/5886
f 4263/3488/5535 4520/3129/6607 4523/3127/5891
f 4262/3489/5880 4491/3477/5879 4492/3490/5893
f 4516/3495/5897 4510/3496/5898 4509/2737/5133
f 4514/3497/5869 4508/3466/5868 4510/3496/5898
f 4518/3498/5899 4519/3500/5902 4533/3499/5900
f 4519/3500/5902 4517/3463/5865 4534/3464/5867
f 4535/3502/5903 4516/3504/5907 4515/3501/5904
f 4537/3505/5906 4514/4148/6608 4516/3504/5907
f 4511/3506/5908 4513/3508/5910 4519/3507/5909
f 4513/3508/5910 4512/3458/5861 4517/3459/5862
f 4498/3509/5911 4514/4148/6608 4537/3505/5906
f 4502/3510/5912 4536/3503/5931 4532/3511/5913
f 4262/3489/5834 4266/3522/5834 4521/3133/5534
f 4545/3513/5915 4541/3487/5935 4265/3483/5916
f 4542/3485/5526 4520/3129/6607 4263/3514/5535
f 4524/3516/5870 4265/3483/5916 4267/3481/5917
f 4525/3468/5871 4267/3481/5917 4268/3475/5918
f 4527/3122/5920 4269/3473/6609 4486/3478/5921
f 4264/3476/5923 4262/3489/5834 4522/3512/5534
f 4268/3475/5918 4269/3473/6609 4527/3122/5920
f 4530/3137/5924 4272/3469/6610 4264/3476/5923
f 4271/3462/5925 4272/3469/6610 4530/3137/5924
f 4532/3511/5913 4533/3499/6611 4507/3518/5927
f 4507/3518/5927 4533/3499/6611 4534/3464/5928
f 4504/3141/5930 4535/3502/5933 4536/3503/5931
f 4503/3140/5932 4537/3505/5934 4535/3502/5933
f 4528/3519/5922 4486/3478/5921 4537/3505/5934
f 4534/3464/5928 4271/3462/5925 4531/3517/5926
f 4266/3522/5834 4542/3485/5526 4546/3515/5526
f 4261/3524/5892 4523/3127/5891 4541/3487/5935
f 4523/3127/5528 4493/3525/6573 4544/3486/5889
f 4492/3490/5893 4543/3484/5887 4542/3485/5888
f 4492/3434/5838 4479/3526/6603 4539/3442/5936
f 4481/3527/5937 4538/3438/5840 4544/3439/5842
f 4245/3113/5506 4490/4149/5845 4478/3126/5844
f 4515/3501/5904 4518/3498/5899 4532/3511/5901
f 3949/2667/5944 3985/2740/5167 3984/2770/5166
f 4552/3131/5532 3975/2670/5065 3932/2671/5060
f 4493/3530/5946 4490/2783/5178 4182/2781/5177
f 4186/3531/5949 3955/3103/6612 4228/3099/5948
f 3964/2706/5097 4051/2796/5190 4050/1792/4376
f 4037/1793/4377 4040/2715/5106 4179/2716/5191
f 3393/1833/4420 3392/1835/4989 3399/1802/5956
f 4225/3106/5959 3938/2840/5539 3992/3538/5960
f 4559/3539/5962 4554/3541/5965 4555/3540/5963
f 4239/2841/5234 4555/3540/5963 4554/3541/5965
f 4226/3091/5961 3992/3538/5960 4554/3541/5967
f 4227/2775/5968 4554/3541/5967 4559/3539/5969
f 4229/2774/5970 4559/3539/5969 3991/3075/5460
f 3991/3075/5460 3989/3071/5459 4259/3105/5971
f 4557/3542/5964 4233/2725/5121 3991/3075/5123
f 4247/3111/5972 4246/3087/5502 4481/3543/5937
f 4139/2829/5224 4002/2947/5336 4033/3545/5973
f 3365/1054/4373 4563/1055/4394 4219/1806/4395
f 3325/1763/4345 3348/1764/4347 4562/1804/5974
f 3348/3546/4354 3354/1705/6516 4561/1703/5975
f 4563/1055/3874 4560/1053/3873 3351/1754/5976
f 4568/1824/4414 4564/1822/4413 4569/1813/4408
f 4566/1821/4269 4567/1819/4412 4573/3547/5977
f 4565/3549/4268 4564/1822/4413 3386/3548/4266
f 4566/1821/4269 4565/3549/4268 3387/3550/4268
f 3326/1826/5978 4567/1819/4412 3310/3551/4245
f 4571/1825/4416 4569/1813/4408 3335/1779/5980
f 3365/1054/3872 3337/1726/4311 4573/3547/5977
f 1161/3552/1294 3391/1823/4244 4568/1824/4414
f 4572/1755/4268 4569/1813/4408 4564/1822/4413
f 4570/1727/4269 4572/1755/4268 4565/3549/4268
f 3326/1826/5978 3325/1763/5981 4573/3547/5977
f 3163/3554/5982 3162/4150/5982 3165/3553/5982
f 4578/2991/5983 4574/2996/5377 4581/2997/5376
f 1815/3556/3169 4066/3560/5988 4577/2993/5984
f 4072/3558/5985 4073/3559/5987 4578/2991/5983
f 4066/3560/5988 4072/3558/5985 4579/2988/5986
f 4065/2970/5354 4576/3562/5369 4580/3561/5371
f 4068/2980/5364 4070/3564/5373 4581/3563/5376
f 4067/2858/5252 4580/3561/5371 4070/3564/5373
f 2520/3001/2565 1814/3565/2558 4576/3562/5369
f 4581/3563/5376 4582/3579/5951 4074/3566/5989
f 4063/2967/5990 4584/3568/5995 4583/3567/5991
f 4586/2978/5992 4071/3570/6003 4064/3569/5993
f 4585/2965/5994 4064/3569/5993 4584/3568/5995
f 4588/3571/5996 4587/3574/6613 4075/3537/5997
f 4077/2976/5999 4589/3572/6614 4588/3571/5996
f 4075/3537/5997 4587/3574/6613 4590/3573/6000
f 4069/2969/5353 4583/3567/5991 1816/3575/3190
f 4592/2972/5357 4062/3577/6006 4591/3576/6002
f 4078/3536/6001 4590/3573/6000 4071/3570/6003
f 4591/3576/6002 4593/3578/6005 4207/3057/6004
f 4593/3578/6005 4589/3572/6614 4077/2976/5999
f 4074/3566/5989 4582/3579/5951 4062/3577/6006
f 4606/3580/6615 4605/3602/6616 4667/3686/6617
f 4676/3582/6007 4602/3617/6618 4604/3614/6619
f 4606/3580/6615 4667/3686/6617 4676/3582/6007
f 4595/3588/6009 4607/3587/6009 4606/3580/6615
f 4603/3581/6008 4598/3599/6031 4595/3588/6009
f 4676/3582/6007 4604/3614/6619 4603/3581/6008
f 4595/3588/6009 4606/3580/6615 4676/3582/6007
f 4599/3583/993 2533/1685/336 2532/1657/336
f 4613/3585/3201 4594/3584/3201 2532/1657/3201
f 4607/3587/6011 4640/3618/6011 4644/3586/6012
f 4595/3588/6014 4597/3590/3201 4617/3589/3201
f 4659/3591/6016 4662/3593/6021 4620/3592/6017
f 4660/3594/6018 4661/3596/6101 4609/3595/6019
f 4662/3593/6021 4660/3594/6018 4616/3597/6020
f 4598/3599/6022 4627/3604/6620 4632/3598/3213
f 4606/3580/6013 4644/3586/6012 4636/3601/6023
f 4656/3603/6025 4627/3604/6620 4598/3599/6022
f 4596/3605/6027 4601/3608/6029 4599/3583/993
f 4596/3605/6027 4597/3590/6030 4600/3600/6028
f 4597/3590/6030 4595/3588/6009 4598/3599/6031
f 4594/3584/3201 4613/3585/3201 4685/3606/3201
f 4599/3583/3213 4601/3608/3213 4688/3607/3213
f 4622/3612/3213 2553/1685/3213 2533/1685/3213
f 4603/3581/6034 4604/3614/6034 4652/3613/6034
f 4648/3615/6035 4602/3617/6621 4676/3582/6036
f 4604/3614/6037 4602/3617/6621 4648/3615/6035
f 4595/3588/6014 4608/3624/6015 4640/3618/6038
f 4601/3619/3213 4600/3600/3213 4632/3598/3213
f 4611/3620/6040 4618/3621/6044 4616/3597/6041
f 4610/3622/6043 4619/3623/6622 4618/3621/6044
f 4608/3624/6045 4617/3589/6623 4619/3623/6046
f 4620/3592/6047 4621/3626/6050 4614/3625/6048
f 4621/3626/6050 4684/3628/6122 4615/3627/6051
f 4684/3628/6052 4685/3606/6121 4613/3585/6053
f 4625/3630/6054 4686/3632/6058 4630/3629/6055
f 4624/3633/6057 4687/3634/6062 4686/3632/6058
f 4622/3612/6059 4688/3607/6064 4687/3634/6060
f 4686/3636/6058 4633/3637/6063 4631/3635/6061
f 4687/3634/6062 4634/3638/6624 4633/3637/6063
f 4688/3607/6064 4632/3598/6625 4634/3638/6065
f 4631/3635/6061 4633/3637/6063 4628/3639/6066
f 4633/3637/6063 4634/3638/6624 4629/3640/6068
f 4634/3638/6065 4632/3598/6625 4627/3604/6069
f 4612/3641/6049 4614/3625/6048 2551/3642/3265
f 4614/3625/6048 4615/3627/6051 2550/1657/3266
f 4615/3627/6053 4613/3585/6053 2548/1657/3268
f 4624/3633/6059 2555/1685/3269 2553/1685/3269
f 4625/3630/6054 2554/3643/3271 2555/1685/3270
f 4623/3631/6056 2552/4151/6424 2554/3643/3271
f 4655/3609/6071 4657/3645/6074 4653/3644/6072
f 4657/3645/6074 4658/3647/6077 4654/3646/6075
f 4656/3603/6076 4652/3613/6626 4654/3646/6075
f 4651/3611/6073 4653/3644/6072 4649/3648/6078
f 4653/3644/6072 4654/3646/6075 4650/3649/6080
f 4654/3646/6075 4652/3613/6626 4648/3615/6081
f 4637/3651/6082 4645/3653/6086 4643/3650/6083
f 4638/3654/6085 4646/3655/6088 4645/3653/6086
f 4636/3601/6087 4644/3586/6627 4646/3655/6088
f 4645/3653/6086 4641/3657/6090 4639/3656/6089
f 4646/3655/6088 4642/3658/6092 4641/3657/6090
f 4646/3655/6088 4644/3586/6627 4640/3618/6091
f 4608/3624/6045 4610/3622/6043 4642/3658/6092
f 4610/3622/6043 4611/3620/6040 4641/3657/6090
f 4611/3620/6040 4609/3595/6042 4639/3656/6089
f 4677/3616/6094 4680/3659/6095 4650/3649/6080
f 4680/3659/6095 4681/3660/6096 4649/3648/6078
f 4681/3660/6096 4682/3662/6120 4647/3661/6079
f 4658/3647/6077 4629/3640/6068 4627/3604/6069
f 4657/3645/6074 4628/3639/6066 4629/3640/6068
f 4655/3609/6071 4626/3672/6067 4628/3639/6066
f 2615/3663/514 2552/4151/514 4623/3631/6098
f 4612/3641/6016 2549/3666/514 2608/3665/514
f 4675/3667/6099 4672/3668/6100 4660/3594/6018
f 4672/3668/6100 4674/3669/6113 4661/3596/6101
f 4673/3670/6102 4675/3667/6099 4662/3593/6021
f 4630/3629/6103 4665/3673/6107 4663/3664/6098
f 4626/3672/6104 4664/3610/6033 4666/3671/6105
f 4631/3635/6106 4666/3671/6105 4665/3673/6107
f 2634/3674/514 2615/3663/514 4663/3664/6098
f 4664/3610/6033 4647/3661/6112 4682/3662/6109
f 4674/3669/6113 4671/3688/6119 4635/3652/6111
f 4659/3591/6016 2608/3665/514 2622/3677/514
f 4689/3678/6114 4675/3667/6099 4673/3670/6102
f 4679/3676/6110 4674/3669/6113 4672/3668/6100
f 4683/3681/6115 4672/4152/6100 4675/3680/6099
f 4635/3652/6084 4671/3688/6628 4670/3683/6116
f 4637/3651/6082 4670/3683/6116 4669/3684/6117
f 4638/3654/6085 4669/3684/6117 4668/3685/6118
f 4636/3601/6023 4668/3685/6036 4667/3686/6036
f 4666/3671/6105 4683/3679/6115 4689/3687/6114
f 4664/3610/6033 4679/3676/6110 4683/3679/6115
f 4665/3673/6107 4689/3678/6114 4678/3675/6108
f 4679/3676/6110 4682/3662/6109 4671/3688/6119
f 2622/3677/514 2634/3674/514 4678/3675/6108
f 4670/3683/6116 4671/3688/6628 4682/3662/6120
f 4669/3684/6117 4670/3683/6116 4681/3660/6096
f 4668/3685/6118 4669/3684/6117 4680/3659/6095
f 4668/3685/6036 4677/3616/6036 4676/3582/6036
f 4619/3623/6046 4617/3589/6623 4685/3606/6121
f 4618/3621/6044 4619/3623/6622 4684/3628/6122
f 4616/3597/6041 4618/3621/6044 4621/3626/6050
f 4596/3605/3201 4685/3606/3201 4617/3589/3201
f 4691/3864/6123 4698/3884/6147 4714/3865/6124
f 4699/3867/6126 4703/3868/6156 4719/3868/6127
f 4695/3869/6129 4711/3869/6161 4718/3870/6130
f 4723/3872/6132 4722/3875/6135 4692/3873/6133
f 4722/3875/6135 4724/3877/6137 4693/3876/6136
f 4691/3864/6123 4693/3876/6136 4724/3877/6137
f 4696/3879/6139 4727/3883/6144 4726/3880/6140
f 4728/3869/6142 4729/3913/6178 4697/3882/6143
f 4697/3882/6143 4729/3913/6178 4727/3883/6144
f 4731/3884/6145 4730/3886/6148 4700/3885/6146
f 4730/3886/6148 4732/3888/6150 4701/3887/6149
f 4699/3867/6126 4701/3887/6149 4732/3888/6150
f 4702/3871/6131 4704/3894/6158 4735/3890/6152
f 4736/3891/6154 4737/3893/6157 4705/3892/6155
f 4737/3893/6157 4735/3890/6152 4704/3894/6158
f 4690/3874/6134 4694/3881/6141 4726/3880/6140
f 4698/3884/6147 4691/3864/6123 4725/3878/6138
f 4734/3871/6153 4728/3869/6142 4695/3869/6129
f 4733/3889/6151 4736/3891/6154 4703/3868/6156
f 4738/3895/6159 4723/3872/6132 4726/3880/6140
f 4697/3882/6143 4713/3897/6162 4711/3869/6161
f 4696/3879/6139 4712/3898/6163 4713/3897/6162
f 4694/3881/6141 4710/3906/6171 4712/3898/6163
f 4720/3899/6164 4704/3894/6158 4702/3871/6131
f 4720/3899/6164 4721/3900/6165 4705/3892/6155
f 4721/3900/6165 4719/3868/6127 4703/3868/6156
f 4692/3873/6133 4708/3902/6167 4706/3901/6166
f 4693/3876/6136 4709/3903/6168 4708/3902/6167
f 4693/3876/6136 4691/3864/6123 4707/3866/6125
f 4715/3867/6128 4717/3904/6169 4701/3887/6149
f 4717/3904/6169 4716/3905/6170 4700/3885/6146
f 4716/3905/6170 4714/3865/6124 4698/3884/6147
f 4690/3874/6134 4706/3901/6166 4710/3906/6171
f 4742/3909/6174 4739/3969/6234 4754/3939/6204
f 4754/3939/6204 4759/3946/6211 4766/3940/6205
f 4766/3940/6205 4763/3942/6207 4786/3962/6227
f 4786/3962/6227 4791/3968/6233 4798/3907/6172
f 4798/3907/6172 4795/3963/6228 4778/3957/6222
f 4778/3957/6222 4782/3954/6219 4774/3908/6173
f 4774/3908/6173 4771/3951/6216 4746/3934/6199
f 4746/3934/6199 4750/3931/6196 4742/3909/6174
f 4742/3909/6174 4754/3939/6204 4766/3940/6205
f 4766/3940/6205 4786/3962/6227 4798/3907/6172
f 4798/3907/6172 4778/3957/6222 4774/3908/6173
f 4774/3908/6173 4746/3934/6199 4742/3909/6174
f 4742/3909/6174 4766/3940/6205 4798/3907/6172
f 4751/3910/6175 4747/3911/6176 4725/3878/6138
f 4747/3911/6176 4770/3923/6188 4731/3884/6145
f 4758/3912/6177 4727/3883/6144 4729/3913/6178
f 4762/3915/6180 4728/3869/6142 4734/3871/6153
f 4767/3914/6179 4729/3913/6178 4728/3869/6142
f 4775/3917/6182 4783/3918/6183 4732/3888/6150
f 4783/3918/6183 4779/3919/6184 4733/3889/6151
f 4779/3919/6184 4794/3921/6186 4736/3891/6154
f 4799/3920/6185 4790/3924/6189 4735/3890/6152
f 4794/3921/6186 4799/3920/6185 4737/3893/6157
f 4751/3910/6175 4724/3877/6137 4722/3875/6135
f 4755/3896/6160 4726/3880/6140 4727/3883/6144
f 4770/3923/6188 4775/3917/6182 4730/3886/6148
f 4787/3916/6181 4734/3871/6153 4735/3890/6152
f 4738/3895/6159 4740/3926/6191 4745/3925/6190
f 4740/3926/6191 4741/3928/6193 4744/3927/6192
f 4741/3928/6193 4739/3969/6234 4742/3909/6174
f 4743/3922/6187 4745/3925/6190 4753/3929/6194
f 4745/3925/6190 4744/3927/6192 4752/3930/6195
f 4744/3927/6192 4742/3909/6174 4750/3931/6196
f 4747/3911/6176 4751/3910/6175 4753/3929/6194
f 4749/3932/6197 4753/3929/6194 4752/3930/6195
f 4748/3933/6198 4752/3930/6195 4750/3931/6196
f 4758/3912/6177 4760/3936/6201 4757/3935/6200
f 4760/3936/6201 4761/3938/6203 4756/3937/6202
f 4761/3938/6203 4759/3946/6211 4754/3939/6204
f 4766/3940/6205 4768/3943/6208 4765/3941/6206
f 4768/3943/6208 4769/3945/6210 4764/3944/6209
f 4769/3945/6210 4767/3914/6179 4762/3915/6180
f 4767/3914/6179 4769/3945/6210 4760/3936/6201
f 4769/3945/6210 4768/3943/6208 4761/3938/6203
f 4768/3943/6208 4766/3940/6205 4759/3946/6211
f 4775/3917/6182 4770/3923/6188 4772/3947/6212
f 4777/3948/6213 4772/3947/6212 4773/3949/6214
f 4776/3950/6215 4773/3949/6214 4771/3951/6216
f 4783/3918/6183 4775/3917/6182 4777/3948/6213
f 4785/3952/6217 4777/3948/6213 4776/3950/6215
f 4784/3953/6218 4776/3950/6215 4774/3908/6173
f 4779/3919/6184 4783/3918/6183 4785/3952/6217
f 4781/3955/6220 4785/3952/6217 4784/3953/6218
f 4780/3956/6221 4784/3953/6218 4782/3954/6219
f 4790/3924/6189 4792/3959/6224 4789/3958/6223
f 4792/3959/6224 4793/3961/6226 4788/3960/6225
f 4793/3961/6226 4791/3968/6233 4786/3962/6227
f 4795/3963/6228 4798/3907/6172 4800/3964/6229
f 4797/3965/6230 4800/3964/6229 4801/3966/6231
f 4796/3967/6232 4801/3966/6231 4799/3920/6185
f 4790/3924/6189 4799/3920/6185 4801/3966/6231
f 4792/3959/6224 4801/3966/6231 4800/3964/6229
f 4793/3961/6226 4800/3964/6229 4798/3907/6172
f 4739/3969/6234 4741/3928/6193 4756/3937/6202
f 4741/3928/6193 4740/3926/6191 4757/3935/6200
f 4740/3926/6191 4738/3895/6159 4755/3896/6160
f 4746/3934/6199 4771/3951/6216 4773/3949/6214
f 4748/3933/6198 4773/3949/6214 4772/3947/6212
f 4749/3932/6197 4772/3947/6212 4770/3923/6188
f 4787/3916/6181 4789/3958/6223 4764/3944/6209
f 4789/3958/6223 4788/3960/6225 4765/3941/6206
f 4788/3960/6225 4786/3962/6227 4763/3942/6207
f 4794/3921/6186 4779/3919/6184 4781/3955/6220
f 4796/3967/6232 4781/3955/6220 4780/3956/6221
f 4797/3965/6230 4780/3956/6221 4778/3957/6222
f 4743/3922/6187 4722/3875/6135 4723/3872/6132
usemtl citybus_led.007
f 1981/2857/2413 1989/2858/2414 1980/2859/2415
f 2119/2889/2450 1980/2859/2415 2117/2890/2451
f 1980/2859/2415 1987/2970/2534 1982/2971/2535
f 2530/2972/2536 2508/2973/2537 1983/2974/2538
f 1983/2974/2538 1990/2980/2544 1981/2857/2413
f 2117/2890/2451 1982/2971/2535 2114/2983/2547
f 2109/2984/2548 1983/2974/2538 2111/2985/2549
f 2111/2985/2549 1981/2857/2413 2119/2889/2450
f 2114/2983/2547 2514/2986/2550 2513/2987/2551
f 2512/2988/2552 2509/2989/2553 2517/2990/2554
f 2511/2991/2555 2517/2990/2554 1992/2992/2556
f 2510/2993/2557 1814/2994/2558 2509/2989/2553
f 1982/2971/2535 2520/3001/2565 2514/2986/2550
f 2057/2977/2587 2119/2889/2450 2122/2979/2588
f 2121/2966/2615 2114/2983/2547 2023/2968/2532
f 2023/2968/2532 2513/2987/2551 2516/2981/2545
f 2129/3057/2616 2111/2985/2549 2057/2977/2587
f 2438/3084/2660 2472/3085/2661 2200/3086/2662
f 2459/3122/2713 2481/3123/2714 2472/3085/2661
f 2200/3086/2662 2481/3123/2714 2479/3132/2723
f 2453/3133/2717 2480/3134/2724 2478/3135/2717
f 2480/3134/2724 2461/3136/2725 2479/3132/2723
f 2479/3132/2723 2462/3137/2726 2200/3086/2662
f 2458/3138/2727 2482/3139/2728 2481/3123/2714
f 2435/3140/2731 2472/3085/2661 2436/3141/2732
f 2347/3352/2945 2362/3353/2946 2346/3354/2947
f 2339/3355/2948 2387/3356/2949 2340/3357/2950
f 2336/3358/2951 2379/3359/2952 2342/3360/2953
f 2340/3357/2950 2394/3361/2954 2338/3362/2955
f 2348/3363/2956 2351/3364/2957 2355/3365/2958
f 2346/3354/2947 2403/3366/2959 2336/3358/2951
f 2343/3367/2960 2367/3368/2961 2374/3369/2962
f 2344/3370/2963 2382/3371/2964 2371/3372/2965
f 2345/3373/2966 2371/3372/2965 2367/3368/2961
f 2343/3367/2960 2391/3374/2967 2339/3355/2948
f 2341/3375/2968 2355/3365/2958 2382/3371/2964
f 2338/3362/2955 2399/3376/2969 2337/3377/2970
f 2337/3377/2970 2359/3378/2971 2347/3352/2945
f 2358/3379/2972 2390/3380/2973 2383/3381/2974
f 2350/3382/2975 2380/3383/2976 2378/3384/2977
f 2352/3385/2978 2381/3386/2979 2380/3383/2976
f 2381/3386/2979 2351/3364/2957 2379/3359/2952
f 2398/3387/2980 2360/3388/2981 2400/3389/2982
f 2400/3389/2982 2361/3390/2983 2401/3391/2984
f 2361/3390/2983 2399/3376/2969 2401/3391/2984
f 2354/3392/2985 2352/3385/2978 2350/3382/2975
f 2356/3393/2986 2353/3394/2987 2352/3385/2978
f 2353/3394/2987 2355/3365/2958 2351/3364/2957
f 2383/3381/2974 2372/3395/2988 2385/3396/2989
f 2385/3396/2989 2373/3397/2990 2384/3398/2991
f 2384/3398/2991 2371/3372/2965 2382/3371/2964
f 2402/3399/2992 2380/3383/2976 2404/3400/2993
f 2404/3400/2993 2381/3386/2979 2405/3401/2994
f 2405/3401/2994 2379/3359/2952 2403/3366/2959
f 2398/3387/2980 2397/3402/2995 2395/3403/2996
f 2400/3389/2982 2396/3404/2997 2397/3402/2995
f 2401/3391/2984 2394/3361/2954 2396/3404/2997
f 2375/3405/2998 2392/3406/2999 2377/3407/3000
f 2377/3407/3000 2393/3408/3001 2376/3409/3002
f 2376/3409/3002 2391/3374/2967 2374/3369/2962
f 2386/3410/3003 2392/3406/2999 2390/3380/2973
f 2388/3411/3004 2393/3408/3001 2392/3406/2999
f 2389/3412/3005 2391/3374/2967 2393/3408/3001
f 2370/3413/3006 2368/3414/3007 2372/3395/2988
f 2372/3395/2988 2369/3415/3008 2373/3397/2990
f 2373/3397/2990 2367/3368/2961 2371/3372/2965
f 2366/3416/3009 2377/3407/3000 2368/3414/3007
f 2368/3414/3007 2376/3409/3002 2369/3415/3008
f 2369/3415/3008 2374/3369/2962 2367/3368/2961
f 2395/3403/2996 2388/3411/3004 2386/3410/3003
f 2397/3402/2995 2389/3412/3005 2388/3411/3004
f 2396/3404/2997 2387/3356/2949 2389/3412/3005
f 2383/3381/2974 2356/3393/2986 2354/3392/2985
f 2385/3396/2989 2357/3417/3010 2356/3393/2986
f 2357/3417/3010 2382/3371/2964 2355/3365/2958
f 2363/3418/3011 2404/3400/2993 2365/3419/3012
f 2365/3419/3012 2405/3401/2994 2364/3420/3013
f 2405/3401/2994 2362/3353/2946 2364/3420/3013
f 2358/3379/2972 2365/3419/3012 2360/3388/2981
f 2360/3388/2981 2364/3420/3013 2361/3390/2983
f 2364/3420/3013 2359/3378/2971 2361/3390/2983
f 2349/3421/3014 2379/3359/2952 2351/3364/2957
f 2479/3132/2723 2482/3139/2728 2480/3134/2724
f 2456/3467/3054 2482/3139/2728 2457/3468/3055
f 2480/3134/2724 2188/3520/3123 2190/3488/2724
f 2437/3521/3131 2439/3518/3132 2200/3086/2662
f 2477/3529/3101 2188/3520/3123 2482/3139/2728
f 2438/3084/2660 2200/3086/2662 2439/3518/3132
f 2200/3086/2662 2462/3137/2726 2463/3517/3134
f 2437/3521/3131 2200/3086/2662 2463/3517/3134
f 2454/3512/2717 2480/3134/2724 2453/3133/2717
f 2480/3134/2724 2190/3488/2724 2478/3135/2717
f 2435/3140/2731 2460/3519/3135 2472/3085/2661
f 2460/3519/3135 2459/3122/2713 2472/3085/2661
f 2472/3085/2661 2434/3510/3136 2436/3141/2732
f 2456/3467/3054 2477/3529/3101 2482/3139/2728
f 2122/2979/2588 2117/2890/2451 2121/2966/2615
f 4067/2858/5252 4059/2857/5253 4058/2859/5254
f 4197/2889/5279 4058/2859/5254 4059/2857/5253
f 4065/2970/5354 4058/2859/5254 4060/2971/5355
f 4575/2973/5356 4592/2972/5357 4061/2974/5358
f 4068/2980/5364 4061/2974/5358 4059/2857/5253
f 4195/2890/5365 4060/2971/5355 4058/2859/5254
f 4187/2984/5366 4061/2974/5358 4592/2972/5357
f 4189/2985/5367 4059/2857/5253 4061/2974/5358
f 4192/2983/5368 2514/2986/2550 4060/2971/5355
f 4576/2989/5369 4579/2988/5370 4580/2990/5371
f 4580/2990/5371 4578/2991/5372 4070/2992/5373
f 1814/2994/2558 4577/2993/5374 4576/2989/5369
f 2520/3001/2565 4060/2971/5355 2514/2986/2550
f 4135/2977/5405 4197/2889/5279 4189/2985/5367
f 4199/2966/5429 4192/2983/5368 4195/2890/5365
f 4101/2968/5352 2513/2987/2551 4192/2983/5368
f 4189/2985/5367 4207/3057/5430 4135/2977/5405
f 4540/3085/5469 4506/3084/5470 4273/3086/5471
f 4527/3122/5522 4549/3123/5523 4526/3138/5524
f 4549/3123/5523 4273/3086/5471 4547/3132/5533
f 4521/3133/5534 4546/3135/5526 4548/3134/5535
f 4548/3134/5535 4529/3136/5536 4522/3512/5534
f 4547/3132/5533 4530/3137/5537 4529/3136/5536
f 4550/3139/5538 4526/3138/5524 4549/3123/5523
f 4503/3140/5541 4504/3141/5542 4540/3085/5469
f 4430/3353/5760 4415/3352/5761 4414/3354/5762
f 4455/3356/5763 4407/3355/5764 4408/3357/5765
f 4447/3359/5766 4404/3358/5767 4410/3360/5768
f 4462/3361/5769 4408/3357/5765 4406/3362/5770
f 4416/3363/5771 4419/3364/5772 4417/3421/5773
f 4471/3366/5774 4414/3354/5762 4404/3358/5767
f 4411/3367/5775 4435/3368/5776 4413/3373/5777
f 4412/3370/5778 4450/3371/5779 4409/3375/5780
f 4413/3373/5777 4439/3372/5781 4412/3370/5778
f 4459/3374/5782 4411/3367/5775 4407/3355/5764
f 4409/3375/5780 4423/3365/5783 4416/3363/5771
f 4467/3376/5784 4406/3362/5770 4405/3377/5785
f 4427/3378/5786 4405/3377/5785 4415/3352/5761
f 4451/3381/5787 4458/3380/5788 4426/3379/5789
f 4448/3383/5790 4418/3382/5791 4446/3384/5792
f 4449/3386/5793 4420/3385/5794 4448/3383/5790
f 4449/3386/5793 4419/3364/5772 4421/3394/5795
f 4466/3387/5796 4428/3388/5797 4426/3379/5789
f 4468/3389/5798 4429/3390/5799 4428/3388/5797
f 4467/3376/5784 4429/3390/5799 4469/3391/5800
f 4420/3385/5794 4422/3392/5801 4418/3382/5791
f 4421/3394/5795 4424/3393/5802 4420/3385/5794
f 4421/3394/5795 4423/3365/5783 4425/3417/5803
f 4451/3381/5787 4440/3395/5804 4438/3413/5805
f 4453/3396/5806 4441/3397/5807 4440/3395/5804
f 4452/3398/5808 4439/3372/5781 4441/3397/5807
f 4470/3399/5809 4448/3383/5790 4446/3384/5792
f 4472/3400/5810 4449/3386/5793 4448/3383/5790
f 4473/3401/5811 4447/3359/5766 4449/3386/5793
f 4465/3402/5812 4466/3387/5796 4463/3403/5813
f 4464/3404/5814 4468/3389/5798 4465/3402/5812
f 4462/3361/5769 4469/3391/5800 4464/3404/5814
f 4443/3405/5815 4460/3406/5816 4458/3380/5788
f 4445/3407/5817 4461/3408/5818 4460/3406/5816
f 4444/3409/5819 4459/3374/5782 4461/3408/5818
f 4460/3406/5816 4454/3410/5820 4458/3380/5788
f 4461/3408/5818 4456/3411/5821 4460/3406/5816
f 4459/3374/5782 4457/3412/5822 4461/3408/5818
f 4438/3413/5805 4436/3414/5823 4434/3416/5824
f 4440/3395/5804 4437/3415/5825 4436/3414/5823
f 4441/3397/5807 4435/3368/5776 4437/3415/5825
f 4434/3416/5824 4445/3407/5817 4443/3405/5815
f 4436/3414/5823 4444/3409/5819 4445/3407/5817
f 4437/3415/5825 4442/3369/5826 4444/3409/5819
f 4456/3411/5821 4463/3403/5813 4454/3410/5820
f 4457/3412/5822 4465/3402/5812 4456/3411/5821
f 4455/3356/5763 4464/3404/5814 4457/3412/5822
f 4424/3393/5802 4451/3381/5787 4422/3392/5801
f 4425/3417/5803 4453/3396/5806 4424/3393/5802
f 4425/3417/5803 4450/3371/5779 4452/3398/5808
f 4431/3418/5827 4472/3400/5810 4470/3399/5809
f 4433/3419/5828 4473/3401/5811 4472/3400/5810
f 4430/3353/5760 4473/3401/5811 4432/3420/5829
f 4426/3379/5789 4433/3419/5828 4431/3418/5827
f 4428/3388/5797 4432/3420/5829 4433/3419/5828
f 4427/3378/5786 4432/3420/5829 4429/3390/5799
f 4417/3421/5773 4447/3359/5766 4410/3360/5768
f 4547/3132/5533 4550/3139/5538 4549/3123/5523
f 4524/3467/5870 4525/3468/5871 4550/3139/5538
f 4261/3520/5892 4548/3134/5535 4263/3488/5535
f 4505/3521/5939 4273/3086/5471 4507/3518/5940
f 4545/3529/5915 4550/3139/5538 4261/3520/5892
f 4506/3084/5470 4507/3518/5940 4273/3086/5471
f 4273/3086/5471 4531/3517/5941 4530/3137/5537
f 4505/3521/5939 4531/3517/5941 4273/3086/5471
f 4522/3512/5534 4521/3133/5534 4548/3134/5535
f 4548/3134/5535 4546/3135/5526 4263/3488/5535
f 4503/3140/5541 4540/3085/5469 4528/3519/5942
f 4528/3519/5942 4540/3085/5469 4527/3122/5522
f 4540/3085/5469 4504/3141/5542 4502/3510/5943
f 4524/3467/5870 4550/3139/5538 4545/3529/5915
f 4200/2979/5958 4195/2890/5365 4197/2889/5279
f 1981/2857/2413 1990/2980/2544 1989/2858/2414
f 2119/2889/2450 1981/2857/2413 1980/2859/2415
f 1980/2859/2415 1989/2858/2414 1987/2970/2534
f 2530/2972/2536 1996/3566/3175 2508/2973/2537
f 1983/2974/2538 2508/2973/2537 1990/2980/2544
f 2117/2890/2451 1980/2859/2415 1982/2971/2535
f 2109/2984/2548 2530/2972/2536 1983/2974/2538
f 2111/2985/2549 1983/2974/2538 1981/2857/2413
f 2114/2983/2547 1982/2971/2535 2514/2986/2550
f 2512/2988/2552 2510/2993/2557 2509/2989/2553
f 2511/2991/2555 2512/2988/2552 2517/2990/2554
f 2510/2993/2557 2506/3557/6373 1814/2994/2558
f 1982/2971/2535 1987/2970/2534 2520/3001/2565
f 2057/2977/2587 2111/2985/2549 2119/2889/2450
f 2121/2966/2615 2117/2890/2451 2114/2983/2547
f 2023/2968/2532 2114/2983/2547 2513/2987/2551
f 2129/3057/2616 2109/2984/2548 2111/2985/2549
f 2438/3084/2660 2434/3510/3136 2472/3085/2661
f 2459/3122/2713 2458/3138/2727 2481/3123/2714
f 2200/3086/2662 2472/3085/2661 2481/3123/2714
f 2480/3134/2724 2454/3512/2717 2461/3136/2725
f 2479/3132/2723 2461/3136/2725 2462/3137/2726
f 2458/3138/2727 2457/3468/3055 2482/3139/2728
f 2347/3352/2945 2359/3378/2971 2362/3353/2946
f 2339/3355/2948 2391/3374/2967 2387/3356/2949
f 2336/3358/2951 2403/3366/2959 2379/3359/2952
f 2340/3357/2950 2387/3356/2949 2394/3361/2954
f 2348/3363/2956 2349/3421/3014 2351/3364/2957
f 2346/3354/2947 2362/3353/2946 2403/3366/2959
f 2343/3367/2960 2345/3373/2966 2367/3368/2961
f 2344/3370/2963 2341/3375/2968 2382/3371/2964
f 2345/3373/2966 2344/3370/2963 2371/3372/2965
f 2343/3367/2960 2374/3369/2962 2391/3374/2967
f 2341/3375/2968 2348/3363/2956 2355/3365/2958
f 2338/3362/2955 2394/3361/2954 2399/3376/2969
f 2337/3377/2970 2399/3376/2969 2359/3378/2971
f 2350/3382/2975 2378/3384/2977 2402/3399/2992
f 2402/3399/2992 2363/3418/3011 2358/3379/2972
f 2358/3379/2972 2398/3387/2980 2395/3403/2996
f 2395/3403/2996 2386/3410/3003 2390/3380/2973
f 2390/3380/2973 2375/3405/2998 2366/3416/3009
f 2366/3416/3009 2370/3413/3006 2383/3381/2974
f 2383/3381/2974 2354/3392/2985 2350/3382/2975
f 2350/3382/2975 2402/3399/2992 2358/3379/2972
f 2358/3379/2972 2395/3403/2996 2390/3380/2973
f 2390/3380/2973 2366/3416/3009 2383/3381/2974
f 2383/3381/2974 2350/3382/2975 2358/3379/2972
f 2350/3382/2975 2352/3385/2978 2380/3383/2976
f 2352/3385/2978 2353/3394/2987 2381/3386/2979
f 2381/3386/2979 2353/3394/2987 2351/3364/2957
f 2398/3387/2980 2358/3379/2972 2360/3388/2981
f 2400/3389/2982 2360/3388/2981 2361/3390/2983
f 2361/3390/2983 2359/3378/2971 2399/3376/2969
f 2354/3392/2985 2356/3393/2986 2352/3385/2978
f 2356/3393/2986 2357/3417/3010 2353/3394/2987
f 2353/3394/2987 2357/3417/3010 2355/3365/2958
f 2383/3381/2974 2370/3413/3006 2372/3395/2988
f 2385/3396/2989 2372/3395/2988 2373/3397/2990
f 2384/3398/2991 2373/3397/2990 2371/3372/2965
f 2402/3399/2992 2378/3384/2977 2380/3383/2976
f 2404/3400/2993 2380/3383/2976 2381/3386/2979
f 2405/3401/2994 2381/3386/2979 2379/3359/2952
f 2398/3387/2980 2400/3389/2982 2397/3402/2995
f 2400/3389/2982 2401/3391/2984 2396/3404/2997
f 2401/3391/2984 2399/3376/2969 2394/3361/2954
f 2375/3405/2998 2390/3380/2973 2392/3406/2999
f 2377/3407/3000 2392/3406/2999 2393/3408/3001
f 2376/3409/3002 2393/3408/3001 2391/3374/2967
f 2386/3410/3003 2388/3411/3004 2392/3406/2999
f 2388/3411/3004 2389/3412/3005 2393/3408/3001
f 2389/3412/3005 2387/3356/2949 2391/3374/2967
f 2370/3413/3006 2366/3416/3009 2368/3414/3007
f 2372/3395/2988 2368/3414/3007 2369/3415/3008
f 2373/3397/2990 2369/3415/3008 2367/3368/2961
f 2366/3416/3009 2375/3405/2998 2377/3407/3000
f 2368/3414/3007 2377/3407/3000 2376/3409/3002
f 2369/3415/3008 2376/3409/3002 2374/3369/2962
f 2395/3403/2996 2397/3402/2995 2388/3411/3004
f 2397/3402/2995 2396/3404/2997 2389/3412/3005
f 2396/3404/2997 2394/3361/2954 2387/3356/2949
f 2383/3381/2974 2385/3396/2989 2356/3393/2986
f 2385/3396/2989 2384/3398/2991 2357/3417/3010
f 2357/3417/3010 2384/3398/2991 2382/3371/2964
f 2363/3418/3011 2402/3399/2992 2404/3400/2993
f 2365/3419/3012 2404/3400/2993 2405/3401/2994
f 2405/3401/2994 2403/3366/2959 2362/3353/2946
f 2358/3379/2972 2363/3418/3011 2365/3419/3012
f 2360/3388/2981 2365/3419/3012 2364/3420/3013
f 2364/3420/3013 2362/3353/2946 2359/3378/2971
f 2349/3421/3014 2342/3360/2953 2379/3359/2952
f 2479/3132/2723 2481/3123/2714 2482/3139/2728
f 2480/3134/2724 2482/3139/2728 2188/3520/3123
f 2122/2979/2588 2119/2889/2450 2117/2890/2451
f 4067/2858/5252 4068/2980/5364 4059/2857/5253
f 4197/2889/5279 4195/2890/5365 4058/2859/5254
f 4065/2970/5354 4067/2858/5252 4058/2859/5254
f 4575/2973/5356 4074/3566/5989 4592/2972/5357
f 4068/2980/5364 4575/2973/5356 4061/2974/5358
f 4195/2890/5365 4192/2983/5368 4060/2971/5355
f 4187/2984/5366 4189/2985/5367 4061/2974/5358
f 4189/2985/5367 4197/2889/5279 4059/2857/5253
f 4192/2983/5368 2513/2987/2551 2514/2986/2550
f 4576/2989/5369 4577/2993/5374 4579/2988/5370
f 4580/2990/5371 4579/2988/5370 4578/2991/5372
f 1814/2994/2558 2506/3557/6373 4577/2993/5374
f 2520/3001/2565 4065/2970/5354 4060/2971/5355
f 4135/2977/5405 4200/2979/5958 4197/2889/5279
f 4199/2966/5429 4101/2968/5352 4192/2983/5368
f 4101/2968/5352 2516/2981/2545 2513/2987/2551
f 4189/2985/5367 4187/2984/5366 4207/3057/5430
f 4540/3085/5469 4502/3510/5943 4506/3084/5470
f 4527/3122/5522 4540/3085/5469 4549/3123/5523
f 4549/3123/5523 4540/3085/5469 4273/3086/5471
f 4548/3134/5535 4547/3132/5533 4529/3136/5536
f 4547/3132/5533 4273/3086/5471 4530/3137/5537
f 4550/3139/5538 4525/3468/5871 4526/3138/5524
f 4430/3353/5760 4427/3378/5786 4415/3352/5761
f 4455/3356/5763 4459/3374/5782 4407/3355/5764
f 4447/3359/5766 4471/3366/5774 4404/3358/5767
f 4462/3361/5769 4455/3356/5763 4408/3357/5765
f 4416/3363/5771 4423/3365/5783 4419/3364/5772
f 4471/3366/5774 4430/3353/5760 4414/3354/5762
f 4411/3367/5775 4442/3369/5826 4435/3368/5776
f 4412/3370/5778 4439/3372/5781 4450/3371/5779
f 4413/3373/5777 4435/3368/5776 4439/3372/5781
f 4459/3374/5782 4442/3369/5826 4411/3367/5775
f 4409/3375/5780 4450/3371/5779 4423/3365/5783
f 4467/3376/5784 4462/3361/5769 4406/3362/5770
f 4427/3378/5786 4467/3376/5784 4405/3377/5785
f 4470/3399/5809 4446/3384/5792 4418/3382/5791
f 4418/3382/5791 4422/3392/5801 4451/3381/5787
f 4451/3381/5787 4438/3413/5805 4434/3416/5824
f 4434/3416/5824 4443/3405/5815 4458/3380/5788
f 4458/3380/5788 4454/3410/5820 4463/3403/5813
f 4463/3403/5813 4466/3387/5796 4426/3379/5789
f 4426/3379/5789 4431/3418/5827 4470/3399/5809
f 4470/3399/5809 4418/3382/5791 4451/3381/5787
f 4451/3381/5787 4434/3416/5824 4458/3380/5788
f 4458/3380/5788 4463/3403/5813 4426/3379/5789
f 4426/3379/5789 4470/3399/5809 4451/3381/5787
f 4448/3383/5790 4420/3385/5794 4418/3382/5791
f 4449/3386/5793 4421/3394/5795 4420/3385/5794
f 4449/3386/5793 4447/3359/5766 4419/3364/5772
f 4466/3387/5796 4468/3389/5798 4428/3388/5797
f 4468/3389/5798 4469/3391/5800 4429/3390/5799
f 4467/3376/5784 4427/3378/5786 4429/3390/5799
f 4420/3385/5794 4424/3393/5802 4422/3392/5801
f 4421/3394/5795 4425/3417/5803 4424/3393/5802
f 4421/3394/5795 4419/3364/5772 4423/3365/5783
f 4451/3381/5787 4453/3396/5806 4440/3395/5804
f 4453/3396/5806 4452/3398/5808 4441/3397/5807
f 4452/3398/5808 4450/3371/5779 4439/3372/5781
f 4470/3399/5809 4472/3400/5810 4448/3383/5790
f 4472/3400/5810 4473/3401/5811 4449/3386/5793
f 4473/3401/5811 4471/3366/5774 4447/3359/5766
f 4465/3402/5812 4468/3389/5798 4466/3387/5796
f 4464/3404/5814 4469/3391/5800 4468/3389/5798
f 4462/3361/5769 4467/3376/5784 4469/3391/5800
f 4443/3405/5815 4445/3407/5817 4460/3406/5816
f 4445/3407/5817 4444/3409/5819 4461/3408/5818
f 4444/3409/5819 4442/3369/5826 4459/3374/5782
f 4460/3406/5816 4456/3411/5821 4454/3410/5820
f 4461/3408/5818 4457/3412/5822 4456/3411/5821
f 4459/3374/5782 4455/3356/5763 4457/3412/5822
f 4438/3413/5805 4440/3395/5804 4436/3414/5823
f 4440/3395/5804 4441/3397/5807 4437/3415/5825
f 4441/3397/5807 4439/3372/5781 4435/3368/5776
f 4434/3416/5824 4436/3414/5823 4445/3407/5817
f 4436/3414/5823 4437/3415/5825 4444/3409/5819
f 4437/3415/5825 4435/3368/5776 4442/3369/5826
f 4456/3411/5821 4465/3402/5812 4463/3403/5813
f 4457/3412/5822 4464/3404/5814 4465/3402/5812
f 4455/3356/5763 4462/3361/5769 4464/3404/5814
f 4424/3393/5802 4453/3396/5806 4451/3381/5787
f 4425/3417/5803 4452/3398/5808 4453/3396/5806
f 4425/3417/5803 4423/3365/5783 4450/3371/5779
f 4431/3418/5827 4433/3419/5828 4472/3400/5810
f 4433/3419/5828 4432/3420/5829 4473/3401/5811
f 4430/3353/5760 4471/3366/5774 4473/3401/5811
f 4426/3379/5789 4428/3388/5797 4433/3419/5828
f 4428/3388/5797 4429/3390/5799 4432/3420/5829
f 4427/3378/5786 4430/3353/5760 4432/3420/5829
f 4417/3421/5773 4419/3364/5772 4447/3359/5766
f 4547/3132/5533 4548/3134/5535 4550/3139/5538
f 4261/3520/5892 4550/3139/5538 4548/3134/5535
f 4200/2979/5958 4199/2966/5429 4195/2890/5365
o wheel_back.002
v 0.015495 0.002003 -0.030303
v 0.014913 0.002159 -0.030303
v 0.015515 0.002159 -0.030303
v 0.015495 0.002315 -0.030303
v 0.015339 0.002585 -0.030303
v 0.015214 0.002681 -0.030303
v 0.014757 0.002741 -0.030303
v 0.014611 0.002681 -0.030303
v 0.014330 0.002003 -0.030303
v 0.014486 0.001733 -0.030303
v 0.014611 0.001637 -0.030303
v 0.014757 0.001577 -0.030303
v 0.014913 0.001556 -0.030303
v 0.015069 0.001577 -0.030303
v 0.015214 0.001637 -0.030303
v 0.015339 0.001733 -0.030303
v 0.015435 0.001857 -0.030303
v 0.014913 0.002159 -0.028011
v 0.016175 0.002497 -0.027205
v 0.015251 0.003421 -0.027205
v 0.014574 0.003421 -0.027205
v 0.014259 0.003291 -0.027205
v 0.013988 0.003083 -0.027205
v 0.013650 0.002497 -0.027205
v 0.013650 0.001821 -0.027205
v 0.015251 0.000896 -0.027205
v 0.016220 0.002159 -0.030429
v 0.016097 0.002476 -0.030486
v 0.015974 0.002772 -0.030486
v 0.015526 0.003220 -0.030486
v 0.015566 0.003291 -0.030429
v 0.015230 0.003343 -0.030486
v 0.015251 0.003421 -0.030429
v 0.014913 0.003466 -0.030429
v 0.014574 0.003421 -0.030429
v 0.013851 0.002772 -0.030486
v 0.013650 0.002497 -0.030429
v 0.013687 0.002159 -0.030486
v 0.013605 0.002159 -0.030429
v 0.013729 0.001842 -0.030486
v 0.013851 0.001546 -0.030486
v 0.013781 0.001505 -0.030429
v 0.014259 0.001027 -0.030429
v 0.014595 0.000975 -0.030486
v 0.014913 0.000933 -0.030486
v 0.014913 0.000852 -0.030429
v 0.015230 0.000975 -0.030486
v 0.015566 0.001027 -0.030429
v 0.015779 0.001292 -0.030486
v 0.015837 0.001235 -0.030429
v 0.015974 0.001546 -0.030486
v 0.016045 0.001505 -0.030429
v 0.016138 0.002159 -0.030486
v 0.015779 0.003026 -0.030486
v 0.015194 0.003209 -0.029827
v 0.014913 0.003385 -0.030486
v 0.014595 0.003343 -0.030486
v 0.014300 0.003220 -0.030486
v 0.014046 0.003026 -0.030486
v 0.013729 0.002476 -0.030486
v 0.014144 0.001390 -0.029827
v 0.014046 0.001292 -0.030486
v 0.014300 0.001097 -0.030486
v 0.014631 0.001109 -0.029827
v 0.015456 0.001218 -0.029827
v 0.015526 0.001097 -0.030486
v 0.015854 0.001615 -0.029827
v 0.015962 0.001878 -0.029827
v 0.016097 0.001842 -0.030486
v 0.015742 0.002159 -0.029755
v 0.015435 0.002460 -0.030303
v 0.015499 0.002745 -0.029755
v 0.015327 0.002877 -0.029755
v 0.015069 0.002741 -0.030303
v 0.015127 0.002960 -0.029755
v 0.014913 0.002761 -0.030303
v 0.014698 0.002960 -0.029755
v 0.014498 0.002877 -0.029755
v 0.014486 0.002585 -0.030303
v 0.014391 0.002460 -0.030303
v 0.014330 0.002315 -0.030303
v 0.014310 0.002159 -0.030303
v 0.014084 0.002159 -0.029755
v 0.014112 0.001944 -0.029755
v 0.014391 0.001857 -0.030303
v 0.014326 0.001573 -0.029755
v 0.015127 0.001358 -0.029755
v 0.015631 0.001744 -0.029755
v 0.016000 0.002159 -0.029827
v 0.015713 0.002373 -0.029755
v 0.015962 0.002440 -0.029827
v 0.015631 0.002573 -0.029755
v 0.015854 0.002702 -0.029827
v 0.015681 0.002927 -0.029827
v 0.015456 0.003100 -0.029827
v 0.014913 0.002988 -0.029755
v 0.014913 0.003246 -0.029827
v 0.014631 0.003209 -0.029827
v 0.014369 0.003100 -0.029827
v 0.014326 0.002745 -0.029755
v 0.014144 0.002927 -0.029827
v 0.014195 0.002573 -0.029755
v 0.013971 0.002702 -0.029827
v 0.014112 0.002373 -0.029755
v 0.013863 0.002440 -0.029827
v 0.013826 0.002159 -0.029827
v 0.013863 0.001878 -0.029827
v 0.014195 0.001744 -0.029755
v 0.013971 0.001615 -0.029827
v 0.014498 0.001441 -0.029755
v 0.014369 0.001218 -0.029827
v 0.014698 0.001358 -0.029755
v 0.014913 0.001330 -0.029755
v 0.014913 0.001072 -0.029827
v 0.015194 0.001109 -0.029827
v 0.015327 0.001441 -0.029755
v 0.015499 0.001573 -0.029755
v 0.015681 0.001390 -0.029827
v 0.015713 0.001944 -0.029755
v 0.016175 0.002497 -0.030429
v 0.016045 0.002812 -0.030429
v 0.015837 0.003083 -0.030429
v 0.016371 0.003617 -0.030270
v 0.014379 0.004151 -0.030270
v 0.014259 0.003291 -0.030429
v 0.013881 0.003945 -0.030270
v 0.013988 0.003083 -0.030429
v 0.013781 0.002812 -0.030429
v 0.012921 0.002693 -0.030270
v 0.012850 0.002159 -0.030270
v 0.013650 0.001821 -0.030429
v 0.012921 0.001625 -0.030270
v 0.013127 0.001128 -0.030270
v 0.013988 0.001235 -0.030429
v 0.013454 0.000701 -0.030270
v 0.014574 0.000896 -0.030429
v 0.014379 0.000167 -0.030270
v 0.014913 0.000096 -0.030270
v 0.015251 0.000896 -0.030429
v 0.015944 0.000373 -0.030270
v 0.016371 0.000701 -0.030270
v 0.016699 0.001128 -0.030270
v 0.016175 0.001821 -0.030429
v 0.016905 0.001625 -0.030270
v 0.017009 0.002721 -0.029110
v 0.017083 0.002159 -0.029110
v 0.017083 0.002159 -0.030136
v 0.017009 0.002721 -0.030136
v 0.016793 0.003244 -0.030136
v 0.016793 0.003244 -0.029110
v 0.016448 0.003694 -0.030136
v 0.016448 0.003694 -0.029110
v 0.015998 0.004039 -0.030136
v 0.015998 0.004039 -0.029110
v 0.014351 0.004256 -0.030136
v 0.014351 0.004256 -0.029110
v 0.014913 0.004330 -0.029110
v 0.014913 0.004330 -0.030136
v 0.013827 0.004039 -0.030136
v 0.013827 0.004039 -0.029110
v 0.013378 0.003694 -0.030136
v 0.013378 0.003694 -0.029110
v 0.013033 0.003244 -0.030136
v 0.013033 0.003244 -0.029110
v 0.013827 0.000279 -0.029110
v 0.013378 0.000624 -0.029110
v 0.013378 0.000624 -0.030136
v 0.013827 0.000279 -0.030136
v 0.015474 0.000062 -0.029110
v 0.014913 -0.000012 -0.029110
v 0.014913 -0.000012 -0.030136
v 0.015474 0.000062 -0.030136
v 0.016448 0.000624 -0.029110
v 0.015998 0.000279 -0.029110
v 0.015998 0.000279 -0.030136
v 0.016448 0.000624 -0.030136
v 0.016793 0.001073 -0.030136
v 0.016793 0.001073 -0.029110
v 0.017009 0.001597 -0.030136
v 0.017009 0.001597 -0.029110
v 0.016975 0.002159 -0.028976
v 0.016220 0.002159 -0.028817
v 0.016045 0.002812 -0.028817
v 0.015251 0.003421 -0.028817
v 0.014913 0.004221 -0.028976
v 0.014574 0.003421 -0.028817
v 0.013881 0.003945 -0.028976
v 0.013454 0.003617 -0.028976
v 0.013988 0.003083 -0.028817
v 0.012921 0.002693 -0.028976
v 0.013650 0.002497 -0.028817
v 0.012850 0.002159 -0.028976
v 0.013605 0.002159 -0.028817
v 0.012921 0.001625 -0.028976
v 0.013650 0.001821 -0.028817
v 0.013127 0.001128 -0.028976
v 0.013454 0.000701 -0.028976
v 0.013988 0.001235 -0.028817
v 0.013881 0.000373 -0.028976
v 0.014379 0.000167 -0.028976
v 0.014574 0.000896 -0.028817
v 0.015944 0.000373 -0.028976
v 0.015566 0.001027 -0.028817
v 0.015837 0.001235 -0.028817
v 0.016175 0.001821 -0.028817
v 0.015474 0.004256 -0.029110
v 0.015474 0.004256 -0.030136
v 0.012816 0.002721 -0.029110
v 0.012816 0.002721 -0.030136
v 0.012742 0.002159 -0.029110
v 0.012742 0.002159 -0.030136
v 0.012816 0.001597 -0.029110
v 0.012816 0.001597 -0.030136
v 0.013033 0.001073 -0.029110
v 0.013033 0.001073 -0.030136
v 0.014351 0.000062 -0.030136
v 0.014351 0.000062 -0.029110
v 0.016975 0.002159 -0.030270
v 0.016905 0.002693 -0.030270
v 0.016699 0.003190 -0.030270
v 0.015944 0.003945 -0.030270
v 0.015446 0.004151 -0.030270
v 0.014913 0.004221 -0.030270
v 0.013454 0.003617 -0.030270
v 0.013127 0.003190 -0.030270
v 0.013881 0.000373 -0.030270
v 0.015446 0.000167 -0.030270
v 0.016905 0.002693 -0.028976
v 0.016699 0.003190 -0.028976
v 0.016371 0.003617 -0.028976
v 0.015944 0.003945 -0.028976
v 0.015446 0.004151 -0.028976
v 0.014379 0.004151 -0.028976
v 0.013127 0.003190 -0.028976
v 0.014913 0.000096 -0.028976
v 0.015446 0.000167 -0.028976
v 0.016371 0.000701 -0.028976
v 0.016699 0.001128 -0.028976
v 0.016905 0.001625 -0.028976
v 0.016175 0.002497 -0.028817
v 0.015837 0.003083 -0.028817
v 0.015566 0.003291 -0.028817
v 0.014913 0.003466 -0.028817
v 0.014379 0.004151 -0.028658
v 0.014259 0.003291 -0.028817
v 0.013881 0.003945 -0.028658
v 0.013454 0.003617 -0.028658
v 0.013781 0.002812 -0.028817
v 0.012921 0.002693 -0.028658
v 0.012921 0.001625 -0.028658
v 0.013781 0.001505 -0.028817
v 0.013127 0.001128 -0.028658
v 0.014259 0.001027 -0.028817
v 0.014379 0.000167 -0.028658
v 0.014913 0.000852 -0.028817
v 0.015251 0.000896 -0.028817
v 0.015944 0.000373 -0.028658
v 0.016045 0.001505 -0.028817
v 0.016699 0.001128 -0.028658
v 0.017009 0.002721 -0.027498
v 0.017083 0.002159 -0.027498
v 0.017083 0.002159 -0.028524
v 0.017009 0.002721 -0.028524
v 0.016793 0.003244 -0.028524
v 0.016793 0.003244 -0.027498
v 0.016448 0.003694 -0.028524
v 0.016448 0.003694 -0.027498
v 0.015998 0.004039 -0.028524
v 0.015998 0.004039 -0.027498
v 0.014351 0.004256 -0.028524
v 0.014351 0.004256 -0.027498
v 0.014913 0.004330 -0.027498
v 0.014913 0.004330 -0.028524
v 0.013827 0.004039 -0.028524
v 0.013827 0.004039 -0.027498
v 0.013378 0.003694 -0.028524
v 0.013378 0.003694 -0.027498
v 0.013033 0.003244 -0.028524
v 0.013033 0.003244 -0.027498
v 0.013827 0.000279 -0.027498
v 0.013378 0.000624 -0.027498
v 0.013378 0.000624 -0.028524
v 0.013827 0.000279 -0.028524
v 0.015474 0.000062 -0.027498
v 0.014913 -0.000012 -0.027498
v 0.014913 -0.000012 -0.028524
v 0.015474 0.000062 -0.028524
v 0.016448 0.000624 -0.027498
v 0.015998 0.000279 -0.027498
v 0.015998 0.000279 -0.028524
v 0.016448 0.000624 -0.028524
v 0.016793 0.001073 -0.028524
v 0.016793 0.001073 -0.027498
v 0.017009 0.001597 -0.028524
v 0.017009 0.001597 -0.027498
v 0.016905 0.002693 -0.027364
v 0.016220 0.002159 -0.027205
v 0.016045 0.002812 -0.027205
v 0.016371 0.003617 -0.027364
v 0.015837 0.003083 -0.027205
v 0.015566 0.003291 -0.027205
v 0.015446 0.004151 -0.027364
v 0.014913 0.003466 -0.027205
v 0.014379 0.004151 -0.027364
v 0.013127 0.003190 -0.027364
v 0.013781 0.002812 -0.027205
v 0.012921 0.002693 -0.027364
v 0.012850 0.002159 -0.027364
v 0.013605 0.002159 -0.027205
v 0.013781 0.001505 -0.027205
v 0.013988 0.001235 -0.027205
v 0.014259 0.001027 -0.027205
v 0.014574 0.000896 -0.027205
v 0.014913 0.000852 -0.027205
v 0.015566 0.001027 -0.027205
v 0.016371 0.000701 -0.027364
v 0.015837 0.001235 -0.027205
v 0.016699 0.001128 -0.027364
v 0.016045 0.001505 -0.027205
v 0.016175 0.001821 -0.027205
v 0.015474 0.004256 -0.027498
v 0.015474 0.004256 -0.028524
v 0.012816 0.002721 -0.027498
v 0.012816 0.002721 -0.028524
v 0.012742 0.002159 -0.027498
v 0.012742 0.002159 -0.028524
v 0.012816 0.001597 -0.027498
v 0.012816 0.001597 -0.028524
v 0.013033 0.001073 -0.027498
v 0.013033 0.001073 -0.028524
v 0.014351 0.000062 -0.028524
v 0.014351 0.000062 -0.027498
v 0.016975 0.002159 -0.028658
v 0.016905 0.002693 -0.028658
v 0.016699 0.003190 -0.028658
v 0.016371 0.003617 -0.028658
v 0.015944 0.003945 -0.028658
v 0.015446 0.004151 -0.028658
v 0.014913 0.004221 -0.028658
v 0.013127 0.003190 -0.028658
v 0.012850 0.002159 -0.028658
v 0.013454 0.000701 -0.028658
v 0.013881 0.000373 -0.028658
v 0.014913 0.000096 -0.028658
v 0.015446 0.000167 -0.028658
v 0.016371 0.000701 -0.028658
v 0.016905 0.001625 -0.028658
v 0.016975 0.002159 -0.027364
v 0.016699 0.003190 -0.027364
v 0.015944 0.003945 -0.027364
v 0.014913 0.004221 -0.027364
v 0.013881 0.003945 -0.027364
v 0.013454 0.003617 -0.027364
v 0.012921 0.001625 -0.027364
v 0.013127 0.001128 -0.027364
v 0.013454 0.000701 -0.027364
v 0.013881 0.000373 -0.027364
v 0.014379 0.000167 -0.027364
v 0.014913 0.000096 -0.027364
v 0.015446 0.000167 -0.027364
v 0.015944 0.000373 -0.027364
v 0.016905 0.001625 -0.027364
v 0.015495 0.002003 -0.019947
v 0.014913 0.002159 -0.019947
v 0.015515 0.002159 -0.019947
v 0.015495 0.002315 -0.019947
v 0.015339 0.002585 -0.019947
v 0.015214 0.002681 -0.019947
v 0.014757 0.002741 -0.019947
v 0.014611 0.002681 -0.019947
v 0.014330 0.002003 -0.019947
v 0.014486 0.001733 -0.019947
v 0.014611 0.001637 -0.019947
v 0.014757 0.001577 -0.019947
v 0.014913 0.001556 -0.019947
v 0.015069 0.001577 -0.019947
v 0.015214 0.001637 -0.019947
v 0.015339 0.001733 -0.019947
v 0.015435 0.001857 -0.019947
v 0.014913 0.002159 -0.022239
v 0.016175 0.002497 -0.023045
v 0.015251 0.003421 -0.023045
v 0.014574 0.003421 -0.023045
v 0.014259 0.003291 -0.023045
v 0.013988 0.003083 -0.023045
v 0.013650 0.002497 -0.023045
v 0.013650 0.001821 -0.023045
v 0.015251 0.000896 -0.023045
v 0.016220 0.002159 -0.019821
v 0.016097 0.002476 -0.019764
v 0.015974 0.002772 -0.019764
v 0.015526 0.003220 -0.019764
v 0.015566 0.003291 -0.019821
v 0.015230 0.003343 -0.019764
v 0.015251 0.003421 -0.019821
v 0.014913 0.003466 -0.019821
v 0.014574 0.003421 -0.019821
v 0.013851 0.002772 -0.019764
v 0.013650 0.002497 -0.019821
v 0.013687 0.002159 -0.019764
v 0.013605 0.002159 -0.019821
v 0.013729 0.001842 -0.019764
v 0.013851 0.001546 -0.019764
v 0.013781 0.001505 -0.019821
v 0.014259 0.001027 -0.019821
v 0.014595 0.000975 -0.019764
v 0.014913 0.000933 -0.019764
v 0.014913 0.000852 -0.019821
v 0.015230 0.000975 -0.019764
v 0.015566 0.001027 -0.019821
v 0.015779 0.001292 -0.019764
v 0.015837 0.001235 -0.019821
v 0.015974 0.001546 -0.019764
v 0.016045 0.001505 -0.019821
v 0.016138 0.002159 -0.019764
v 0.015779 0.003026 -0.019764
v 0.015194 0.003209 -0.020423
v 0.014913 0.003385 -0.019764
v 0.014595 0.003343 -0.019764
v 0.014300 0.003220 -0.019764
v 0.014046 0.003026 -0.019764
v 0.013729 0.002476 -0.019764
v 0.014144 0.001390 -0.020423
v 0.014046 0.001292 -0.019764
v 0.014300 0.001097 -0.019764
v 0.014631 0.001109 -0.020423
v 0.015456 0.001218 -0.020423
v 0.015526 0.001097 -0.019764
v 0.015854 0.001615 -0.020423
v 0.015962 0.001878 -0.020423
v 0.016097 0.001842 -0.019764
v 0.015742 0.002159 -0.020495
v 0.015435 0.002460 -0.019947
v 0.015499 0.002745 -0.020495
v 0.015327 0.002877 -0.020495
v 0.015069 0.002741 -0.019947
v 0.015127 0.002960 -0.020495
v 0.014913 0.002761 -0.019947
v 0.014698 0.002960 -0.020495
v 0.014498 0.002877 -0.020495
v 0.014486 0.002585 -0.019947
v 0.014391 0.002460 -0.019947
v 0.014330 0.002315 -0.019947
v 0.014310 0.002159 -0.019947
v 0.014084 0.002159 -0.020495
v 0.014112 0.001944 -0.020495
v 0.014391 0.001857 -0.019947
v 0.014326 0.001573 -0.020495
v 0.015127 0.001358 -0.020495
v 0.015631 0.001744 -0.020495
v 0.016000 0.002159 -0.020423
v 0.015713 0.002373 -0.020495
v 0.015962 0.002440 -0.020423
v 0.015631 0.002573 -0.020495
v 0.015854 0.002702 -0.020423
v 0.015681 0.002927 -0.020423
v 0.015456 0.003100 -0.020423
v 0.014913 0.002988 -0.020495
v 0.014913 0.003246 -0.020423
v 0.014631 0.003209 -0.020423
v 0.014369 0.003100 -0.020423
v 0.014326 0.002745 -0.020495
v 0.014144 0.002927 -0.020423
v 0.014195 0.002573 -0.020495
v 0.013971 0.002702 -0.020423
v 0.014112 0.002373 -0.020495
v 0.013863 0.002440 -0.020423
v 0.013826 0.002159 -0.020423
v 0.013863 0.001878 -0.020423
v 0.014195 0.001744 -0.020495
v 0.013971 0.001615 -0.020423
v 0.014498 0.001441 -0.020495
v 0.014369 0.001218 -0.020423
v 0.014698 0.001358 -0.020495
v 0.014913 0.001330 -0.020495
v 0.014913 0.001072 -0.020423
v 0.015194 0.001109 -0.020423
v 0.015327 0.001441 -0.020495
v 0.015499 0.001573 -0.020495
v 0.015681 0.001390 -0.020423
v 0.015713 0.001944 -0.020495
v 0.016175 0.002497 -0.019821
v 0.016045 0.002812 -0.019821
v 0.015837 0.003083 -0.019821
v 0.016371 0.003617 -0.019980
v 0.014379 0.004151 -0.019980
v 0.014259 0.003291 -0.019821
v 0.013881 0.003945 -0.019980
v 0.013988 0.003083 -0.019821
v 0.013781 0.002812 -0.019821
v 0.012921 0.002693 -0.019980
v 0.012850 0.002159 -0.019980
v 0.013650 0.001821 -0.019821
v 0.012921 0.001625 -0.019980
v 0.013127 0.001128 -0.019980
v 0.013988 0.001235 -0.019821
v 0.013454 0.000701 -0.019980
v 0.014574 0.000896 -0.019821
v 0.014379 0.000167 -0.019980
v 0.014913 0.000096 -0.019980
v 0.015251 0.000896 -0.019821
v 0.015944 0.000373 -0.019980
v 0.016371 0.000701 -0.019980
v 0.016699 0.001128 -0.019980
v 0.016175 0.001821 -0.019821
v 0.016905 0.001625 -0.019980
v 0.017009 0.002721 -0.021141
v 0.017083 0.002159 -0.021141
v 0.017083 0.002159 -0.020114
v 0.017009 0.002721 -0.020114
v 0.016793 0.003244 -0.020114
v 0.016793 0.003244 -0.021141
v 0.016448 0.003694 -0.020114
v 0.016448 0.003694 -0.021141
v 0.015998 0.004039 -0.020114
v 0.015998 0.004039 -0.021141
v 0.014351 0.004256 -0.020114
v 0.014351 0.004256 -0.021141
v 0.014913 0.004330 -0.021141
v 0.014913 0.004330 -0.020114
v 0.013827 0.004039 -0.020114
v 0.013827 0.004039 -0.021141
v 0.013378 0.003694 -0.020114
v 0.013378 0.003694 -0.021141
v 0.013033 0.003244 -0.020114
v 0.013033 0.003244 -0.021141
v 0.013827 0.000279 -0.021140
v 0.013378 0.000624 -0.021140
v 0.013378 0.000624 -0.020114
v 0.013827 0.000279 -0.020114
v 0.015474 0.000062 -0.021140
v 0.014913 -0.000012 -0.021140
v 0.014913 -0.000012 -0.020114
v 0.015474 0.000062 -0.020114
v 0.016448 0.000624 -0.021140
v 0.015998 0.000279 -0.021140
v 0.015998 0.000279 -0.020114
v 0.016448 0.000624 -0.020114
v 0.016793 0.001073 -0.020114
v 0.016793 0.001073 -0.021140
v 0.017009 0.001597 -0.020114
v 0.017009 0.001597 -0.021141
v 0.016975 0.002159 -0.021274
v 0.016220 0.002159 -0.021433
v 0.016045 0.002812 -0.021433
v 0.015251 0.003421 -0.021433
v 0.014913 0.004221 -0.021274
v 0.014574 0.003421 -0.021433
v 0.013881 0.003945 -0.021274
v 0.013454 0.003617 -0.021274
v 0.013988 0.003083 -0.021433
v 0.012921 0.002693 -0.021274
v 0.013650 0.002497 -0.021433
v 0.012850 0.002159 -0.021274
v 0.013605 0.002159 -0.021433
v 0.012921 0.001625 -0.021274
v 0.013650 0.001821 -0.021433
v 0.013127 0.001128 -0.021274
v 0.013454 0.000701 -0.021274
v 0.013988 0.001235 -0.021433
v 0.013881 0.000373 -0.021274
v 0.014379 0.000167 -0.021274
v 0.014574 0.000896 -0.021433
v 0.015944 0.000373 -0.021274
v 0.015566 0.001027 -0.021433
v 0.015837 0.001235 -0.021433
v 0.016175 0.001821 -0.021433
v 0.015474 0.004256 -0.021141
v 0.015474 0.004256 -0.020114
v 0.012816 0.002721 -0.021141
v 0.012816 0.002721 -0.020114
v 0.012742 0.002159 -0.021141
v 0.012742 0.002159 -0.020114
v 0.012816 0.001597 -0.021141
v 0.012816 0.001597 -0.020114
v 0.013033 0.001073 -0.021140
v 0.013033 0.001073 -0.020114
v 0.014351 0.000062 -0.020114
v 0.014351 0.000062 -0.021140
v 0.016975 0.002159 -0.019980
v 0.016905 0.002693 -0.019980
v 0.016699 0.003190 -0.019980
v 0.015944 0.003945 -0.019980
v 0.015446 0.004151 -0.019980
v 0.014913 0.004221 -0.019980
v 0.013454 0.003617 -0.019980
v 0.013127 0.003190 -0.019980
v 0.013881 0.000373 -0.019980
v 0.015446 0.000167 -0.019980
v 0.016905 0.002693 -0.021274
v 0.016699 0.003190 -0.021274
v 0.016371 0.003617 -0.021274
v 0.015944 0.003945 -0.021274
v 0.015446 0.004151 -0.021274
v 0.014379 0.004151 -0.021274
v 0.013127 0.003190 -0.021274
v 0.014913 0.000096 -0.021274
v 0.015446 0.000167 -0.021274
v 0.016371 0.000701 -0.021274
v 0.016699 0.001128 -0.021274
v 0.016905 0.001625 -0.021274
v 0.016175 0.002497 -0.021433
v 0.015837 0.003083 -0.021433
v 0.015566 0.003291 -0.021433
v 0.014913 0.003466 -0.021433
v 0.014379 0.004151 -0.021592
v 0.014259 0.003291 -0.021433
v 0.013881 0.003945 -0.021592
v 0.013454 0.003617 -0.021592
v 0.013781 0.002812 -0.021433
v 0.012921 0.002693 -0.021592
v 0.012921 0.001625 -0.021592
v 0.013781 0.001505 -0.021433
v 0.013127 0.001128 -0.021592
v 0.014259 0.001027 -0.021433
v 0.014379 0.000167 -0.021592
v 0.014913 0.000852 -0.021433
v 0.015251 0.000896 -0.021433
v 0.015944 0.000373 -0.021592
v 0.016045 0.001505 -0.021433
v 0.016699 0.001128 -0.021592
v 0.017009 0.002721 -0.022752
v 0.017083 0.002159 -0.022752
v 0.017083 0.002159 -0.021726
v 0.017009 0.002721 -0.021726
v 0.016793 0.003244 -0.021726
v 0.016793 0.003244 -0.022752
v 0.016448 0.003694 -0.021726
v 0.016448 0.003694 -0.022752
v 0.015998 0.004039 -0.021726
v 0.015998 0.004039 -0.022752
v 0.014351 0.004256 -0.021726
v 0.014351 0.004256 -0.022752
v 0.014913 0.004330 -0.022752
v 0.014913 0.004330 -0.021726
v 0.013827 0.004039 -0.021726
v 0.013827 0.004039 -0.022752
v 0.013378 0.003694 -0.021726
v 0.013378 0.003694 -0.022752
v 0.013033 0.003244 -0.021726
v 0.013033 0.003244 -0.022752
v 0.013827 0.000279 -0.022752
v 0.013378 0.000624 -0.022752
v 0.013378 0.000624 -0.021726
v 0.013827 0.000279 -0.021726
v 0.015474 0.000062 -0.022752
v 0.014913 -0.000012 -0.022752
v 0.014913 -0.000012 -0.021726
v 0.015474 0.000062 -0.021726
v 0.016448 0.000624 -0.022752
v 0.015998 0.000279 -0.022752
v 0.015998 0.000279 -0.021726
v 0.016448 0.000624 -0.021726
v 0.016793 0.001073 -0.021726
v 0.016793 0.001073 -0.022752
v 0.017009 0.001597 -0.021726
v 0.017009 0.001597 -0.022752
v 0.016905 0.002693 -0.022886
v 0.016220 0.002159 -0.023045
v 0.016045 0.002812 -0.023045
v 0.016371 0.003617 -0.022886
v 0.015837 0.003083 -0.023045
v 0.015566 0.003291 -0.023045
v 0.015446 0.004151 -0.022886
v 0.014913 0.003466 -0.023045
v 0.014379 0.004151 -0.022886
v 0.013127 0.003190 -0.022886
v 0.013781 0.002812 -0.023045
v 0.012921 0.002693 -0.022886
v 0.012850 0.002159 -0.022886
v 0.013605 0.002159 -0.023045
v 0.013781 0.001505 -0.023045
v 0.013988 0.001235 -0.023045
v 0.014259 0.001027 -0.023045
v 0.014574 0.000896 -0.023045
v 0.014913 0.000852 -0.023045
v 0.015566 0.001027 -0.023045
v 0.016371 0.000701 -0.022886
v 0.015837 0.001235 -0.023045
v 0.016699 0.001128 -0.022886
v 0.016045 0.001505 -0.023045
v 0.016175 0.001821 -0.023045
v 0.015474 0.004256 -0.022752
v 0.015474 0.004256 -0.021726
v 0.012816 0.002721 -0.022752
v 0.012816 0.002721 -0.021726
v 0.012742 0.002159 -0.022752
v 0.012742 0.002159 -0.021726
v 0.012816 0.001597 -0.022752
v 0.012816 0.001597 -0.021726
v 0.013033 0.001073 -0.022752
v 0.013033 0.001073 -0.021726
v 0.014351 0.000062 -0.021726
v 0.014351 0.000062 -0.022752
v 0.016975 0.002159 -0.021592
v 0.016905 0.002693 -0.021592
v 0.016699 0.003190 -0.021592
v 0.016371 0.003617 -0.021592
v 0.015944 0.003945 -0.021592
v 0.015446 0.004151 -0.021592
v 0.014913 0.004221 -0.021592
v 0.013127 0.003190 -0.021592
v 0.012850 0.002159 -0.021592
v 0.013454 0.000701 -0.021592
v 0.013881 0.000373 -0.021592
v 0.014913 0.000096 -0.021592
v 0.015446 0.000167 -0.021592
v 0.016371 0.000701 -0.021592
v 0.016905 0.001625 -0.021592
v 0.016975 0.002159 -0.022886
v 0.016699 0.003190 -0.022886
v 0.015944 0.003945 -0.022886
v 0.014913 0.004221 -0.022886
v 0.013881 0.003945 -0.022886
v 0.013454 0.003617 -0.022886
v 0.012921 0.001625 -0.022886
v 0.013127 0.001128 -0.022886
v 0.013454 0.000701 -0.022886
v 0.013881 0.000373 -0.022886
v 0.014379 0.000167 -0.022886
v 0.014913 0.000096 -0.022886
v 0.015446 0.000167 -0.022886
v 0.015944 0.000373 -0.022886
v 0.016905 0.001625 -0.022886
vn -0.0000 -0.0000 -1.0000
vn -0.0000 -0.0000 1.0000
vn -0.5248 -0.0000 0.8512
vn -0.5070 -0.1358 0.8512
vn -0.4545 -0.2624 0.8512
vn -0.3711 -0.3711 0.8512
vn -0.2624 -0.4545 0.8512
vn -0.1358 -0.5070 0.8512
vn -0.0000 -0.5248 0.8512
vn 0.1358 -0.5070 0.8512
vn 0.2624 -0.4545 0.8512
vn 0.3711 -0.3711 0.8512
vn 0.4545 -0.2624 0.8512
vn 0.5070 -0.1358 0.8512
vn 0.5248 -0.0000 0.8512
vn 0.5070 0.1358 0.8512
vn 0.4545 0.2624 0.8512
vn 0.3711 0.3711 0.8512
vn 0.2624 0.4545 0.8512
vn 0.1358 0.5070 0.8512
vn -0.0000 0.5248 0.8512
vn -0.1358 0.5070 0.8512
vn -0.2624 0.4545 0.8512
vn -0.3711 0.3711 0.8512
vn -0.4545 0.2624 0.8512
vn -0.5070 0.1358 0.8512
vn -0.7071 0.7071 -0.0000
vn -0.8660 0.5000 -0.0000
vn -0.7071 -0.7071 -0.0000
vn -0.8660 -0.5000 -0.0000
vn -0.5000 0.8660 -0.0000
vn 0.2588 -0.9659 -0.0000
vn 0.5000 -0.8660 -0.0000
vn -0.9659 0.2588 -0.0000
vn -0.5000 -0.8660 -0.0000
vn -0.2588 -0.9659 -0.0000
vn 0.2588 0.9659 -0.0000
vn 0.5000 0.8660 -0.0000
vn -0.9659 -0.2588 -0.0000
vn -1.0000 -0.0000 -0.0000
vn -0.0000 -1.0000 -0.0000
vn 0.7071 -0.7071 -0.0000
vn 0.8660 -0.5000 -0.0000
vn 0.9659 -0.2588 -0.0000
vn 0.8660 0.5000 -0.0000
vn 0.7071 0.7071 -0.0000
vn 0.9659 0.2588 -0.0000
vn 1.0000 -0.0000 -0.0000
vn 0.1490 0.5560 -0.8177
vn 0.2878 0.4985 -0.8177
vn 0.4985 -0.2878 -0.8177
vn 0.4070 -0.4070 -0.8177
vn -0.5756 -0.0000 -0.8177
vn -0.5560 0.1490 -0.8177
vn 0.5560 -0.1490 -0.8177
vn -0.5560 -0.1490 -0.8177
vn -0.9452 0.2533 -0.2061
vn -0.9785 -0.0000 -0.2061
vn -0.9452 -0.2533 -0.2061
vn 0.4893 0.8474 -0.2061
vn 0.6919 0.6919 -0.2061
vn 0.2533 0.9452 -0.2061
vn -0.8474 0.4893 -0.2061
vn 0.2533 -0.9452 -0.2061
vn 0.4893 -0.8474 -0.2061
vn 0.6919 -0.6919 -0.2061
vn 0.8474 -0.4893 -0.2061
vn -0.4893 0.8474 -0.2061
vn -0.6919 0.6919 -0.2061
vn -0.8474 -0.4893 -0.2061
vn 0.8474 0.4893 -0.2061
vn 0.9452 -0.2533 -0.2061
vn 0.9452 0.2533 -0.2061
vn -0.6919 -0.6919 -0.2061
vn -0.2533 0.9452 -0.2061
vn -0.0000 0.9785 -0.2061
vn 0.2392 0.8929 -0.3814
vn 0.4622 0.8006 -0.3814
vn 0.2393 0.8929 -0.3814
vn -0.6536 0.6536 -0.3814
vn -0.4622 0.8006 -0.3814
vn -0.2393 0.8929 -0.3814
vn -0.0000 0.9244 -0.3814
vn -0.2392 0.8929 -0.3814
vn -0.8006 -0.4622 -0.3814
vn -0.8929 -0.2393 -0.3814
vn 0.8929 0.2393 -0.3814
vn 0.9244 -0.0000 -0.3814
vn 0.8929 -0.2393 -0.3814
vn 0.8005 -0.4622 -0.3814
vn 0.8006 -0.4622 -0.3814
vn 0.6536 -0.6536 -0.3814
vn -0.8929 0.2393 -0.3814
vn -0.8005 0.4622 -0.3814
vn -0.8006 0.4622 -0.3814
vn 0.6537 0.6536 -0.3814
vn 0.6536 0.6536 -0.3814
vn -0.6536 -0.6536 -0.3814
vn -0.9244 -0.0000 -0.3814
vn 0.1345 0.2330 -0.9631
vn 0.1902 0.1902 -0.9631
vn 0.0696 -0.2598 -0.9631
vn -0.0000 -0.2690 -0.9631
vn -0.0000 0.2690 -0.9631
vn 0.0696 0.2598 -0.9631
vn -0.0696 -0.2598 -0.9631
vn -0.2598 -0.0696 -0.9631
vn -0.2690 -0.0000 -0.9631
vn 0.2330 0.1345 -0.9631
vn 0.2598 0.0696 -0.9631
vn 0.2690 -0.0000 -0.9631
vn -0.2330 -0.1345 -0.9631
vn -0.1902 0.1902 -0.9631
vn -0.1345 0.2330 -0.9631
vn -0.2330 0.1345 -0.9631
vn -0.0696 0.2598 -0.9631
vn -0.1902 -0.1902 -0.9631
vn -0.2598 0.0696 -0.9631
vn -0.1345 -0.2330 -0.9631
vn 0.1784 0.1030 0.9786
vn 0.1456 0.1456 0.9786
vn -0.1030 -0.1784 0.9786
vn -0.1456 -0.1456 0.9786
vn 0.1784 0.1030 -0.9786
vn 0.1990 0.0533 -0.9786
vn 0.1990 0.0533 0.9786
vn 0.1784 -0.1030 -0.9786
vn 0.1456 -0.1456 -0.9786
vn -0.1456 -0.1456 -0.9786
vn -0.1784 -0.1030 -0.9786
vn -0.0533 -0.1989 0.9786
vn 0.1030 0.1784 -0.9786
vn 0.1456 0.1456 -0.9786
vn 0.0533 -0.1990 -0.9786
vn -0.0000 -0.2060 -0.9786
vn -0.1784 0.1030 -0.9786
vn -0.1456 0.1456 -0.9786
vn -0.1784 -0.1030 0.9786
vn -0.0000 0.2060 0.9786
vn -0.0533 0.1989 0.9786
vn -0.0533 0.1990 0.9786
vn -0.1989 -0.0533 -0.9786
vn -0.2060 -0.0000 -0.9786
vn 0.7501 0.2010 0.6301
vn 0.6725 0.3883 0.6301
vn 0.7501 -0.2010 -0.6301
vn 0.6725 -0.3883 -0.6301
vn 0.2010 0.7501 -0.6301
vn 0.3883 0.6725 -0.6301
vn -0.2010 -0.7501 -0.6301
vn -0.0000 -0.7765 -0.6301
vn 0.5491 0.5491 0.6301
vn -0.7501 0.2010 0.6301
vn -0.6725 0.3883 0.6301
vn -0.5491 -0.5491 0.6301
vn -0.3883 -0.6725 0.6301
vn -0.0000 0.7765 0.6301
vn 0.2010 0.7501 0.6301
vn 0.6725 -0.3883 0.6301
vn 0.7501 -0.2010 0.6301
vn -0.6725 -0.3883 0.6301
vn -0.3883 -0.6725 -0.6301
vn 0.3883 0.6725 0.6301
vn 0.2060 -0.0000 -0.9786
vn 0.1989 -0.0533 -0.9786
vn -0.1030 0.1784 -0.9786
vn -0.0000 -0.2060 0.9786
vn 0.0533 -0.1989 0.9786
vn -0.2060 -0.0000 0.9786
vn -0.1990 0.0533 0.9786
vn -0.1030 0.1784 0.9786
vn -0.1990 -0.0533 0.9786
vn -0.0000 1.0000 -0.0000
vn -0.2588 0.9659 -0.0000
vn -0.1990 -0.0533 -0.9786
vn -0.1989 0.0533 -0.9786
vn -0.0000 0.2060 -0.9786
vn 0.0533 0.1989 -0.9786
vn 0.1030 -0.1784 -0.9786
vn -0.0533 0.1990 -0.9786
vn 0.2060 -0.0000 0.9786
vn 0.1989 0.0533 0.9786
vn -0.7501 -0.2010 -0.6301
vn -0.6725 -0.3883 -0.6301
vn -0.5491 0.5491 0.6301
vn -0.3883 0.6725 0.6301
vn -0.7501 -0.2010 0.6301
vn -0.7765 -0.0000 0.6301
vn 0.5491 -0.5491 -0.6301
vn -0.2010 0.7501 0.6301
vn 0.2010 -0.7501 -0.6301
vn -0.0000 0.7765 -0.6301
vn 0.7501 0.2010 -0.6301
vn 0.7765 -0.0000 -0.6301
vn 0.5491 -0.5491 0.6301
vn 0.3883 -0.6725 0.6301
vn 0.3883 -0.6725 -0.6301
vn -0.2010 0.7501 -0.6301
vn -0.3883 0.6725 -0.6301
vn 0.6725 0.3883 -0.6301
vn 0.5491 0.5491 -0.6301
vn 0.2010 -0.7501 0.6301
vn -0.0000 -0.7765 0.6301
vn -0.1030 -0.1784 -0.9786
vn 0.2878 -0.4985 -0.8177
vn -0.2878 -0.4985 -0.8177
vn -0.4070 -0.4070 -0.8177
vn 0.5756 -0.0000 -0.8177
vn -0.0000 -0.5756 -0.8177
vn -0.1490 -0.5560 -0.8177
vn -0.4985 -0.2878 -0.8177
vn -0.2878 0.4985 -0.8177
vn -0.1490 0.5560 -0.8177
vn 0.1490 -0.5560 -0.8177
vn -0.4985 0.2878 -0.8177
vn -0.4070 0.4070 -0.8177
vn -0.0533 -0.1989 -0.9786
vn 0.1456 -0.1456 0.9786
vn 0.1030 -0.1784 0.9786
vn -0.5491 -0.5491 -0.6301
vn -0.2010 -0.7501 0.6301
vn 0.7765 -0.0000 0.6301
vn 0.4070 0.4070 -0.8177
vn 0.4985 0.2878 -0.8177
vn -0.0000 0.5756 -0.8177
vn 0.5560 0.1490 -0.8177
vn 0.9785 -0.0000 -0.2061
vn -0.4893 -0.8474 -0.2061
vn -0.2533 -0.9452 -0.2061
vn -0.0000 -0.9785 -0.2061
vn 0.8006 0.4622 -0.3814
vn 0.8929 0.2392 -0.3814
vn 0.4622 -0.8006 -0.3814
vn 0.2393 -0.8929 -0.3814
vn -0.6536 0.6537 -0.3814
vn -0.0000 -0.9244 -0.3814
vn -0.2393 -0.8929 -0.3814
vn -0.2392 -0.8929 -0.3814
vn -0.4622 -0.8006 -0.3814
vn -0.6537 -0.6536 -0.3814
vn -0.1784 0.1030 0.9786
vn -0.1456 0.1456 0.9786
vn 0.2598 -0.0696 -0.9631
vn 0.1345 -0.2330 -0.9631
vn 0.2330 -0.1345 -0.9631
vn 0.1902 -0.1902 -0.9631
vn 0.1784 -0.1030 0.9786
vn 0.1990 -0.0533 0.9786
vn 0.0533 0.1990 -0.9786
vn -0.0533 -0.1990 -0.9786
vn 0.1990 -0.0533 -0.9786
vn -0.0533 0.1989 -0.9786
vn -0.7501 0.2010 -0.6301
vn -0.7765 -0.0000 -0.6301
vn -0.5491 0.5491 -0.6301
vn -0.6725 0.3883 -0.6301
vn 0.0533 0.1990 0.9786
vn 0.1030 0.1784 0.9786
vn 0.0533 0.1989 0.9786
vn -0.5070 -0.1358 -0.8512
vn -0.5248 -0.0000 -0.8512
vn -0.4545 -0.2624 -0.8512
vn -0.3711 -0.3711 -0.8512
vn -0.2624 -0.4545 -0.8512
vn -0.1358 -0.5070 -0.8512
vn -0.0000 -0.5248 -0.8512
vn 0.1358 -0.5070 -0.8512
vn 0.2624 -0.4545 -0.8512
vn 0.3711 -0.3711 -0.8512
vn 0.4545 -0.2624 -0.8512
vn 0.5070 -0.1358 -0.8512
vn 0.5248 -0.0000 -0.8512
vn 0.5070 0.1358 -0.8512
vn 0.4545 0.2624 -0.8512
vn 0.3711 0.3711 -0.8512
vn 0.2624 0.4545 -0.8512
vn 0.1358 0.5070 -0.8512
vn -0.0000 0.5248 -0.8512
vn -0.1358 0.5070 -0.8512
vn -0.2624 0.4545 -0.8512
vn -0.3711 0.3711 -0.8512
vn -0.4545 0.2624 -0.8512
vn -0.5070 0.1358 -0.8512
vn 0.2878 0.4985 0.8177
vn 0.1490 0.5560 0.8177
vn 0.4985 -0.2878 0.8177
vn 0.4070 -0.4070 0.8177
vn -0.5756 -0.0000 0.8177
vn -0.5560 0.1490 0.8177
vn 0.5560 -0.1490 0.8177
vn -0.5560 -0.1490 0.8177
vn -0.9785 -0.0000 0.2061
vn -0.9452 0.2533 0.2061
vn -0.9452 -0.2533 0.2061
vn 0.4893 0.8474 0.2061
vn 0.6919 0.6919 0.2061
vn 0.2533 0.9452 0.2061
vn -0.8474 0.4893 0.2061
vn 0.4893 -0.8474 0.2061
vn 0.2533 -0.9452 0.2061
vn 0.8474 -0.4893 0.2061
vn 0.6919 -0.6919 0.2061
vn -0.6919 0.6919 0.2061
vn -0.4893 0.8474 0.2061
vn -0.8474 -0.4893 0.2061
vn 0.8474 0.4893 0.2061
vn 0.9452 -0.2533 0.2061
vn 0.9452 0.2533 0.2061
vn -0.6919 -0.6919 0.2061
vn -0.2533 0.9452 0.2061
vn -0.0000 0.9785 0.2061
vn 0.4622 0.8006 0.3814
vn 0.2392 0.8929 0.3814
vn 0.2393 0.8929 0.3814
vn -0.6536 0.6536 0.3814
vn -0.4622 0.8006 0.3814
vn -0.6536 0.6537 0.3814
vn -0.0000 0.9244 0.3814
vn -0.2393 0.8929 0.3814
vn -0.8929 -0.2393 0.3814
vn -0.8006 -0.4622 0.3814
vn 0.9244 -0.0000 0.3814
vn 0.8929 0.2393 0.3814
vn 0.8929 -0.2393 0.3814
vn 0.8005 -0.4622 0.3814
vn 0.8006 -0.4622 0.3814
vn 0.6536 -0.6536 0.3814
vn -0.8929 0.2393 0.3814
vn -0.8005 0.4622 0.3814
vn 0.6537 0.6536 0.3814
vn -0.6536 -0.6536 0.3814
vn -0.6537 -0.6536 0.3814
vn -0.9244 -0.0000 0.3814
vn 0.1902 0.1902 0.9631
vn 0.1345 0.2330 0.9631
vn -0.0000 -0.2690 0.9631
vn 0.0696 -0.2598 0.9631
vn -0.0000 0.2690 0.9631
vn 0.0696 0.2598 0.9631
vn -0.0696 -0.2598 0.9631
vn -0.2690 -0.0000 0.9631
vn -0.2598 -0.0696 0.9631
vn 0.2330 0.1345 0.9631
vn 0.2598 0.0696 0.9631
vn 0.2690 -0.0000 0.9631
vn -0.2330 -0.1345 0.9631
vn -0.1345 0.2330 0.9631
vn -0.1902 0.1902 0.9631
vn -0.2330 0.1345 0.9631
vn -0.0696 0.2598 0.9631
vn -0.1902 -0.1902 0.9631
vn -0.2598 0.0696 0.9631
vn -0.1345 -0.2330 0.9631
vn 0.1989 0.0533 -0.9786
vn -0.1989 -0.0533 0.9786
vn 0.1989 -0.0533 0.9786
vn -0.1990 0.0533 -0.9786
vn -0.1989 0.0533 0.9786
vn 0.2878 -0.4985 0.8177
vn -0.4070 -0.4070 0.8177
vn -0.2878 -0.4985 0.8177
vn 0.5756 -0.0000 0.8177
vn -0.0000 -0.5756 0.8177
vn -0.1490 -0.5560 0.8177
vn -0.4985 -0.2878 0.8177
vn -0.1490 0.5560 0.8177
vn -0.2878 0.4985 0.8177
vn 0.1490 -0.5560 0.8177
vn -0.4985 0.2878 0.8177
vn -0.4070 0.4070 0.8177
vn 0.4070 0.4070 0.8177
vn 0.4985 0.2878 0.8177
vn -0.0000 0.5756 0.8177
vn 0.5560 0.1490 0.8177
vn 0.9785 -0.0000 0.2061
vn -0.2533 -0.9452 0.2061
vn -0.4893 -0.8474 0.2061
vn -0.0000 -0.9785 0.2061
vn 0.8006 0.4622 0.3814
vn 0.6536 0.6537 0.3814
vn 0.4622 -0.8006 0.3814
vn 0.2393 -0.8929 0.3814
vn -0.8006 0.4622 0.3814
vn -0.0000 -0.9244 0.3814
vn -0.2393 -0.8929 0.3814
vn -0.4622 -0.8006 0.3814
vn -0.2392 -0.8929 0.3814
vn 0.2598 -0.0696 0.9631
vn 0.1345 -0.2330 0.9631
vn 0.2330 -0.1345 0.9631
vn 0.1902 -0.1902 0.9631
vn -0.0533 -0.1990 0.9786
vn 0.0533 -0.1990 0.9786
vt 0.536060 0.175805
vt 0.513672 0.169769
vt 0.536859 0.169805
vt 0.536078 0.163802
vt 0.533770 0.158207
vt 0.530093 0.153398
vt 0.525297 0.149706
vt 0.519708 0.147382
vt 0.513707 0.146582
vt 0.507704 0.147363
vt 0.502109 0.149670
vt 0.497300 0.153348
vt 0.493608 0.158146
vt 0.491282 0.163734
vt 0.490484 0.169734
vt 0.491264 0.175737
vt 0.493573 0.181334
vt 0.497251 0.186142
vt 0.502049 0.189833
vt 0.507636 0.192158
vt 0.513636 0.192957
vt 0.519639 0.192177
vt 0.525235 0.189868
vt 0.530043 0.186191
vt 0.533735 0.181395
vt 0.911086 0.041804
vt 0.893297 0.039515
vt 0.894480 0.035094
vt 0.896767 0.031130
vt 0.900001 0.027894
vt 0.903962 0.025605
vt 0.908380 0.024420
vt 0.912954 0.024420
vt 0.917372 0.025605
vt 0.921332 0.027894
vt 0.924566 0.031130
vt 0.926853 0.035094
vt 0.928037 0.039515
vt 0.928037 0.044092
vt 0.926853 0.048513
vt 0.924566 0.052477
vt 0.921332 0.055714
vt 0.917371 0.058002
vt 0.912954 0.059187
vt 0.908380 0.059187
vt 0.903962 0.058002
vt 0.900001 0.055714
vt 0.896767 0.052477
vt 0.894480 0.048513
vt 0.893297 0.044092
vt 0.465829 0.049161
vt 0.443729 0.008089
vt 0.465829 0.008089
vt 0.333233 0.049161
vt 0.355332 0.008089
vt 0.355332 0.049161
vt 0.487929 0.049161
vt 0.487929 0.008089
vt 0.244836 0.049161
vt 0.222736 0.008089
vt 0.244836 0.008089
vt 0.421630 0.049161
vt 0.443729 0.049161
vt 0.311134 0.049161
vt 0.289034 0.008089
vt 0.311134 0.008089
vt 0.023843 0.049161
vt 0.045942 0.008089
vt 0.045942 0.049161
vt 0.333233 0.008089
vt 0.289034 0.049161
vt 0.377432 0.049161
vt 0.399532 0.008089
vt 0.399532 0.049161
vt 0.266935 0.049161
vt 0.421630 0.008089
vt 0.200638 0.008089
vt 0.178538 0.049161
vt 0.178538 0.008089
vt 0.377432 0.008089
vt 0.156439 0.049161
vt 0.156439 0.008089
vt 0.266935 0.008089
vt 0.090141 0.049161
vt 0.068041 0.008089
vt 0.090141 0.008089
vt 0.112240 0.049161
vt 0.134339 0.008089
vt 0.134339 0.049161
vt 0.776309 0.077571
vt 0.789960 0.087280
vt 0.775338 0.081077
vt 0.811525 0.170581
vt 0.804301 0.185696
vt 0.801748 0.183101
vt 0.698248 0.139197
vt 0.696947 0.122497
vt 0.700455 0.123469
vt 0.821235 0.156930
vt 0.817727 0.155959
vt 0.700187 0.154963
vt 0.694608 0.139166
vt 0.793806 0.140007
vt 0.819934 0.140229
vt 0.792700 0.131012
vt 0.817995 0.124465
vt 0.728223 0.192147
vt 0.734336 0.164053
vt 0.741479 0.169630
vt 0.742846 0.198349
vt 0.749822 0.173169
vt 0.789008 0.157326
vt 0.792547 0.148982
vt 0.743843 0.080810
vt 0.741989 0.109502
vt 0.729116 0.086765
vt 0.716434 0.096326
vt 0.729175 0.122101
vt 0.706658 0.108845
vt 0.789066 0.192663
vt 0.783430 0.164470
vt 0.789303 0.122611
vt 0.812041 0.109738
vt 0.706141 0.169688
vt 0.715704 0.182372
vt 0.725636 0.130444
vt 0.725482 0.148414
vt 0.728880 0.156817
vt 0.783846 0.115374
vt 0.802478 0.097055
vt 0.774341 0.198616
vt 0.758797 0.174428
vt 0.767792 0.173322
vt 0.525796 0.124821
vt 0.490459 0.129413
vt 0.501695 0.124782
vt 0.473316 0.192983
vt 0.560227 0.169847
vt 0.553951 0.193115
vt 0.546537 0.202744
vt 0.473391 0.146427
vt 0.546646 0.136904
vt 0.467116 0.169694
vt 0.741732 0.156779
vt 0.746740 0.160691
vt 0.750391 0.106105
vt 0.759298 0.115370
vt 0.752989 0.116147
vt 0.758885 0.164056
vt 0.752591 0.163172
vt 0.759385 0.104999
vt 0.765592 0.116254
vt 0.783433 0.139919
vt 0.782658 0.133613
vt 0.737906 0.151706
vt 0.735523 0.145815
vt 0.734748 0.139507
vt 0.780275 0.127721
vt 0.771085 0.160899
vt 0.776158 0.157072
vt 0.780068 0.152064
vt 0.765193 0.163280
vt 0.776450 0.122646
vt 0.782551 0.146213
vt 0.776703 0.109797
vt 0.771442 0.118735
vt 0.841955 0.031130
vt 0.839110 0.019857
vt 0.845189 0.027894
vt 0.862559 0.058002
vt 0.872765 0.063750
vt 0.866516 0.067361
vt 0.924566 0.140837
vt 0.936288 0.140924
vt 0.926853 0.144800
vt 0.830400 0.031217
vt 0.834008 0.024963
vt 0.926853 0.158220
vt 0.932680 0.168350
vt 0.924566 0.162184
vt 0.845189 0.165420
vt 0.834008 0.168350
vt 0.841955 0.162184
vt 0.859546 0.069230
vt 0.858142 0.059187
vt 0.917371 0.135311
vt 0.927577 0.129563
vt 0.921332 0.137600
vt 0.866516 0.177068
vt 0.858142 0.168893
vt 0.862559 0.167709
vt 0.839669 0.144800
vt 0.834008 0.134670
vt 0.841955 0.140837
vt 0.932680 0.058644
vt 0.927577 0.063750
vt 0.858142 0.024420
vt 0.866516 0.016246
vt 0.862560 0.025605
vt 0.894480 0.158220
vt 0.883344 0.155121
vt 0.893297 0.153799
vt 0.932680 0.134670
vt 0.112240 0.008089
vt 0.090141 0.001210
vt 0.112240 0.001210
vt 0.178538 0.056040
vt 0.156439 0.056040
vt 0.045942 0.056040
vt 0.023843 0.056040
vt 0.266935 0.056040
vt 0.068041 0.001210
vt 0.443729 0.001210
vt 0.311134 0.001210
vt 0.333233 0.001210
vt 0.001743 0.008089
vt 0.023843 0.001210
vt 0.023843 0.008089
vt 0.156439 0.001210
vt 0.178538 0.001210
vt 0.355332 0.001210
vt 0.289034 0.056040
vt 0.045942 0.001210
vt 0.928037 0.149222
vt 0.938156 0.155121
vt 0.928037 0.153799
vt 0.839110 0.129563
vt 0.845189 0.137600
vt 0.900171 0.067361
vt 0.869755 0.140837
vt 0.881476 0.140924
vt 0.872041 0.144800
vt 0.938156 0.038193
vt 0.938156 0.045414
vt 0.872765 0.019857
vt 0.866520 0.027894
vt 0.936288 0.052390
vt 0.532127 0.049161
vt 0.510028 0.008089
vt 0.532127 0.008089
vt 0.839669 0.158220
vt 0.921328 0.016246
vt 0.828532 0.147899
vt 0.838485 0.149222
vt 0.853568 0.134127
vt 0.859546 0.124083
vt 0.858142 0.134127
vt 0.893922 0.019857
vt 0.873225 0.044092
vt 0.883344 0.038193
vt 0.883344 0.045414
vt 0.872765 0.173457
vt 0.866520 0.165420
vt 0.849150 0.135312
vt 0.885211 0.031217
vt 0.921328 0.067361
vt 0.001743 0.049161
vt 0.355332 0.056040
vt 0.487929 0.001210
vt 0.399532 0.001210
vt 0.200638 0.049161
vt 0.510028 0.001210
vt 0.244836 0.056040
vt 0.001743 0.056040
vt 0.134339 0.056040
vt 0.112240 0.056040
vt 0.222736 0.001210
vt 0.200638 0.056040
vt 0.222736 0.056040
vt 0.222736 0.049161
vt 0.510028 0.049161
vt 0.487929 0.056040
vt 0.200638 0.001210
vt 0.090141 0.056040
vt 0.068041 0.056040
vt 0.068041 0.049161
vt 0.266935 0.001210
vt 0.903962 0.167709
vt 0.893922 0.173457
vt 0.900001 0.165420
vt 0.849150 0.167709
vt 0.839110 0.173457
vt 0.726377 0.195283
vt 0.823574 0.140260
vt 0.758575 0.200556
vt 0.741873 0.201857
vt 0.702973 0.171482
vt 0.727324 0.083597
vt 0.790860 0.195830
vt 0.713882 0.093730
vt 0.921332 0.165420
vt 0.888819 0.168350
vt 0.896767 0.162184
vt 0.914358 0.069230
vt 0.866516 0.125953
vt 0.862559 0.135312
vt 0.859546 0.178937
vt 0.853568 0.168893
vt 0.841955 0.052477
vt 0.839110 0.063750
vt 0.834007 0.058644
vt 0.333233 0.056040
vt 0.289034 0.001210
vt 0.510028 0.056040
vt 0.377432 0.001210
vt 0.532127 0.001210
vt 0.134339 0.001210
vt 0.703522 0.107000
vt 0.791807 0.084144
vt 0.758544 0.204196
vt 0.713108 0.184922
vt 0.805074 0.094503
vt 0.759638 0.075232
vt 0.759607 0.078870
vt 0.724375 0.139419
vt 0.768360 0.106258
vt 0.734753 0.114958
vt 0.776193 0.169925
vt 0.558661 0.157796
vt 0.554029 0.146559
vt 0.468683 0.181747
vt 0.525647 0.214759
vt 0.513748 0.123214
vt 0.480806 0.136796
vt 0.513595 0.216326
vt 0.501548 0.214719
vt 0.480698 0.202636
vt 0.872041 0.035094
vt 0.877868 0.024963
vt 0.881476 0.031217
vt 0.735630 0.133215
vt 0.747098 0.118529
vt 0.738113 0.127364
vt 0.742024 0.122354
vt 0.839669 0.048513
vt 0.828532 0.045414
vt 0.838485 0.044092
vt 0.869755 0.031130
vt 0.872041 0.048513
vt 0.881476 0.052390
vt 0.908380 0.134127
vt 0.914358 0.124083
vt 0.912954 0.134127
vt 0.914358 0.178937
vt 0.908380 0.168893
vt 0.912954 0.168893
vt 0.872041 0.158220
vt 0.873225 0.153799
vt 0.845359 0.125953
vt 0.866520 0.055714
vt 0.877868 0.058644
vt 0.853568 0.059187
vt 0.845359 0.067361
vt 0.849150 0.058002
vt 0.896767 0.140837
vt 0.893922 0.129563
vt 0.900001 0.137600
vt 0.907142 0.178937
vt 0.888819 0.024963
vt 0.900171 0.125953
vt 0.903962 0.135312
vt 0.852330 0.069230
vt 0.927577 0.173457
vt 0.917371 0.167709
vt 0.921328 0.177068
vt 0.399532 0.056040
vt 0.465829 0.056040
vt 0.421630 0.056040
vt 0.377432 0.056040
vt 0.311134 0.056040
vt 0.465829 0.001210
vt 0.244836 0.001210
vt 0.873225 0.149222
vt 0.877868 0.168350
vt 0.869754 0.162184
vt 0.893922 0.063750
vt 0.888819 0.058644
vt 0.866520 0.137600
vt 0.927577 0.019857
vt 0.885211 0.052390
vt 0.853568 0.024420
vt 0.845360 0.016246
vt 0.852330 0.014377
vt 0.849150 0.025605
vt 0.900171 0.016246
vt 0.907142 0.014377
vt 0.914358 0.014377
vt 0.828532 0.155121
vt 0.838485 0.153799
vt 0.872765 0.129563
vt 0.932680 0.024963
vt 0.936288 0.031217
vt 0.883344 0.147899
vt 0.893297 0.149222
vt 0.845189 0.055714
vt 0.907141 0.069230
vt 0.838485 0.039515
vt 0.839669 0.035094
vt 0.883344 0.045414
vt 0.443729 0.056040
vt 0.421630 0.001210
vt 0.873225 0.039515
vt 0.852330 0.178937
vt 0.828532 0.038193
vt 0.894480 0.144800
vt 0.888819 0.134670
vt 0.921328 0.125953
vt 0.815208 0.107946
vt 0.883344 0.038193
vt 0.859546 0.014377
vt 0.830399 0.052390
vt 0.869754 0.052477
vt 0.814661 0.172428
vt 0.696663 0.155875
vt 0.558621 0.181894
vt 0.468721 0.157648
vt 0.537017 0.129490
vt 0.936288 0.162096
vt 0.830399 0.140924
vt 0.885211 0.162096
vt 0.938156 0.147899
vt 0.877868 0.134670
vt 0.852330 0.124083
vt 0.900171 0.177068
vt 0.845359 0.177068
vt 0.775253 0.202140
vt 0.821518 0.123553
vt 0.536883 0.210127
vt 0.490328 0.210050
vt 0.907142 0.124083
vt 0.881476 0.162096
vt 0.830399 0.162096
vt 0.885211 0.140924
vt 0.742930 0.077288
vt 0.001743 0.001210
vt 0.532127 0.056040
s 1
usemtl wheel
f 4802/4153/6629 4803/4154/6629 4804/4155/6629
f 4804/4155/6629 4803/4154/6629 4805/4156/6629
f 4805/4156/6629 4803/4154/6629 4872/4157/6629
f 4872/4157/6629 4803/4154/6629 4806/4158/6629
f 4806/4158/6629 4803/4154/6629 4807/4159/6629
f 4807/4159/6629 4803/4154/6629 4875/4160/6629
f 4875/4160/6629 4803/4154/6629 4877/4161/6629
f 4877/4161/6629 4803/4154/6629 4808/4162/6629
f 4808/4162/6629 4803/4154/6629 4809/4163/6629
f 4809/4163/6629 4803/4154/6629 4880/4164/6629
f 4880/4164/6629 4803/4154/6629 4881/4165/6629
f 4881/4165/6629 4803/4154/6629 4882/4166/6629
f 4882/4166/6629 4803/4154/6629 4883/4167/6629
f 4883/4167/6629 4803/4154/6629 4810/4168/6629
f 4810/4168/6629 4803/4154/6629 4886/4169/6629
f 4886/4169/6629 4803/4154/6629 4811/4170/6629
f 4811/4170/6629 4803/4154/6629 4812/4171/6629
f 4812/4171/6629 4803/4154/6629 4813/4172/6629
f 4813/4172/6629 4803/4154/6629 4814/4173/6629
f 4814/4173/6629 4803/4154/6629 4815/4174/6629
f 4815/4174/6629 4803/4154/6629 4816/4175/6629
f 4816/4175/6629 4803/4154/6629 4817/4176/6629
f 4817/4176/6629 4803/4154/6629 4818/4177/6629
f 4818/4177/6629 4803/4154/6629 4802/4153/6629
f 4819/4178/6630 5098/4179/6631 4820/4180/6632
f 4819/4178/6630 4820/4180/6632 5099/4181/6633
f 4819/4178/6630 5099/4181/6633 5101/4182/6634
f 4819/4178/6630 5101/4182/6634 5102/4183/6635
f 4819/4178/6630 5102/4183/6635 4821/4184/6636
f 4819/4178/6630 4821/4184/6636 5104/4185/6637
f 4819/4178/6630 5104/4185/6637 4822/4186/6638
f 4819/4178/6630 4822/4186/6638 4823/4187/6639
f 4819/4178/6630 4823/4187/6639 4824/4188/6640
f 4819/4178/6630 4824/4188/6640 5107/4189/6641
f 4819/4178/6630 5107/4189/6641 4825/4190/6642
f 4819/4178/6630 4825/4190/6642 5110/4191/6643
f 4819/4178/6630 5110/4191/6643 4826/4192/6644
f 4819/4178/6630 4826/4192/6644 5111/4193/6645
f 4819/4178/6630 5111/4193/6645 5112/4194/6646
f 4819/4178/6630 5112/4194/6646 5113/4195/6647
f 4819/4178/6630 5113/4195/6647 5114/4196/6648
f 4819/4178/6630 5114/4196/6648 5115/4197/6649
f 4819/4178/6630 5115/4197/6649 4827/4198/6650
f 4819/4178/6630 4827/4198/6650 5116/4199/6651
f 4819/4178/6630 5116/4199/6651 5118/4200/6652
f 4819/4178/6630 5118/4200/6652 5120/4201/6653
f 4819/4178/6630 5120/4201/6653 5121/4202/6654
f 4819/4178/6630 5121/4202/6654 5098/4179/6631
f 4962/4203/6655 4965/4204/6656 4963/4205/6655
f 4968/4206/6657 5015/4207/6658 5016/4208/6658
f 4960/4209/6659 4963/4205/6655 4961/4210/6659
f 4973/4211/6660 4975/4212/6661 4970/4213/6660
f 5010/4214/6662 4965/4204/6656 4964/4215/6656
f 5084/4216/6663 5133/4217/6664 5081/4218/6663
f 5123/4219/6665 5070/4220/6666 5069/4221/6666
f 4969/4216/6663 4967/4222/6657 4968/4206/6657
f 4966/4218/6663 5017/4223/6664 5018/4217/6664
f 5014/4224/6667 5011/4225/6668 5012/4226/6668
f 4972/4227/6669 5018/4217/6664 5017/4223/6664
f 5125/4214/6662 5126/4225/6668 5124/4228/6662
f 4974/4229/6670 4978/4230/6671 4979/4231/6671
f 5016/4208/6658 5013/4232/6667 5014/4224/6667
f 5088/4211/6660 5090/4212/6661 5085/4213/6660
f 5078/4205/6655 5079/4215/6656 5080/4204/6656
f 5076/4210/6659 5077/4203/6655 5078/4205/6655
f 5084/4216/6663 5082/4222/6657 5083/4206/6657
f 5094/4231/6671 5095/4233/6672 5096/4234/6672
f 5129/4224/6667 5126/4225/6668 5127/4226/6668
f 4973/4211/6660 4971/4235/6669 4972/4227/6669
f 5088/4211/6660 5086/4235/6669 5087/4227/6669
f 5132/4223/6664 5086/4235/6669 5133/4217/6664
f 5065/4236/6673 5068/4237/6674 5066/4238/6673
f 4949/4239/6675 4947/4240/6676 4948/4241/6676
f 4834/4242/6677 4831/4243/6678 4833/4244/6677
f 4852/4245/6679 4851/4246/6680 4850/4247/6680
f 4839/4248/6681 4838/4249/6682 4861/4250/6682
f 4944/4251/6683 4852/4245/6679 4870/4252/6683
f 4841/4253/6684 4840/4254/6681 4839/4248/6681
f 4870/4252/6685 4890/4255/6686 4854/4256/6686
f 4854/4256/6686 4892/4257/6687 4829/4258/6687
f 4864/4259/6688 4862/4260/6689 4912/4261/6688
f 4845/4262/6690 4912/4261/6688 4865/4263/6690
f 4870/4252/6685 4868/4264/6691 4869/4265/6685
f 4858/4266/6692 4900/4267/6693 4859/4268/6693
f 4860/4269/6694 4904/4270/6695 4837/4271/6695
f 4867/4272/6696 4919/4273/6697 4850/4247/6697
f 4829/4258/6687 4894/4274/6698 4830/4275/6698
f 4842/4276/6699 4862/4260/6689 4863/4277/6689
f 4837/4271/6695 4906/4278/6700 4861/4250/6700
f 4850/4247/6697 4868/4264/6691 4852/4245/6691
f 4842/4276/6699 4908/4279/6701 4910/4280/6699
f 4830/4275/6698 4895/4281/6702 4855/4282/6702
f 4848/4283/6703 4915/4284/6704 4916/4285/6703
f 4876/4286/6705 4807/4159/6706 4875/4160/6707
f 4880/4164/6708 4879/4287/6709 4809/4163/6709
f 4878/4288/6710 4877/4161/6711 4808/4162/6712
f 4909/4289/6713 4810/4168/6714 4886/4169/6713
f 4805/4156/6715 4871/4290/6716 4804/4155/6716
f 4802/4153/6717 4889/4291/6718 4818/4177/6719
f 4879/4287/6709 4808/4162/6712 4809/4163/6709
f 4871/4290/6716 4802/4153/6717 4804/4155/6716
f 4818/4177/6719 4918/4292/6720 4817/4176/6720
f 4882/4166/6721 4903/4293/6722 4881/4165/6723
f 4807/4159/6706 4873/4294/6724 4806/4158/6725
f 4811/4170/6726 4909/4289/6713 4886/4169/6713
f 4884/4295/6727 4882/4166/6721 4883/4167/6727
f 4912/4261/6728 4887/4296/6729 4911/4297/6728
f 4899/4298/6730 4897/4299/6731 4878/4300/6730
f 4914/4301/6732 4865/4263/6733 4913/4302/6733
f 4898/4303/6731 4876/4304/6734 4897/4299/6731
f 4892/4257/6735 4871/4305/6736 4891/4306/6735
f 4909/4307/6737 4908/4279/6738 4885/4308/6738
f 4908/4279/6738 4884/4309/6739 4885/4308/6738
f 4862/4260/6729 4909/4307/6737 4887/4296/6729
f 4893/4310/6740 4892/4257/6735 4891/4306/6735
f 4919/4273/6741 4917/4311/6742 4918/4312/6741
f 4889/4313/6743 4919/4273/6741 4918/4312/6741
f 4916/4285/6744 4914/4301/6732 4888/4314/6744
f 4895/4281/6745 4893/4310/6740 4873/4315/6745
f 4869/4265/6746 4889/4313/6743 4920/4316/6746
f 4896/4317/6747 4873/4315/6745 4874/4318/6747
f 4984/4319/6748 5031/4320/6749 5042/4321/6749
f 5054/4322/6750 4998/4323/6751 5000/4324/6750
f 4922/4325/6752 5020/4326/6753 4921/4327/6753
f 4984/4319/6748 5029/4328/6754 5030/4329/6748
f 4853/4330/6755 4942/4331/6756 4851/4332/6756
f 5131/4208/6658 5128/4232/6667 5129/4224/6667
f 4999/4333/6757 5053/4334/6758 5052/4335/6758
f 5054/4322/6750 5001/4336/6759 5002/4337/6759
f 4832/4338/6760 4924/4339/6761 4923/4340/6761
f 5146/4341/6762 5056/4342/6763 5057/4343/6762
f 5049/4344/6764 5048/4345/6765 4990/4346/6765
f 5112/4194/6751 5156/4347/6766 5157/4348/6751
f 5044/4349/6767 5034/4350/6768 4987/4351/6769
f 4932/4352/6770 4931/4353/6771 4840/4354/6771
f 4923/4340/6761 5021/4355/6752 4922/4325/6752
f 5012/4226/6668 5009/4228/6662 5010/4214/6662
f 4946/4356/6772 5030/4357/6773 5029/4358/6772
f 5095/4233/6774 5060/4359/6775 5148/4360/6774
f 5008/4219/6776 5022/4361/6777 5023/4362/6776
f 5132/4223/6778 5145/4363/6779 5087/4227/6779
f 4951/4238/6773 5031/4364/6780 5030/4357/6773
f 5009/4228/6781 5035/4365/6782 4965/4204/6782
f 4967/4222/6783 5000/4366/6784 4998/4367/6783
f 4958/4368/6785 5033/4369/6786 5007/4370/6786
f 5123/4219/6776 5138/4361/6777 5139/4362/6776
f 5094/4231/6787 5163/4371/6788 5119/4372/6787
f 4967/4222/6783 4997/4373/6789 5015/4207/6789
f 4969/4216/6790 4938/4374/6778 5017/4223/6778
f 5017/4223/6778 4939/4363/6779 4972/4227/6779
f 5122/4370/6786 5151/4375/6791 5070/4220/6791
f 4828/4376/6792 4945/4377/6793 4944/4378/6793
f 4990/4346/6765 5047/4379/6794 5046/4380/6794
f 5115/4197/6795 5161/4381/6796 4827/4198/6796
f 4984/4382/6752 5135/4383/6753 5041/4384/6753
f 5110/4191/6797 5108/4385/6798 5109/4386/6797
f 4987/4351/6769 4988/4387/6799 5046/4388/6799
f 4826/4192/6800 5109/4386/6797 5155/4389/6800
f 5020/4326/6753 4828/4376/6792 4921/4327/6753
f 4959/4390/6801 4957/4391/6802 4958/4392/6801
f 4979/4231/6671 4980/4233/6672 4981/4234/6672
f 5053/4334/6758 4996/4393/6803 5052/4335/6758
f 5104/4185/6767 5105/4394/6769 4822/4186/6769
f 5050/4395/6804 5049/4344/6764 4992/4396/6804
f 5044/4397/6805 5139/4398/6806 4985/4399/6806
f 5099/4181/6748 5100/4400/6749 5101/4182/6749
f 4994/4401/6797 4991/4402/6798 4993/4403/6797
f 5058/4404/6807 5057/4343/6762 5004/4405/6807
f 5047/4379/6794 4987/4406/6808 5046/4380/6794
f 5098/4179/6809 5097/4407/6754 4820/4180/6810
f 5113/4195/6750 5157/4348/6751 5158/4408/6750
f 4959/4409/6801 5007/4370/6665 5008/4219/6665
f 5008/4219/6665 4955/4220/6666 4954/4221/6666
f 5014/4224/6811 4934/4410/6812 5016/4208/6812
f 5078/4205/6813 5153/4411/6814 5076/4210/6814
f 5013/4232/6815 4993/4412/6816 5011/4225/6816
f 5082/4222/6783 5156/4373/6789 5130/4207/6789
f 4977/4413/6817 4943/4359/6775 4978/4230/6775
f 4957/4391/6818 4988/4411/6814 5034/4414/6818
f 5088/4211/6819 5145/4363/6779 5146/4415/6819
f 5074/4409/6820 5139/4362/6776 5140/4416/6820
f 5064/4239/6821 5134/4417/6822 5135/4418/6821
f 5089/4229/6823 5162/4419/6824 5090/4212/6824
f 5093/4230/6775 5147/4420/6817 5060/4359/6775
f 5088/4211/6819 5058/4421/6825 5091/4422/6825
f 4959/4409/6820 5023/4362/6776 5024/4416/6820
f 4956/4423/6826 4927/4424/6827 4960/4209/6827
f 5094/4231/6787 5117/4425/6823 5089/4229/6823
f 4949/4239/6821 5019/4417/6822 5020/4418/6821
f 5064/4239/6821 5136/4426/6828 5065/4236/6828
f 5065/4236/6828 5137/4427/6829 5067/4428/6829
f 5085/4213/6830 5160/4429/6831 5086/4235/6831
f 5128/4232/6815 5109/4412/6816 5126/4225/6816
f 4844/4430/6832 4936/4431/6757 4935/4432/6757
f 5054/4433/6832 5143/4434/6757 4999/4333/6757
f 4851/4246/6680 4867/4272/6833 4850/4247/6680
f 4844/4435/6834 4863/4277/6835 4864/4259/6834
f 4828/4436/6836 4870/4252/6683 4854/4256/6836
f 4846/4437/6837 4937/4438/6838 4845/4262/6838
f 4843/4439/6839 4841/4253/6684 4842/4276/6839
f 4926/4440/6840 4858/4266/6841 4859/4268/6840
f 4849/4441/6833 4848/4283/6842 4867/4272/6833
f 4837/4271/6843 4928/4442/6844 4860/4269/6844
f 5067/4428/6674 5070/4220/6666 5068/4237/6674
f 4956/4423/6802 4961/4210/6659 4957/4391/6802
f 4942/4331/6756 4849/4443/6807 4851/4332/6756
f 4934/4444/6758 4932/4352/6770 4843/4445/6758
f 5113/4195/6750 5159/4446/6759 5114/4196/6759
f 4985/4399/6806 5138/4447/6760 5043/4448/6760
f 5145/4449/6763 5002/4450/6845 5056/4342/6763
f 4826/4192/6800 5156/4347/6766 5111/4193/6766
f 5005/4451/6846 5003/4452/6847 5038/4453/6846
f 5072/4391/6802 5075/4209/6659 5076/4210/6659
f 4968/4206/6848 4934/4410/6812 4936/4454/6848
f 4966/4218/6784 5001/4455/6849 5000/4366/6784
f 5071/4423/6826 5047/4424/6827 5075/4209/6827
f 4959/4390/6820 4925/4456/6826 4956/4423/6826
f 4974/4229/6823 5003/4419/6824 4975/4212/6824
f 5091/4422/6825 5147/4420/6817 5092/4413/6817
f 5013/4232/6815 4997/4373/6789 4995/4457/6815
f 5073/4392/6785 5105/4414/6818 5152/4458/6785
f 5061/4356/6772 5149/4459/6850 5062/4240/6850
f 5084/4216/6790 5055/4374/6778 5132/4223/6778
f 4950/4236/6828 5020/4418/6821 5021/4426/6828
f 4861/4250/6682 4929/4460/6843 4837/4271/6843
f 4832/4461/6678 4855/4282/6851 4831/4243/6678
f 4848/4283/6842 4847/4462/6837 4846/4437/6837
f 4935/4463/6835 4842/4276/6839 4863/4277/6835
f 4923/4464/6851 4830/4275/6852 4855/4282/6851
f 4835/4465/6853 4833/4244/6677 4857/4466/6853
f 4829/4258/6854 4828/4436/6836 4854/4256/6836
f 4841/4253/6701 4907/4467/6855 4908/4279/6701
f 4846/4437/6704 4865/4263/6690 4915/4284/6704
f 4831/4243/6856 4856/4468/6857 4833/4244/6857
f 4833/4244/6857 4898/4303/6858 4857/4466/6858
f 4857/4466/6858 4899/4298/6692 4858/4266/6692
f 4861/4250/6700 4907/4467/6855 4839/4248/6855
f 4860/4269/6694 4900/4267/6693 4902/4469/6694
f 4848/4283/6703 4866/4470/6696 4867/4272/6696
f 4855/4282/6702 4896/4317/6856 4831/4243/6856
f 4872/4157/6859 4891/4471/6860 4805/4156/6715
f 4806/4158/6725 4893/4472/6859 4872/4157/6859
f 4885/4473/6714 4883/4167/6727 4810/4168/6714
f 4816/4175/6861 4888/4474/6862 4815/4174/6862
f 4897/4475/6711 4875/4160/6707 4877/4161/6711
f 4881/4165/6723 4901/4476/6863 4880/4164/6708
f 4918/4292/6720 4816/4175/6861 4817/4176/6720
f 4888/4474/6862 4814/4173/6864 4815/4174/6862
f 4914/4477/6864 4813/4172/6865 4814/4173/6864
f 4913/4478/6866 4812/4171/6867 4813/4172/6865
f 4812/4171/6867 4887/4479/6868 4811/4170/6726
f 5049/4480/6869 4989/4481/6870 5035/4482/6869
f 4884/4309/6739 4906/4278/6871 4905/4483/6871
f 4856/4468/6734 4874/4318/6747 4876/4304/6734
f 4913/4302/6733 4912/4261/6728 4911/4297/6728
f 4890/4255/6736 4920/4316/6746 4871/4305/6736
f 4900/4267/6872 4878/4300/6730 4879/4484/6872
f 4866/4470/6742 4888/4314/6744 4917/4311/6742
f 4906/4278/6871 4903/4485/6873 4905/4483/6871
f 4903/4485/6873 4902/4469/6874 4901/4486/6874
f 4901/4486/6874 4900/4267/6872 4879/4484/6872
f 5059/4487/6875 5040/4488/6876 5006/4489/6876
f 4990/4490/6870 4988/4387/6799 4989/4481/6870
f 4996/4491/6800 4993/4403/6797 4995/4492/6800
f 4835/4493/6805 5023/4494/6877 4834/4495/6806
f 4939/4496/6763 4937/4497/6878 4847/4498/6763
f 5148/4353/6879 5059/4499/6755 5006/4500/6793
f 5045/4501/6880 5044/4397/6805 4987/4406/6808
f 4999/4502/6751 4997/4503/6766 4998/4323/6751
f 4949/4239/6675 4951/4238/6673 4946/4356/6675
f 4950/4236/6673 4953/4237/6674 4951/4238/6673
f 5064/4239/6675 5062/4240/6676 5063/4241/6676
f 5064/4239/6675 5066/4238/6673 5061/4356/6675
f 4976/4422/6661 4974/4229/6670 4975/4212/6661
f 5056/4504/6795 5037/4505/6796 5057/4506/6796
f 4928/4507/6765 4927/4508/6794 4926/4509/6794
f 4938/4510/6878 4844/4430/6832 4937/4497/6878
f 5099/4181/6748 5097/4407/6754 5150/4511/6748
f 4925/4512/6880 4835/4493/6805 4836/4513/6880
f 5002/4337/6759 5036/4514/6795 5056/4504/6795
f 4941/4515/6807 4940/4516/6762 4849/4443/6807
f 5028/4517/6762 4847/4498/6763 4940/4516/6762
f 5083/4206/6657 5130/4207/6658 5131/4208/6658
f 5079/4215/6656 5124/4228/6662 5080/4204/6656
f 4976/4422/6825 5028/4415/6819 4941/4421/6825
f 4963/4205/6813 4988/4411/6814 4961/4210/6814
f 5073/4368/6785 5103/4369/6786 5122/4370/6786
f 5010/4214/6881 4931/4518/6882 5012/4226/6882
f 4962/4203/6883 4927/4424/6827 5025/4519/6883
f 4964/4215/6884 4930/4520/6881 5010/4214/6881
f 5095/4233/6774 5134/4417/6822 5063/4241/6822
f 5014/4224/6811 4931/4518/6882 4933/4521/6811
f 5066/4238/6773 5097/4358/6772 5061/4356/6772
f 4968/4206/6848 5027/4522/6790 4969/4216/6790
f 4976/4422/6825 4942/4420/6817 4977/4413/6817
f 4973/4211/6819 4939/4363/6779 5028/4415/6819
f 4970/4213/6830 5036/4429/6831 4971/4235/6831
f 4980/4233/6774 5019/4417/6822 4948/4241/6822
f 5066/4238/6773 5100/4364/6780 5150/4357/6773
f 4952/4428/6829 5022/4361/6777 4954/4221/6777
f 4980/4233/6774 4943/4359/6775 4945/4360/6774
f 4958/4392/6785 5034/4414/6818 4986/4458/6785
f 5125/4214/6881 5142/4518/6882 5127/4226/6882
f 4953/4237/6780 5032/4375/6791 5031/4364/6780
f 4965/4204/6782 4989/4523/6813 4963/4205/6813
f 4975/4212/6824 5037/4524/6830 4970/4213/6830
f 5018/4217/6849 5036/4429/6831 5001/4455/6849
f 5080/4204/6782 5154/4523/6813 5078/4205/6813
f 4979/4231/6787 5040/4371/6788 5039/4372/6787
f 5135/4383/6753 4983/4525/6792 5041/4384/6753
f 4927/4508/6794 4836/4513/6880 4926/4509/6794
f 5147/4526/6756 5004/4405/6807 5005/4527/6756
f 5118/4200/6846 5162/4528/6847 5117/4529/6846
f 5138/4447/6760 5042/4530/6761 5043/4448/6760
f 4983/4525/6792 5148/4353/6879 5006/4500/6793
f 4935/4432/6757 4934/4444/6758 4843/4445/6758
f 4822/4186/6769 5153/4531/6799 4823/4187/6799
f 4945/4377/6793 4853/4330/6755 4944/4378/6793
f 4827/4198/6796 5162/4528/6847 5116/4199/6847
f 5120/4201/6875 5117/4529/6846 5119/4532/6875
f 5059/4499/6755 5147/4526/6756 5005/4527/6756
f 4985/4533/6885 5032/4534/6886 5033/4535/6887
f 4952/4428/6674 4955/4220/6666 4953/4237/6674
f 5073/4392/6801 5071/4423/6802 5072/4391/6802
f 5074/4409/6801 5122/4370/6665 5123/4219/6665
f 5091/4422/6661 5089/4229/6670 5090/4212/6661
f 5089/4229/6670 5093/4230/6671 5094/4231/6671
f 5042/4321/6749 5032/4534/6886 5043/4536/6886
f 4821/4184/6885 5151/4537/6886 5103/4538/6885
f 5104/4185/6767 5103/4538/6885 5152/4539/6767
f 4996/4393/6803 5142/4540/6771 4994/4541/6771
f 5137/4542/6761 4984/4382/6752 5042/4530/6761
f 5107/4189/6869 5154/4543/6870 5106/4544/6869
f 5101/4182/6749 5151/4537/6886 5102/4183/6886
f 4840/4354/6771 4930/4545/6804 4838/4546/6804
f 5057/4506/6796 5003/4452/6847 5004/4547/6847
f 5114/4196/6759 5160/4548/6795 5115/4197/6795
f 4983/4549/6809 5029/4328/6754 5041/4550/6810
f 5120/4201/6875 5163/4551/6876 5121/4202/6876
f 5095/4233/6672 5062/4240/6676 5096/4234/6672
f 5124/4228/6781 5106/4365/6782 5080/4204/6782
f 4952/4428/6829 5021/4426/6828 4924/4427/6829
f 5079/4215/6884 5048/4519/6883 5141/4552/6884
f 5129/4224/6811 5053/4410/6812 5131/4208/6812
f 5083/4206/6848 5144/4522/6790 5084/4216/6790
f 4979/4231/6787 5038/4425/6823 4974/4229/6823
f 5124/4228/6781 5109/4412/6816 5108/4553/6781
f 4946/4356/6772 4982/4459/6850 4947/4240/6850
f 4964/4215/6884 5025/4519/6883 5026/4552/6884
f 5067/4428/6829 5138/4361/6777 5069/4221/6777
f 5007/4370/6786 5032/4375/6791 4955/4220/6791
f 5130/4207/6789 5155/4457/6815 5128/4232/6815
f 5082/4222/6783 5158/4366/6784 5157/4367/6783
f 5133/4217/6849 5160/4429/6831 5159/4455/6849
f 5079/4215/6884 5050/4520/6881 5125/4214/6881
f 5096/4234/6788 5149/4459/6850 5163/4371/6788
f 5049/4480/6869 4991/4402/6798 4992/4554/6798
f 4994/4541/6771 5050/4395/6804 4992/4396/6804
f 5055/4555/6878 5054/4433/6832 5002/4450/6845
f 5107/4189/6869 5108/4385/6798 4825/4190/6798
f 4983/4549/6809 5040/4488/6876 4982/4556/6809
f 4824/4188/6870 5153/4531/6799 5154/4543/6870
f 4929/4557/6764 5025/4558/6765 4928/4507/6765
f 4834/4495/6806 5022/4559/6760 4832/4338/6760
f 4858/4266/6841 4835/4465/6853 4857/4466/6853
f 4928/4442/6844 4859/4268/6840 4860/4269/6844
f 4922/4560/6852 4829/4258/6854 4830/4275/6852
f 4937/4438/6838 4864/4259/6834 4845/4262/6838
f 4930/4545/6804 4929/4557/6764 4838/4546/6804
f 5098/4179/6809 5163/4551/6876 5149/4561/6809
f 5044/4349/6767 5033/4535/6887 4986/4562/6767
f 5059/4487/6875 5038/4453/6846 5039/4563/6875
f 4996/4491/6800 4997/4503/6766 5052/4564/6766
f 4981/4234/6672 4948/4241/6676 4947/4240/6676
f 5083/4206/6848 5053/4410/6812 5143/4454/6848
f 5074/4390/6820 5045/4456/6826 5071/4423/6826
f 5009/4228/6781 4993/4412/6816 4991/4553/6781
f 4947/4240/6850 5040/4371/6788 4981/4234/6788
f 5072/4391/6818 5153/4411/6814 5105/4414/6818
f 5081/4218/6784 5159/4455/6849 5158/4366/6784
f 5129/4224/6811 5142/4518/6882 5051/4521/6811
f 5077/4203/6883 5047/4424/6827 5048/4519/6883
f 5090/4212/6824 5161/4524/6830 5085/4213/6830
f 5068/4237/6780 5151/4375/6791 5100/4364/6780
f 5164/4153/6630 5166/4155/6630 5165/4154/6630
f 5166/4155/6630 5167/4156/6630 5165/4154/6630
f 5167/4156/6630 5234/4157/6630 5165/4154/6630
f 5234/4157/6630 5168/4158/6630 5165/4154/6630
f 5168/4158/6630 5169/4159/6630 5165/4154/6630
f 5169/4159/6630 5237/4160/6630 5165/4154/6630
f 5237/4160/6630 5239/4161/6630 5165/4154/6630
f 5239/4161/6630 5170/4162/6630 5165/4154/6630
f 5170/4162/6630 5171/4163/6630 5165/4154/6630
f 5171/4163/6630 5242/4164/6630 5165/4154/6630
f 5242/4164/6630 5243/4165/6630 5165/4154/6630
f 5243/4165/6630 5244/4166/6630 5165/4154/6630
f 5244/4166/6630 5245/4167/6630 5165/4154/6630
f 5245/4167/6630 5172/4168/6630 5165/4154/6630
f 5172/4168/6630 5248/4169/6630 5165/4154/6630
f 5248/4169/6630 5173/4170/6630 5165/4154/6630
f 5173/4170/6630 5174/4171/6630 5165/4154/6630
f 5174/4171/6630 5175/4172/6630 5165/4154/6630
f 5175/4172/6630 5176/4173/6630 5165/4154/6630
f 5176/4173/6630 5177/4174/6630 5165/4154/6630
f 5177/4174/6630 5178/4175/6630 5165/4154/6630
f 5178/4175/6630 5179/4176/6630 5165/4154/6630
f 5179/4176/6630 5180/4177/6630 5165/4154/6630
f 5180/4177/6630 5164/4153/6630 5165/4154/6630
f 5181/4178/6629 5182/4180/6888 5460/4179/6889
f 5181/4178/6629 5461/4181/6890 5182/4180/6888
f 5181/4178/6629 5463/4182/6891 5461/4181/6890
f 5181/4178/6629 5464/4183/6892 5463/4182/6891
f 5181/4178/6629 5183/4184/6893 5464/4183/6892
f 5181/4178/6629 5466/4185/6894 5183/4184/6893
f 5181/4178/6629 5184/4186/6895 5466/4185/6894
f 5181/4178/6629 5185/4187/6896 5184/4186/6895
f 5181/4178/6629 5186/4188/6897 5185/4187/6896
f 5181/4178/6629 5469/4189/6898 5186/4188/6897
f 5181/4178/6629 5187/4190/6899 5469/4189/6898
f 5181/4178/6629 5472/4191/6900 5187/4190/6899
f 5181/4178/6629 5188/4192/6901 5472/4191/6900
f 5181/4178/6629 5473/4193/6902 5188/4192/6901
f 5181/4178/6629 5474/4194/6903 5473/4193/6902
f 5181/4178/6629 5475/4195/6904 5474/4194/6903
f 5181/4178/6629 5476/4196/6905 5475/4195/6904
f 5181/4178/6629 5477/4197/6906 5476/4196/6905
f 5181/4178/6629 5189/4198/6907 5477/4197/6906
f 5181/4178/6629 5478/4199/6908 5189/4198/6907
f 5181/4178/6629 5480/4200/6909 5478/4199/6908
f 5181/4178/6629 5482/4201/6910 5480/4200/6909
f 5181/4178/6629 5483/4202/6911 5482/4201/6910
f 5181/4178/6629 5460/4179/6889 5483/4202/6911
f 5327/4204/6656 5324/4203/6655 5325/4205/6655
f 5377/4207/6658 5330/4206/6657 5378/4208/6658
f 5325/4205/6655 5322/4209/6659 5323/4210/6659
f 5337/4212/6661 5335/4211/6660 5332/4213/6660
f 5327/4204/6656 5372/4214/6662 5326/4215/6656
f 5495/4217/6664 5446/4216/6663 5443/4218/6663
f 5432/4220/6666 5485/4219/6665 5431/4221/6666
f 5329/4222/6657 5331/4216/6663 5330/4206/6657
f 5380/4217/6664 5331/4216/6663 5328/4218/6663
f 5373/4225/6668 5376/4224/6667 5374/4226/6668
f 5380/4217/6664 5334/4227/6669 5379/4223/6664
f 5487/4214/6662 5488/4225/6668 5489/4226/6668
f 5336/4229/6670 5340/4230/6671 5339/4413/6670
f 5375/4232/6667 5378/4208/6658 5376/4224/6667
f 5452/4212/6661 5450/4211/6660 5447/4213/6660
f 5442/4204/6656 5439/4203/6655 5440/4205/6655
f 5438/4210/6659 5439/4203/6655 5437/4209/6659
f 5444/4222/6657 5446/4216/6663 5445/4206/6657
f 5456/4231/6671 5457/4233/6672 5455/4230/6671
f 5488/4225/6668 5491/4224/6667 5489/4226/6668
f 5333/4235/6669 5335/4211/6660 5334/4227/6669
f 5448/4235/6669 5450/4211/6660 5449/4227/6669
f 5494/4223/6664 5448/4235/6669 5449/4227/6669
f 5430/4237/6674 5427/4236/6673 5428/4238/6673
f 5309/4240/6676 5311/4239/6675 5310/4241/6676
f 5193/4243/6912 5196/4242/6913 5195/4244/6913
f 5214/4245/6914 5213/4246/6915 5215/4565/6914
f 5201/4248/6916 5200/4249/6917 5202/4254/6916
f 5214/4245/6914 5306/4251/6918 5232/4252/6918
f 5203/4253/6919 5202/4254/6916 5294/4566/6919
f 5252/4255/6920 5232/4252/6921 5216/4256/6920
f 5254/4257/6922 5216/4256/6920 5191/4258/6922
f 5226/4259/6923 5224/4260/6924 5225/4277/6924
f 5227/4263/6925 5226/4259/6923 5207/4262/6925
f 5232/4252/6921 5230/4264/6926 5214/4245/6926
f 5262/4267/6927 5220/4266/6928 5221/4268/6927
f 5199/4271/6929 5264/4469/6930 5222/4269/6930
f 5281/4273/6931 5229/4272/6932 5212/4247/6931
f 5192/4275/6933 5254/4257/6922 5191/4258/6922
f 5224/4260/6924 5204/4276/6934 5225/4277/6924
f 5268/4278/6935 5199/4271/6929 5223/4250/6935
f 5230/4264/6926 5212/4247/6931 5214/4245/6926
f 5204/4276/6934 5270/4279/6936 5203/4253/6936
f 5257/4281/6937 5192/4275/6933 5217/4282/6937
f 5210/4283/6938 5277/4284/6939 5208/4437/6939
f 5169/4159/6940 5238/4286/6941 5237/4160/6942
f 5242/4164/6943 5241/4287/6944 5263/4476/6945
f 5239/4161/6946 5240/4288/6947 5170/4162/6947
f 5172/4168/6948 5271/4289/6949 5248/4169/6949
f 5166/4155/6950 5253/4471/6951 5167/4156/6951
f 5164/4153/6952 5251/4291/6953 5282/4567/6952
f 5171/4163/6944 5240/4288/6947 5241/4287/6944
f 5164/4153/6952 5233/4290/6950 5166/4155/6950
f 5180/4177/6954 5280/4292/6955 5251/4291/6953
f 5244/4166/6956 5265/4293/6957 5267/4568/6956
f 5169/4159/6940 5235/4294/6958 5236/4569/6940
f 5173/4170/6959 5271/4289/6949 5249/4479/6960
f 5244/4166/6956 5246/4295/6961 5245/4167/6961
f 5249/4296/6962 5274/4261/6963 5273/4297/6963
f 5259/4299/6964 5261/4298/6965 5240/4300/6965
f 5276/4301/6966 5227/4263/6967 5277/4284/6966
f 5238/4304/6968 5260/4303/6964 5259/4299/6964
f 5233/4305/6969 5254/4257/6970 5253/4306/6970
f 5271/4307/6971 5270/4279/6972 5272/4280/6971
f 5246/4309/6973 5270/4279/6972 5247/4308/6972
f 5271/4307/6971 5224/4260/6962 5249/4296/6962
f 5255/4310/6974 5254/4257/6970 5256/4274/6974
f 5279/4311/6975 5281/4273/6976 5280/4312/6976
f 5251/4313/6977 5281/4273/6976 5230/4264/6977
f 5276/4301/6966 5278/4285/6978 5250/4314/6978
f 5255/4310/6974 5257/4281/6979 5235/4315/6979
f 5251/4313/6977 5231/4265/6980 5282/4316/6980
f 5235/4315/6979 5258/4317/6981 5236/4318/6981
f 5393/4320/6761 5346/4319/6752 5404/4321/6761
f 5416/4322/6832 5360/4323/6757 5361/4502/6757
f 5284/4325/6748 5382/4326/6754 5383/4355/6748
f 5346/4319/6752 5391/4328/6753 5403/4550/6982
f 5215/4330/6875 5304/4331/6846 5305/4570/6875
f 5490/4232/6667 5493/4208/6658 5491/4224/6667
f 5361/4333/6751 5415/4334/6766 5505/4434/6751
f 5363/4336/6878 5416/4322/6832 5364/4337/6878
f 5194/4338/6886 5286/4339/6749 5384/4559/6886
f 5418/4342/6795 5508/4341/6796 5419/4343/6796
f 5411/4344/6869 5410/4345/6870 5503/4571/6869
f 5474/4194/6757 5518/4347/6758 5473/4193/6758
f 5396/4350/6880 5406/4349/6805 5349/4351/6808
f 5294/4352/6983 5293/4353/6797 5295/4572/6800
f 5285/4340/6749 5383/4355/6748 5286/4339/6749
f 5371/4228/6662 5374/4226/6668 5372/4214/6662
f 5391/4358/6821 5313/4238/6828 5308/4356/6821
f 5457/4233/6788 5422/4359/6787 5455/4230/6787
f 5370/4219/6786 5384/4361/6791 5316/4221/6791
f 5507/4363/6831 5494/4223/6849 5449/4227/6831
f 5313/4238/6828 5393/4364/6829 5315/4237/6829
f 5397/4365/6884 5371/4228/6881 5327/4204/6884
f 5329/4222/6848 5362/4366/6790 5328/4218/6790
f 5395/4369/6776 5320/4368/6820 5369/4370/6776
f 5485/4219/6786 5500/4361/6791 5431/4221/6791
f 5481/4372/6775 5458/4234/6774 5456/4231/6775
f 5359/4373/6812 5329/4222/6848 5377/4207/6812
f 5300/4374/6849 5331/4216/6784 5379/4223/6849
f 5301/4363/6831 5379/4223/6849 5334/4227/6831
f 5513/4375/6777 5484/4370/6776 5432/4220/6777
f 5190/4376/6809 5307/4377/6984 5381/4573/6809
f 5352/4346/6870 5409/4379/6799 5410/4345/6870
f 5523/4381/6762 5477/4197/6763 5189/4198/6762
f 5346/4382/6748 5497/4383/6754 5498/4574/6748
f 5472/4191/6771 5470/4385/6985 5187/4190/6985
f 5350/4387/6794 5349/4351/6808 5408/4388/6794
f 5188/4192/6803 5471/4386/6771 5472/4191/6771
f 5190/4376/6809 5382/4326/6754 5283/4327/6754
f 5319/4391/6802 5321/4390/6801 5320/4392/6801
f 5341/4231/6671 5342/4233/6672 5340/4230/6671
f 5358/4393/6800 5415/4334/6766 5414/4335/6766
f 5467/4394/6880 5466/4185/6805 5184/4186/6808
f 5411/4344/6869 5412/4395/6986 5354/4396/6986
f 5406/4397/6767 5501/4398/6885 5502/4575/6767
f 5462/4400/6761 5461/4181/6752 5463/4182/6761
f 5356/4401/6771 5353/4402/6985 5354/4554/6985
f 5419/4343/6796 5420/4404/6847 5366/4405/6847
f 5349/4406/6769 5409/4379/6799 5408/4380/6799
f 5459/4407/6753 5460/4179/6792 5182/4180/6982
f 5475/4195/6832 5519/4348/6757 5474/4194/6757
f 5369/4370/6665 5321/4409/6801 5370/4219/6665
f 5317/4220/6666 5370/4219/6665 5316/4221/6666
f 5296/4410/6789 5376/4224/6815 5378/4208/6789
f 5515/4411/6827 5440/4205/6883 5438/4210/6827
f 5355/4412/6882 5375/4232/6811 5373/4225/6882
f 5518/4373/6812 5444/4222/6848 5492/4207/6812
f 5305/4359/6787 5339/4413/6823 5340/4230/6787
f 5319/4391/6826 5350/4411/6827 5323/4210/6827
f 5450/4211/6830 5507/4363/6831 5449/4227/6831
f 5436/4409/6785 5501/4362/6786 5485/4219/6786
f 5426/4239/6772 5496/4417/6850 5425/4241/6850
f 5524/4419/6825 5451/4229/6817 5452/4212/6825
f 5455/4230/6787 5509/4420/6823 5454/4413/6823
f 5420/4421/6824 5450/4211/6830 5453/4422/6824
f 5321/4409/6785 5385/4362/6786 5370/4219/6786
f 5289/4424/6814 5318/4423/6818 5322/4209/6814
f 5479/4425/6817 5456/4231/6775 5451/4229/6817
f 5311/4239/6772 5381/4417/6850 5310/4241/6850
f 5498/4426/6773 5426/4239/6772 5427/4236/6773
f 5499/4427/6780 5427/4236/6773 5429/4428/6780
f 5522/4429/6779 5447/4213/6819 5448/4235/6779
f 5471/4412/6882 5490/4232/6811 5488/4225/6882
f 5206/4430/6750 5298/4431/6751 5389/4576/6750
f 5416/4433/6750 5505/4434/6751 5506/4577/6750
f 5229/4272/6987 5213/4246/6915 5212/4247/6915
f 5225/4277/6988 5206/4435/6989 5226/4259/6989
f 5232/4252/6918 5190/4436/6990 5216/4256/6990
f 5208/4437/6991 5299/4438/6992 5209/4462/6991
f 5203/4253/6919 5205/4439/6993 5204/4276/6993
f 5220/4266/6994 5288/4440/6995 5221/4268/6995
f 5210/4283/6996 5211/4441/6987 5229/4272/6987
f 5199/4271/6997 5290/4442/6998 5291/4460/6997
f 5432/4220/6666 5429/4428/6674 5430/4237/6674
f 5323/4210/6659 5318/4423/6802 5319/4391/6802
f 5211/4443/6847 5304/4331/6846 5213/4332/6846
f 5294/4352/6983 5296/4444/6766 5205/4445/6766
f 5521/4446/6878 5475/4195/6832 5476/4196/6878
f 5347/4399/6885 5500/4447/6886 5501/4398/6885
f 5364/4450/6759 5507/4449/6795 5418/4342/6795
f 5518/4347/6758 5188/4192/6803 5473/4193/6758
f 5367/4451/6756 5365/4452/6807 5366/4547/6807
f 5434/4391/6802 5437/4209/6659 5433/4423/6802
f 5330/4206/6783 5296/4410/6789 5378/4208/6789
f 5328/4218/6790 5363/4455/6778 5380/4217/6778
f 5409/4424/6814 5433/4423/6818 5437/4209/6814
f 5287/4456/6818 5321/4390/6785 5318/4423/6818
f 5365/4419/6825 5336/4229/6817 5337/4212/6825
f 5509/4420/6823 5453/4422/6824 5454/4413/6823
f 5357/4457/6811 5377/4207/6812 5375/4232/6811
f 5435/4392/6820 5467/4414/6826 5434/4391/6826
f 5511/4459/6822 5423/4356/6821 5424/4240/6822
f 5417/4374/6849 5446/4216/6784 5494/4223/6849
f 5312/4236/6773 5382/4418/6772 5311/4239/6772
f 5223/4250/6917 5291/4460/6997 5200/4249/6917
f 5217/4282/6999 5194/4461/6912 5193/4243/6912
f 5210/4283/6996 5209/4462/6991 5302/4578/6996
f 5204/4276/6993 5297/4463/6988 5225/4277/6988
f 5192/4275/7000 5285/4464/6999 5217/4282/6999
f 5195/4244/6913 5197/4465/7001 5219/4466/7001
f 5191/4258/7002 5190/4436/6990 5283/4579/7002
f 5203/4253/6936 5269/4467/7003 5201/4248/7003
f 5208/4437/6939 5227/4263/6925 5207/4262/6925
f 5218/4468/7004 5193/4243/7005 5195/4244/7004
f 5260/4303/7006 5195/4244/7004 5219/4466/7006
f 5261/4298/6928 5219/4466/7006 5220/4266/6928
f 5269/4467/7003 5223/4250/6935 5201/4248/7003
f 5222/4269/6930 5262/4267/6927 5221/4268/6927
f 5228/4470/6932 5210/4283/6938 5229/4272/6932
f 5258/4317/7005 5217/4282/6937 5193/4243/7005
f 5234/4157/7007 5253/4471/6951 5255/4472/7007
f 5168/4158/7008 5255/4472/7007 5235/4294/6958
f 5172/4168/6948 5246/4295/6961 5247/4473/6948
f 5178/4175/7009 5250/4474/7010 5279/4580/7009
f 5237/4160/6942 5259/4475/6946 5239/4161/6946
f 5243/4165/7011 5263/4476/6945 5265/4293/6957
f 5178/4175/7009 5280/4292/6955 5179/4176/6955
f 5176/4173/7012 5250/4474/7010 5177/4174/7010
f 5175/4172/7013 5276/4477/7012 5176/4173/7012
f 5174/4171/7014 5275/4478/7015 5175/4172/7013
f 5174/4171/7014 5249/4479/6960 5273/4581/7014
f 5411/4480/6764 5351/4481/6765 5352/4490/6765
f 5246/4309/6973 5268/4278/7016 5269/4467/6973
f 5236/4318/6981 5218/4468/6968 5238/4304/6968
f 5275/4302/6967 5274/4261/6963 5227/4263/6967
f 5282/4316/6980 5252/4255/6969 5233/4305/6969
f 5240/4300/6965 5262/4267/7017 5241/4484/7017
f 5250/4314/6978 5228/4470/6975 5279/4311/6975
f 5265/4485/7018 5268/4278/7016 5267/4483/7016
f 5265/4485/7018 5264/4469/7019 5266/4270/7018
f 5263/4486/7019 5262/4267/7017 5264/4469/7019
f 5402/4488/6879 5421/4487/6755 5368/4489/6879
f 5352/4490/6765 5350/4387/6794 5408/4388/6794
f 5358/4491/6803 5355/4403/6771 5356/4401/6771
f 5197/4493/6767 5385/4494/6885 5386/4582/6767
f 5299/4497/7020 5301/4496/6795 5209/4498/6795
f 5421/4499/6875 5510/4353/6876 5368/4500/6984
f 5406/4397/6767 5407/4501/6769 5349/4406/6769
f 5361/4502/6757 5359/4503/6758 5414/4564/6758
f 5313/4238/6673 5311/4239/6675 5308/4356/6675
f 5313/4238/6673 5314/4428/6674 5312/4236/6673
f 5424/4240/6676 5426/4239/6675 5425/4241/6676
f 5428/4238/6673 5426/4239/6675 5423/4356/6675
f 5338/4422/6661 5336/4229/6670 5339/4413/6670
f 5399/4505/6762 5418/4504/6763 5419/4506/6762
f 5290/4507/6870 5289/4508/6799 5387/4558/6870
f 5206/4430/6750 5300/4510/6759 5299/4497/7020
f 5461/4181/6752 5459/4407/6753 5182/4180/6982
f 5197/4493/6767 5287/4512/6769 5198/4513/6769
f 5398/4514/6763 5364/4337/6878 5418/4504/6763
f 5302/4516/7021 5303/4515/6847 5211/4443/6847
f 5209/4498/6795 5390/4517/6796 5302/4516/7021
f 5492/4207/6658 5445/4206/6657 5493/4208/6658
f 5441/4215/6656 5486/4228/6662 5487/4214/6662
f 5338/4422/6824 5390/4415/6830 5335/4211/6830
f 5323/4210/6827 5351/4523/6883 5325/4205/6883
f 5465/4369/6776 5435/4368/6820 5484/4370/6776
f 5293/4518/6816 5372/4214/6781 5374/4226/6816
f 5324/4203/6813 5289/4424/6814 5322/4209/6814
f 5292/4520/6781 5326/4215/6782 5372/4214/6781
f 5496/4417/6850 5457/4233/6788 5425/4241/6850
f 5376/4224/6815 5293/4518/6816 5374/4226/6816
f 5423/4356/6821 5512/4357/6828 5428/4238/6828
f 5389/4522/6784 5330/4206/6783 5331/4216/6784
f 5304/4420/6823 5338/4422/6824 5339/4413/6823
f 5335/4211/6830 5301/4363/6831 5334/4227/6831
f 5398/4429/6779 5332/4213/6819 5333/4235/6779
f 5381/4417/6850 5342/4233/6788 5310/4241/6850
f 5428/4238/6828 5462/4364/6829 5430/4237/6829
f 5384/4361/6791 5314/4428/6780 5316/4221/6791
f 5342/4233/6788 5305/4359/6787 5340/4230/6787
f 5320/4392/6820 5396/4414/6826 5319/4391/6826
f 5504/4518/6816 5487/4214/6781 5489/4226/6816
f 5315/4237/6829 5394/4375/6777 5317/4220/6777
f 5351/4523/6883 5327/4204/6884 5325/4205/6883
f 5399/4524/6819 5337/4212/6825 5332/4213/6819
f 5380/4217/6778 5398/4429/6779 5333/4235/6779
f 5516/4523/6883 5442/4204/6884 5440/4205/6883
f 5341/4231/6775 5402/4371/6774 5343/4234/6774
f 5345/4525/6809 5497/4383/6754 5403/4384/6754
f 5198/4513/6769 5289/4508/6799 5288/4509/6799
f 5366/4405/6847 5509/4526/6846 5367/4527/6846
f 5480/4200/6756 5524/4528/6807 5478/4199/6807
f 5404/4530/6749 5500/4447/6886 5405/4448/6886
f 5345/4525/6809 5510/4353/6876 5496/4545/6809
f 5297/4432/6751 5296/4444/6766 5298/4431/6751
f 5515/4531/6794 5184/4186/6808 5185/4187/6794
f 5215/4330/6875 5307/4377/6984 5306/4378/6984
f 5524/4528/6807 5189/4198/6762 5478/4199/6807
f 5482/4201/6755 5479/4529/6756 5480/4200/6756
f 5421/4499/6875 5509/4526/6846 5422/4583/6875
f 5347/4533/6877 5394/4534/6760 5405/4536/6760
f 5317/4220/6666 5314/4428/6674 5315/4237/6674
f 5435/4392/6801 5433/4423/6802 5436/4390/6801
f 5484/4370/6665 5436/4409/6801 5485/4219/6665
f 5453/4422/6661 5451/4229/6670 5454/4413/6670
f 5451/4229/6670 5455/4230/6671 5454/4413/6670
f 5394/4534/6760 5404/4321/6761 5405/4536/6760
f 5183/4184/6877 5513/4537/6760 5464/4183/6760
f 5466/4185/6805 5465/4538/6806 5183/4184/6877
f 5358/4393/6800 5504/4540/6797 5413/4584/6800
f 5346/4382/6748 5499/4542/6749 5404/4530/6749
f 5469/4189/6764 5516/4543/6765 5186/4188/6765
f 5513/4537/6760 5463/4182/6761 5464/4183/6760
f 5202/4354/6797 5292/4545/6986 5293/4353/6797
f 5365/4452/6807 5419/4506/6762 5366/4547/6807
f 5522/4548/6763 5476/4196/6878 5477/4197/6763
f 5391/4328/6753 5345/4549/6792 5403/4550/6982
f 5525/4551/6879 5482/4201/6755 5483/4202/6879
f 5424/4240/6676 5457/4233/6672 5458/4234/6672
f 5468/4365/6884 5486/4228/6881 5442/4204/6884
f 5314/4428/6780 5383/4426/6773 5312/4236/6773
f 5441/4215/6782 5410/4519/6813 5439/4203/6813
f 5415/4410/6789 5491/4224/6815 5493/4208/6789
f 5506/4522/6784 5445/4206/6783 5446/4216/6784
f 5400/4425/6817 5341/4231/6775 5336/4229/6817
f 5486/4228/6881 5471/4412/6882 5488/4225/6882
f 5344/4459/6822 5308/4356/6821 5309/4240/6822
f 5326/4215/6782 5387/4519/6813 5324/4203/6813
f 5500/4361/6791 5429/4428/6780 5431/4221/6791
f 5394/4375/6777 5369/4370/6776 5317/4220/6777
f 5490/4232/6811 5518/4373/6812 5492/4207/6812
f 5444/4222/6848 5520/4366/6790 5443/4218/6790
f 5495/4217/6778 5522/4429/6779 5448/4235/6779
f 5412/4520/6781 5441/4215/6782 5487/4214/6781
f 5458/4234/6774 5511/4459/6822 5424/4240/6822
f 5353/4402/6985 5411/4480/6764 5354/4554/6985
f 5356/4541/6797 5412/4395/6986 5504/4540/6797
f 5416/4433/6750 5417/4555/6759 5364/4450/6759
f 5470/4385/6985 5469/4189/6764 5187/4190/6985
f 5345/4549/6792 5402/4488/6879 5368/4489/6879
f 5186/4188/6765 5515/4531/6794 5185/4187/6794
f 5291/4557/6869 5387/4558/6870 5388/4585/6869
f 5196/4495/6885 5384/4559/6886 5385/4494/6885
f 5220/4266/6994 5197/4465/7001 5198/4586/6994
f 5221/4268/6995 5290/4442/6998 5222/4269/6998
f 5192/4275/7000 5283/4579/7002 5284/4560/7000
f 5226/4259/6989 5299/4438/6992 5207/4262/6992
f 5291/4557/6869 5292/4545/6986 5200/4546/6986
f 5460/4179/6792 5525/4551/6879 5483/4202/6879
f 5406/4349/6805 5395/4535/6806 5347/4533/6877
f 5421/4487/6755 5400/4453/6756 5367/4451/6756
f 5359/4503/6758 5358/4491/6803 5414/4564/6758
f 5343/4234/6672 5310/4241/6676 5342/4233/6672
f 5445/4206/6783 5415/4410/6789 5493/4208/6789
f 5407/4456/6818 5436/4390/6785 5433/4423/6818
f 5371/4228/6881 5355/4412/6882 5373/4225/6882
f 5343/4234/6774 5344/4459/6822 5309/4240/6822
f 5434/4391/6826 5515/4411/6827 5438/4210/6827
f 5443/4218/6790 5521/4455/6778 5495/4217/6778
f 5413/4521/6815 5489/4226/6816 5491/4224/6815
f 5439/4203/6813 5409/4424/6814 5437/4209/6814
f 5523/4524/6819 5452/4212/6825 5447/4213/6819
f 5430/4237/6829 5513/4375/6777 5432/4220/6777
f 4962/4203/6655 4964/4215/6656 4965/4204/6656
f 4968/4206/6657 4967/4222/6657 5015/4207/6658
f 4960/4209/6659 4962/4203/6655 4963/4205/6655
f 4973/4211/6660 4976/4422/6661 4975/4212/6661
f 5010/4214/6662 5009/4228/6662 4965/4204/6656
f 5084/4216/6663 5132/4223/6664 5133/4217/6664
f 5123/4219/6665 5122/4370/6665 5070/4220/6666
f 4969/4216/6663 4966/4218/6663 4967/4222/6657
f 4966/4218/6663 4969/4216/6663 5017/4223/6664
f 5014/4224/6667 5013/4232/6667 5011/4225/6668
f 4972/4227/6669 4971/4235/6669 5018/4217/6664
f 5125/4214/6662 5127/4226/6668 5126/4225/6668
f 4974/4229/6670 4977/4413/6670 4978/4230/6671
f 5016/4208/6658 5015/4207/6658 5013/4232/6667
f 5088/4211/6660 5091/4422/6661 5090/4212/6661
f 5078/4205/6655 5077/4203/6655 5079/4215/6656
f 5076/4210/6659 5075/4209/6659 5077/4203/6655
f 5084/4216/6663 5081/4218/6663 5082/4222/6657
f 5094/4231/6671 5093/4230/6671 5095/4233/6672
f 5129/4224/6667 5128/4232/6667 5126/4225/6668
f 4973/4211/6660 4970/4213/6660 4971/4235/6669
f 5088/4211/6660 5085/4213/6660 5086/4235/6669
f 5132/4223/6664 5087/4227/6669 5086/4235/6669
f 5065/4236/6673 5067/4428/6674 5068/4237/6674
f 4949/4239/6675 4946/4356/6675 4947/4240/6676
f 4834/4242/6677 4832/4461/6678 4831/4243/6678
f 4852/4245/6679 4853/4565/6679 4851/4246/6680
f 4839/4248/6681 4840/4254/6681 4838/4249/6682
f 4944/4251/6683 4853/4565/6679 4852/4245/6679
f 4841/4253/6684 4932/4566/6684 4840/4254/6681
f 4870/4252/6685 4869/4265/6685 4890/4255/6686
f 4854/4256/6686 4890/4255/6686 4892/4257/6687
f 4864/4259/6688 4863/4277/6689 4862/4260/6689
f 4845/4262/6690 4864/4259/6688 4912/4261/6688
f 4870/4252/6685 4852/4245/6691 4868/4264/6691
f 4858/4266/6692 4899/4298/6692 4900/4267/6693
f 4860/4269/6694 4902/4469/6694 4904/4270/6695
f 4867/4272/6696 4866/4470/6696 4919/4273/6697
f 4829/4258/6687 4892/4257/6687 4894/4274/6698
f 4842/4276/6699 4910/4280/6699 4862/4260/6689
f 4837/4271/6695 4904/4270/6695 4906/4278/6700
f 4850/4247/6697 4919/4273/6697 4868/4264/6691
f 4842/4276/6699 4841/4253/6701 4908/4279/6701
f 4830/4275/6698 4894/4274/6698 4895/4281/6702
f 4848/4283/6703 4846/4437/6704 4915/4284/6704
f 4876/4286/6705 4874/4569/6706 4807/4159/6706
f 4880/4164/6708 4901/4476/6863 4879/4287/6709
f 4878/4288/6710 4897/4475/6711 4877/4161/6711
f 4909/4289/6713 4885/4473/6714 4810/4168/6714
f 4805/4156/6715 4891/4471/6860 4871/4290/6716
f 4802/4153/6717 4920/4567/6717 4889/4291/6718
f 4879/4287/6709 4878/4288/6710 4808/4162/6712
f 4871/4290/6716 4920/4567/6717 4802/4153/6717
f 4818/4177/6719 4889/4291/6718 4918/4292/6720
f 4882/4166/6721 4905/4568/6721 4903/4293/6722
f 4807/4159/6706 4874/4569/6706 4873/4294/6724
f 4811/4170/6726 4887/4479/6868 4909/4289/6713
f 4884/4295/6727 4905/4568/6721 4882/4166/6721
f 4912/4261/6728 4862/4260/6729 4887/4296/6729
f 4899/4298/6730 4898/4303/6731 4897/4299/6731
f 4914/4301/6732 4915/4284/6732 4865/4263/6733
f 4898/4303/6731 4856/4468/6734 4876/4304/6734
f 4892/4257/6735 4890/4255/6736 4871/4305/6736
f 4909/4307/6737 4910/4280/6737 4908/4279/6738
f 4908/4279/6738 4907/4467/6739 4884/4309/6739
f 4862/4260/6729 4910/4280/6737 4909/4307/6737
f 4893/4310/6740 4894/4274/6740 4892/4257/6735
f 4919/4273/6741 4866/4470/6742 4917/4311/6742
f 4889/4313/6743 4868/4264/6743 4919/4273/6741
f 4916/4285/6744 4915/4284/6732 4914/4301/6732
f 4895/4281/6745 4894/4274/6740 4893/4310/6740
f 4869/4265/6746 4868/4264/6743 4889/4313/6743
f 4896/4317/6747 4895/4281/6745 4873/4315/6745
f 4984/4319/6748 5030/4329/6748 5031/4320/6749
f 5054/4322/6750 4999/4502/6751 4998/4323/6751
f 4922/4325/6752 5021/4355/6752 5020/4326/6753
f 4984/4319/6748 5041/4550/6810 5029/4328/6754
f 4853/4330/6755 4943/4570/6755 4942/4331/6756
f 5131/4208/6658 5130/4207/6658 5128/4232/6667
f 4999/4333/6757 5143/4434/6757 5053/4334/6758
f 5054/4322/6750 5000/4324/6750 5001/4336/6759
f 4832/4338/6760 5022/4559/6760 4924/4339/6761
f 5146/4341/6762 5145/4449/6763 5056/4342/6763
f 5049/4344/6764 5141/4571/6764 5048/4345/6765
f 5112/4194/6751 5111/4193/6766 5156/4347/6766
f 5044/4349/6767 4986/4562/6767 5034/4350/6768
f 4932/4352/6770 4933/4572/6803 4931/4353/6771
f 4923/4340/6761 4924/4339/6761 5021/4355/6752
f 5012/4226/6668 5011/4225/6668 5009/4228/6662
f 4946/4356/6772 4951/4238/6773 5030/4357/6773
f 5095/4233/6774 5093/4230/6775 5060/4359/6775
f 5008/4219/6776 4954/4221/6777 5022/4361/6777
f 5132/4223/6778 5055/4374/6778 5145/4363/6779
f 4951/4238/6773 4953/4237/6780 5031/4364/6780
f 5009/4228/6781 4991/4553/6781 5035/4365/6782
f 4967/4222/6783 4966/4218/6784 5000/4366/6784
f 4958/4368/6785 4986/4587/6785 5033/4369/6786
f 5123/4219/6776 5069/4221/6777 5138/4361/6777
f 5094/4231/6787 5096/4234/6788 5163/4371/6788
f 4967/4222/6783 4998/4367/6783 4997/4373/6789
f 4969/4216/6790 5027/4522/6790 4938/4374/6778
f 5017/4223/6778 4938/4374/6778 4939/4363/6779
f 5122/4370/6786 5103/4369/6786 5151/4375/6791
f 4828/4376/6792 5019/4573/6792 4945/4377/6793
f 4990/4346/6765 5048/4345/6765 5047/4379/6794
f 5115/4197/6795 5160/4548/6795 5161/4381/6796
f 4984/4382/6752 5136/4574/6752 5135/4383/6753
f 5110/4191/6797 4825/4190/6798 5108/4385/6798
f 4987/4351/6769 5034/4350/6768 4988/4387/6799
f 4826/4192/6800 5110/4191/6797 5109/4386/6797
f 5020/4326/6753 5019/4573/6792 4828/4376/6792
f 4959/4390/6801 4956/4423/6802 4957/4391/6802
f 4979/4231/6671 4978/4230/6671 4980/4233/6672
f 5053/4334/6758 5051/4584/6803 4996/4393/6803
f 5104/4185/6767 5152/4539/6767 5105/4394/6769
f 5050/4395/6804 5141/4571/6764 5049/4344/6764
f 5044/4397/6805 5140/4575/6805 5139/4398/6806
f 5099/4181/6748 5150/4511/6748 5100/4400/6749
f 4994/4401/6797 4992/4554/6798 4991/4402/6798
f 5058/4404/6807 5146/4341/6762 5057/4343/6762
f 5047/4379/6794 5045/4501/6880 4987/4406/6808
f 5098/4179/6809 5149/4561/6809 5097/4407/6754
f 5113/4195/6750 5112/4194/6751 5157/4348/6751
f 4959/4409/6801 4958/4368/6801 5007/4370/6665
f 5008/4219/6665 5007/4370/6665 4955/4220/6666
f 5014/4224/6811 4933/4521/6811 4934/4410/6812
f 5078/4205/6813 5154/4523/6813 5153/4411/6814
f 5013/4232/6815 4995/4457/6815 4993/4412/6816
f 5082/4222/6783 5157/4367/6783 5156/4373/6789
f 4977/4413/6817 4942/4420/6817 4943/4359/6775
f 4957/4391/6818 4961/4210/6814 4988/4411/6814
f 5088/4211/6819 5087/4227/6779 5145/4363/6779
f 5074/4409/6820 5123/4219/6776 5139/4362/6776
f 5064/4239/6821 5063/4241/6822 5134/4417/6822
f 5089/4229/6823 5117/4425/6823 5162/4419/6824
f 5093/4230/6775 5092/4413/6817 5147/4420/6817
f 5088/4211/6819 5146/4415/6819 5058/4421/6825
f 4959/4409/6820 5008/4219/6776 5023/4362/6776
f 4956/4423/6826 4925/4456/6826 4927/4424/6827
f 5094/4231/6787 5119/4372/6787 5117/4425/6823
f 4949/4239/6821 4948/4241/6822 5019/4417/6822
f 5064/4239/6821 5135/4418/6821 5136/4426/6828
f 5065/4236/6828 5136/4426/6828 5137/4427/6829
f 5085/4213/6830 5161/4524/6830 5160/4429/6831
f 5128/4232/6815 5155/4457/6815 5109/4412/6816
f 4844/4430/6832 5027/4576/6832 4936/4431/6757
f 5054/4433/6832 5144/4577/6832 5143/4434/6757
f 4851/4246/6680 4849/4441/6833 4867/4272/6833
f 4844/4435/6834 4935/4463/6835 4863/4277/6835
f 4828/4436/6836 4944/4251/6683 4870/4252/6683
f 4846/4437/6837 4847/4462/6837 4937/4438/6838
f 4843/4439/6839 4932/4566/6684 4841/4253/6684
f 4926/4440/6840 4836/4586/6841 4858/4266/6841
f 4849/4441/6833 4940/4578/6842 4848/4283/6842
f 4837/4271/6843 4929/4460/6843 4928/4442/6844
f 5067/4428/6674 5069/4221/6666 5070/4220/6666
f 4956/4423/6802 4960/4209/6659 4961/4210/6659
f 4942/4331/6756 4941/4515/6807 4849/4443/6807
f 4934/4444/6758 4933/4572/6803 4932/4352/6770
f 5113/4195/6750 5158/4408/6750 5159/4446/6759
f 4985/4399/6806 5139/4398/6806 5138/4447/6760
f 5145/4449/6763 5055/4555/6878 5002/4450/6845
f 4826/4192/6800 5155/4389/6800 5156/4347/6766
f 5005/4451/6846 5004/4547/6847 5003/4452/6847
f 5072/4391/6802 5071/4423/6802 5075/4209/6659
f 4968/4206/6848 5016/4208/6812 4934/4410/6812
f 4966/4218/6784 5018/4217/6849 5001/4455/6849
f 5071/4423/6826 5045/4456/6826 5047/4424/6827
f 4959/4390/6820 5024/4588/6820 4925/4456/6826
f 4974/4229/6823 5038/4425/6823 5003/4419/6824
f 5091/4422/6825 5058/4421/6825 5147/4420/6817
f 5013/4232/6815 5015/4207/6789 4997/4373/6789
f 5073/4392/6785 5072/4391/6818 5105/4414/6818
f 5061/4356/6772 5097/4358/6772 5149/4459/6850
f 5084/4216/6790 5144/4522/6790 5055/4374/6778
f 4950/4236/6828 4949/4239/6821 5020/4418/6821
f 4861/4250/6682 4838/4249/6682 4929/4460/6843
f 4832/4461/6678 4923/4464/6851 4855/4282/6851
f 4848/4283/6842 4940/4578/6842 4847/4462/6837
f 4935/4463/6835 4843/4439/6839 4842/4276/6839
f 4923/4464/6851 4922/4560/6852 4830/4275/6852
f 4835/4465/6853 4834/4242/6677 4833/4244/6677
f 4829/4258/6854 4921/4579/6854 4828/4436/6836
f 4841/4253/6701 4839/4248/6855 4907/4467/6855
f 4846/4437/6704 4845/4262/6690 4865/4263/6690
f 4831/4243/6856 4896/4317/6856 4856/4468/6857
f 4833/4244/6857 4856/4468/6857 4898/4303/6858
f 4857/4466/6858 4898/4303/6858 4899/4298/6692
f 4861/4250/6700 4906/4278/6700 4907/4467/6855
f 4860/4269/6694 4859/4268/6693 4900/4267/6693
f 4848/4283/6703 4916/4285/6703 4866/4470/6696
f 4855/4282/6702 4895/4281/6702 4896/4317/6856
f 4872/4157/6859 4893/4472/6859 4891/4471/6860
f 4806/4158/6725 4873/4294/6724 4893/4472/6859
f 4885/4473/6714 4884/4295/6727 4883/4167/6727
f 4816/4175/6861 4917/4580/6861 4888/4474/6862
f 4897/4475/6711 4876/4286/6705 4875/4160/6707
f 4881/4165/6723 4903/4293/6722 4901/4476/6863
f 4918/4292/6720 4917/4580/6861 4816/4175/6861
f 4888/4474/6862 4914/4477/6864 4814/4173/6864
f 4914/4477/6864 4913/4478/6866 4813/4172/6865
f 4913/4478/6866 4911/4581/6867 4812/4171/6867
f 4812/4171/6867 4911/4581/6867 4887/4479/6868
f 5049/4480/6869 4990/4490/6870 4989/4481/6870
f 4884/4309/6739 4907/4467/6739 4906/4278/6871
f 4856/4468/6734 4896/4317/6747 4874/4318/6747
f 4913/4302/6733 4865/4263/6733 4912/4261/6728
f 4890/4255/6736 4869/4265/6746 4920/4316/6746
f 4900/4267/6872 4899/4298/6730 4878/4300/6730
f 4866/4470/6742 4916/4285/6744 4888/4314/6744
f 4906/4278/6871 4904/4270/6873 4903/4485/6873
f 4903/4485/6873 4904/4270/6873 4902/4469/6874
f 4901/4486/6874 4902/4469/6874 4900/4267/6872
f 5059/4487/6875 5039/4563/6875 5040/4488/6876
f 4990/4490/6870 5046/4388/6799 4988/4387/6799
f 4996/4491/6800 4994/4401/6797 4993/4403/6797
f 4835/4493/6805 5024/4582/6805 5023/4494/6877
f 4939/4496/6763 4938/4510/6878 4937/4497/6878
f 5148/4353/6879 5060/4583/6755 5059/4499/6755
f 5045/4501/6880 5140/4575/6805 5044/4397/6805
f 4999/4502/6751 5052/4564/6766 4997/4503/6766
f 4949/4239/6675 4950/4236/6673 4951/4238/6673
f 4950/4236/6673 4952/4428/6674 4953/4237/6674
f 5064/4239/6675 5061/4356/6675 5062/4240/6676
f 5064/4239/6675 5065/4236/6673 5066/4238/6673
f 4976/4422/6661 4977/4413/6670 4974/4229/6670
f 5056/4504/6795 5036/4514/6795 5037/4505/6796
f 4928/4507/6765 5025/4558/6765 4927/4508/6794
f 4938/4510/6878 5027/4576/6832 4844/4430/6832
f 5099/4181/6748 4820/4180/6810 5097/4407/6754
f 4925/4512/6880 5024/4582/6805 4835/4493/6805
f 5002/4337/6759 5001/4336/6759 5036/4514/6795
f 4941/4515/6807 5028/4517/6762 4940/4516/6762
f 5028/4517/6762 4939/4496/6763 4847/4498/6763
f 5083/4206/6657 5082/4222/6657 5130/4207/6658
f 5079/4215/6656 5125/4214/6662 5124/4228/6662
f 4976/4422/6825 4973/4211/6819 5028/4415/6819
f 4963/4205/6813 4989/4523/6813 4988/4411/6814
f 5073/4368/6785 5152/4587/6785 5103/4369/6786
f 5010/4214/6881 4930/4520/6881 4931/4518/6882
f 4962/4203/6883 4960/4209/6827 4927/4424/6827
f 4964/4215/6884 5026/4552/6884 4930/4520/6881
f 5095/4233/6774 5148/4360/6774 5134/4417/6822
f 5014/4224/6811 5012/4226/6882 4931/4518/6882
f 5066/4238/6773 5150/4357/6773 5097/4358/6772
f 4968/4206/6848 4936/4454/6848 5027/4522/6790
f 4976/4422/6825 4941/4421/6825 4942/4420/6817
f 4973/4211/6819 4972/4227/6779 4939/4363/6779
f 4970/4213/6830 5037/4524/6830 5036/4429/6831
f 4980/4233/6774 4945/4360/6774 5019/4417/6822
f 5066/4238/6773 5068/4237/6780 5100/4364/6780
f 4952/4428/6829 4924/4427/6829 5022/4361/6777
f 4980/4233/6774 4978/4230/6775 4943/4359/6775
f 4958/4392/6785 4957/4391/6818 5034/4414/6818
f 5125/4214/6881 5050/4520/6881 5142/4518/6882
f 4953/4237/6780 4955/4220/6791 5032/4375/6791
f 4965/4204/6782 5035/4365/6782 4989/4523/6813
f 4975/4212/6824 5003/4419/6824 5037/4524/6830
f 5018/4217/6849 4971/4235/6831 5036/4429/6831
f 5080/4204/6782 5106/4365/6782 5154/4523/6813
f 4979/4231/6787 4981/4234/6788 5040/4371/6788
f 5135/4383/6753 5134/4545/6792 4983/4525/6792
f 4927/4508/6794 4925/4512/6880 4836/4513/6880
f 5147/4526/6756 5058/4404/6807 5004/4405/6807
f 5118/4200/6846 5116/4199/6847 5162/4528/6847
f 5138/4447/6760 5137/4542/6761 5042/4530/6761
f 4983/4525/6792 5134/4545/6792 5148/4353/6879
f 4935/4432/6757 4936/4431/6757 4934/4444/6758
f 4822/4186/6769 5105/4394/6769 5153/4531/6799
f 4945/4377/6793 4943/4570/6755 4853/4330/6755
f 4827/4198/6796 5161/4381/6796 5162/4528/6847
f 5120/4201/6875 5118/4200/6846 5117/4529/6846
f 5059/4499/6755 5060/4583/6755 5147/4526/6756
f 4985/4533/6885 5043/4536/6886 5032/4534/6886
f 4952/4428/6674 4954/4221/6666 4955/4220/6666
f 5073/4392/6801 5074/4390/6801 5071/4423/6802
f 5074/4409/6801 5073/4368/6801 5122/4370/6665
f 5091/4422/6661 5092/4413/6670 5089/4229/6670
f 5089/4229/6670 5092/4413/6670 5093/4230/6671
f 5042/4321/6749 5031/4320/6749 5032/4534/6886
f 4821/4184/6885 5102/4183/6886 5151/4537/6886
f 5104/4185/6767 4821/4184/6885 5103/4538/6885
f 4996/4393/6803 5051/4584/6803 5142/4540/6771
f 5137/4542/6761 5136/4574/6752 4984/4382/6752
f 5107/4189/6869 4824/4188/6870 5154/4543/6870
f 5101/4182/6749 5100/4400/6749 5151/4537/6886
f 4840/4354/6771 4931/4353/6771 4930/4545/6804
f 5057/4506/6796 5037/4505/6796 5003/4452/6847
f 5114/4196/6759 5159/4446/6759 5160/4548/6795
f 4983/4549/6809 4982/4556/6809 5029/4328/6754
f 5120/4201/6875 5119/4532/6875 5163/4551/6876
f 5095/4233/6672 5063/4241/6676 5062/4240/6676
f 5124/4228/6781 5108/4553/6781 5106/4365/6782
f 4952/4428/6829 4950/4236/6828 5021/4426/6828
f 5079/4215/6884 5077/4203/6883 5048/4519/6883
f 5129/4224/6811 5051/4521/6811 5053/4410/6812
f 5083/4206/6848 5143/4454/6848 5144/4522/6790
f 4979/4231/6787 5039/4372/6787 5038/4425/6823
f 5124/4228/6781 5126/4225/6816 5109/4412/6816
f 4946/4356/6772 5029/4358/6772 4982/4459/6850
f 4964/4215/6884 4962/4203/6883 5025/4519/6883
f 5067/4428/6829 5137/4427/6829 5138/4361/6777
f 5007/4370/6786 5033/4369/6786 5032/4375/6791
f 5130/4207/6789 5156/4373/6789 5155/4457/6815
f 5082/4222/6783 5081/4218/6784 5158/4366/6784
f 5133/4217/6849 5086/4235/6831 5160/4429/6831
f 5079/4215/6884 5141/4552/6884 5050/4520/6881
f 5096/4234/6788 5062/4240/6850 5149/4459/6850
f 5049/4480/6869 5035/4482/6869 4991/4402/6798
f 4994/4541/6771 5142/4540/6771 5050/4395/6804
f 5055/4555/6878 5144/4577/6832 5054/4433/6832
f 5107/4189/6869 5106/4544/6869 5108/4385/6798
f 4983/4549/6809 5006/4489/6876 5040/4488/6876
f 4824/4188/6870 4823/4187/6799 5153/4531/6799
f 4929/4557/6764 5026/4585/6764 5025/4558/6765
f 4834/4495/6806 5023/4494/6877 5022/4559/6760
f 4858/4266/6841 4836/4586/6841 4835/4465/6853
f 4928/4442/6844 4926/4440/6840 4859/4268/6840
f 4922/4560/6852 4921/4579/6854 4829/4258/6854
f 4937/4438/6838 4844/4435/6834 4864/4259/6834
f 4930/4545/6804 5026/4585/6764 4929/4557/6764
f 5098/4179/6809 5121/4202/6876 5163/4551/6876
f 5044/4349/6767 4985/4533/6885 5033/4535/6887
f 5059/4487/6875 5005/4451/6846 5038/4453/6846
f 4996/4491/6800 4995/4492/6800 4997/4503/6766
f 4981/4234/6672 4980/4233/6672 4948/4241/6676
f 5083/4206/6848 5131/4208/6812 5053/4410/6812
f 5074/4390/6820 5140/4588/6820 5045/4456/6826
f 5009/4228/6781 5011/4225/6816 4993/4412/6816
f 4947/4240/6850 4982/4459/6850 5040/4371/6788
f 5072/4391/6818 5076/4210/6814 5153/4411/6814
f 5081/4218/6784 5133/4217/6849 5159/4455/6849
f 5129/4224/6811 5127/4226/6882 5142/4518/6882
f 5077/4203/6883 5075/4209/6827 5047/4424/6827
f 5090/4212/6824 5162/4419/6824 5161/4524/6830
f 5068/4237/6780 5070/4220/6791 5151/4375/6791
f 5327/4204/6656 5326/4215/6656 5324/4203/6655
f 5377/4207/6658 5329/4222/6657 5330/4206/6657
f 5325/4205/6655 5324/4203/6655 5322/4209/6659
f 5337/4212/6661 5338/4422/6661 5335/4211/6660
f 5327/4204/6656 5371/4228/6662 5372/4214/6662
f 5495/4217/6664 5494/4223/6664 5446/4216/6663
f 5432/4220/6666 5484/4370/6665 5485/4219/6665
f 5329/4222/6657 5328/4218/6663 5331/4216/6663
f 5380/4217/6664 5379/4223/6664 5331/4216/6663
f 5373/4225/6668 5375/4232/6667 5376/4224/6667
f 5380/4217/6664 5333/4235/6669 5334/4227/6669
f 5487/4214/6662 5486/4228/6662 5488/4225/6668
f 5336/4229/6670 5341/4231/6671 5340/4230/6671
f 5375/4232/6667 5377/4207/6658 5378/4208/6658
f 5452/4212/6661 5453/4422/6661 5450/4211/6660
f 5442/4204/6656 5441/4215/6656 5439/4203/6655
f 5438/4210/6659 5440/4205/6655 5439/4203/6655
f 5444/4222/6657 5443/4218/6663 5446/4216/6663
f 5456/4231/6671 5458/4234/6672 5457/4233/6672
f 5488/4225/6668 5490/4232/6667 5491/4224/6667
f 5333/4235/6669 5332/4213/6660 5335/4211/6660
f 5448/4235/6669 5447/4213/6660 5450/4211/6660
f 5494/4223/6664 5495/4217/6664 5448/4235/6669
f 5430/4237/6674 5429/4428/6674 5427/4236/6673
f 5309/4240/6676 5308/4356/6675 5311/4239/6675
f 5193/4243/6912 5194/4461/6912 5196/4242/6913
f 5214/4245/6914 5212/4247/6915 5213/4246/6915
f 5201/4248/6916 5223/4250/6917 5200/4249/6917
f 5214/4245/6914 5215/4565/6914 5306/4251/6918
f 5203/4253/6919 5201/4248/6916 5202/4254/6916
f 5252/4255/6920 5231/4265/6921 5232/4252/6921
f 5254/4257/6922 5252/4255/6920 5216/4256/6920
f 5226/4259/6923 5274/4261/6923 5224/4260/6924
f 5227/4263/6925 5274/4261/6923 5226/4259/6923
f 5232/4252/6921 5231/4265/6921 5230/4264/6926
f 5262/4267/6927 5261/4298/6928 5220/4266/6928
f 5199/4271/6929 5266/4270/6929 5264/4469/6930
f 5281/4273/6931 5228/4470/6932 5229/4272/6932
f 5192/4275/6933 5256/4274/6933 5254/4257/6922
f 5224/4260/6924 5272/4280/6934 5204/4276/6934
f 5268/4278/6935 5266/4270/6929 5199/4271/6929
f 5230/4264/6926 5281/4273/6931 5212/4247/6931
f 5204/4276/6934 5272/4280/6934 5270/4279/6936
f 5257/4281/6937 5256/4274/6933 5192/4275/6933
f 5210/4283/6938 5278/4285/6938 5277/4284/6939
f 5169/4159/6940 5236/4569/6940 5238/4286/6941
f 5242/4164/6943 5171/4163/6944 5241/4287/6944
f 5239/4161/6946 5259/4475/6946 5240/4288/6947
f 5172/4168/6948 5247/4473/6948 5271/4289/6949
f 5166/4155/6950 5233/4290/6950 5253/4471/6951
f 5164/4153/6952 5180/4177/6954 5251/4291/6953
f 5171/4163/6944 5170/4162/6947 5240/4288/6947
f 5164/4153/6952 5282/4567/6952 5233/4290/6950
f 5180/4177/6954 5179/4176/6955 5280/4292/6955
f 5244/4166/6956 5243/4165/7011 5265/4293/6957
f 5169/4159/6940 5168/4158/7008 5235/4294/6958
f 5173/4170/6959 5248/4169/6949 5271/4289/6949
f 5244/4166/6956 5267/4568/6956 5246/4295/6961
f 5249/4296/6962 5224/4260/6962 5274/4261/6963
f 5259/4299/6964 5260/4303/6964 5261/4298/6965
f 5276/4301/6966 5275/4302/6967 5227/4263/6967
f 5238/4304/6968 5218/4468/6968 5260/4303/6964
f 5233/4305/6969 5252/4255/6969 5254/4257/6970
f 5271/4307/6971 5247/4308/6972 5270/4279/6972
f 5246/4309/6973 5269/4467/6973 5270/4279/6972
f 5271/4307/6971 5272/4280/6971 5224/4260/6962
f 5255/4310/6974 5253/4306/6970 5254/4257/6970
f 5279/4311/6975 5228/4470/6975 5281/4273/6976
f 5251/4313/6977 5280/4312/6976 5281/4273/6976
f 5276/4301/6966 5277/4284/6966 5278/4285/6978
f 5255/4310/6974 5256/4274/6974 5257/4281/6979
f 5251/4313/6977 5230/4264/6977 5231/4265/6980
f 5235/4315/6979 5257/4281/6979 5258/4317/6981
f 5393/4320/6761 5392/4329/6752 5346/4319/6752
f 5416/4322/6832 5362/4324/6832 5360/4323/6757
f 5284/4325/6748 5283/4327/6754 5382/4326/6754
f 5346/4319/6752 5392/4329/6752 5391/4328/6753
f 5215/4330/6875 5213/4332/6846 5304/4331/6846
f 5490/4232/6667 5492/4207/6658 5493/4208/6658
f 5361/4333/6751 5414/4335/6766 5415/4334/6766
f 5363/4336/6878 5362/4324/6832 5416/4322/6832
f 5194/4338/6886 5285/4340/6749 5286/4339/6749
f 5418/4342/6795 5507/4449/6795 5508/4341/6796
f 5411/4344/6869 5352/4346/6870 5410/4345/6870
f 5474/4194/6757 5519/4348/6757 5518/4347/6758
f 5396/4350/6880 5348/4562/6805 5406/4349/6805
f 5294/4352/6983 5202/4354/6797 5293/4353/6797
f 5285/4340/6749 5284/4325/6748 5383/4355/6748
f 5371/4228/6662 5373/4225/6668 5374/4226/6668
f 5391/4358/6821 5392/4357/6828 5313/4238/6828
f 5457/4233/6788 5510/4360/6788 5422/4359/6787
f 5370/4219/6786 5385/4362/6786 5384/4361/6791
f 5507/4363/6831 5417/4374/6849 5494/4223/6849
f 5313/4238/6828 5392/4357/6828 5393/4364/6829
f 5397/4365/6884 5353/4553/6881 5371/4228/6881
f 5329/4222/6848 5360/4367/6848 5362/4366/6790
f 5395/4369/6776 5348/4587/6820 5320/4368/6820
f 5485/4219/6786 5501/4362/6786 5500/4361/6791
f 5481/4372/6775 5525/4371/6774 5458/4234/6774
f 5359/4373/6812 5360/4367/6848 5329/4222/6848
f 5300/4374/6849 5389/4522/6784 5331/4216/6784
f 5301/4363/6831 5300/4374/6849 5379/4223/6849
f 5513/4375/6777 5465/4369/6776 5484/4370/6776
f 5190/4376/6809 5306/4378/6984 5307/4377/6984
f 5352/4346/6870 5408/4380/6799 5409/4379/6799
f 5523/4381/6762 5522/4548/6763 5477/4197/6763
f 5346/4382/6748 5403/4384/6754 5497/4383/6754
f 5472/4191/6771 5471/4386/6771 5470/4385/6985
f 5350/4387/6794 5396/4350/6880 5349/4351/6808
f 5188/4192/6803 5517/4389/6803 5471/4386/6771
f 5190/4376/6809 5381/4573/6809 5382/4326/6754
f 5319/4391/6802 5318/4423/6802 5321/4390/6801
f 5341/4231/6671 5343/4234/6672 5342/4233/6672
f 5358/4393/6800 5413/4584/6800 5415/4334/6766
f 5467/4394/6880 5514/4539/6805 5466/4185/6805
f 5411/4344/6869 5503/4571/6869 5412/4395/6986
f 5406/4397/6767 5347/4399/6885 5501/4398/6885
f 5462/4400/6761 5512/4511/6752 5461/4181/6752
f 5356/4401/6771 5355/4403/6771 5353/4402/6985
f 5419/4343/6796 5508/4341/6796 5420/4404/6847
f 5349/4406/6769 5407/4501/6769 5409/4379/6799
f 5459/4407/6753 5511/4561/6792 5460/4179/6792
f 5475/4195/6832 5520/4408/6832 5519/4348/6757
f 5369/4370/6665 5320/4368/6801 5321/4409/6801
f 5317/4220/6666 5369/4370/6665 5370/4219/6665
f 5296/4410/6789 5295/4521/6815 5376/4224/6815
f 5515/4411/6827 5516/4523/6883 5440/4205/6883
f 5355/4412/6882 5357/4457/6811 5375/4232/6811
f 5518/4373/6812 5519/4367/6848 5444/4222/6848
f 5305/4359/6787 5304/4420/6823 5339/4413/6823
f 5319/4391/6826 5396/4414/6826 5350/4411/6827
f 5450/4211/6830 5508/4415/6830 5507/4363/6831
f 5436/4409/6785 5502/4416/6785 5501/4362/6786
f 5426/4239/6772 5497/4418/6772 5496/4417/6850
f 5524/4419/6825 5479/4425/6817 5451/4229/6817
f 5455/4230/6787 5422/4359/6787 5509/4420/6823
f 5420/4421/6824 5508/4415/6830 5450/4211/6830
f 5321/4409/6785 5386/4416/6785 5385/4362/6786
f 5289/4424/6814 5287/4456/6818 5318/4423/6818
f 5479/4425/6817 5481/4372/6775 5456/4231/6775
f 5311/4239/6772 5382/4418/6772 5381/4417/6850
f 5498/4426/6773 5497/4418/6772 5426/4239/6772
f 5499/4427/6780 5498/4426/6773 5427/4236/6773
f 5522/4429/6779 5523/4524/6819 5447/4213/6819
f 5471/4412/6882 5517/4457/6811 5490/4232/6811
f 5206/4430/6750 5297/4432/6751 5298/4431/6751
f 5416/4433/6750 5361/4333/6751 5505/4434/6751
f 5229/4272/6987 5211/4441/6987 5213/4246/6915
f 5225/4277/6988 5297/4463/6988 5206/4435/6989
f 5232/4252/6918 5306/4251/6918 5190/4436/6990
f 5208/4437/6991 5207/4262/6992 5299/4438/6992
f 5203/4253/6919 5294/4566/6919 5205/4439/6993
f 5220/4266/6994 5198/4586/6994 5288/4440/6995
f 5210/4283/6996 5302/4578/6996 5211/4441/6987
f 5199/4271/6997 5222/4269/6998 5290/4442/6998
f 5432/4220/6666 5431/4221/6666 5429/4428/6674
f 5323/4210/6659 5322/4209/6659 5318/4423/6802
f 5211/4443/6847 5303/4515/6847 5304/4331/6846
f 5294/4352/6983 5295/4572/6800 5296/4444/6766
f 5521/4446/6878 5520/4408/6832 5475/4195/6832
f 5347/4399/6885 5405/4448/6886 5500/4447/6886
f 5364/4450/6759 5417/4555/6759 5507/4449/6795
f 5518/4347/6758 5517/4389/6803 5188/4192/6803
f 5367/4451/6756 5400/4453/6756 5365/4452/6807
f 5434/4391/6802 5438/4210/6659 5437/4209/6659
f 5330/4206/6783 5298/4454/6783 5296/4410/6789
f 5328/4218/6790 5362/4366/6790 5363/4455/6778
f 5409/4424/6814 5407/4456/6818 5433/4423/6818
f 5287/4456/6818 5386/4588/6785 5321/4390/6785
f 5365/4419/6825 5400/4425/6817 5336/4229/6817
f 5509/4420/6823 5420/4421/6824 5453/4422/6824
f 5357/4457/6811 5359/4373/6812 5377/4207/6812
f 5435/4392/6820 5514/4458/6820 5467/4414/6826
f 5511/4459/6822 5459/4358/6821 5423/4356/6821
f 5417/4374/6849 5506/4522/6784 5446/4216/6784
f 5312/4236/6773 5383/4426/6773 5382/4418/6772
f 5223/4250/6917 5199/4271/6997 5291/4460/6997
f 5217/4282/6999 5285/4464/6999 5194/4461/6912
f 5210/4283/6996 5208/4437/6991 5209/4462/6991
f 5204/4276/6993 5205/4439/6993 5297/4463/6988
f 5192/4275/7000 5284/4560/7000 5285/4464/6999
f 5195/4244/6913 5196/4242/6913 5197/4465/7001
f 5191/4258/7002 5216/4256/6990 5190/4436/6990
f 5203/4253/6936 5270/4279/6936 5269/4467/7003
f 5208/4437/6939 5277/4284/6939 5227/4263/6925
f 5218/4468/7004 5258/4317/7005 5193/4243/7005
f 5260/4303/7006 5218/4468/7004 5195/4244/7004
f 5261/4298/6928 5260/4303/7006 5219/4466/7006
f 5269/4467/7003 5268/4278/6935 5223/4250/6935
f 5222/4269/6930 5264/4469/6930 5262/4267/6927
f 5228/4470/6932 5278/4285/6938 5210/4283/6938
f 5258/4317/7005 5257/4281/6937 5217/4282/6937
f 5234/4157/7007 5167/4156/6951 5253/4471/6951
f 5168/4158/7008 5234/4157/7007 5255/4472/7007
f 5172/4168/6948 5245/4167/6961 5246/4295/6961
f 5178/4175/7009 5177/4174/7010 5250/4474/7010
f 5237/4160/6942 5238/4286/6941 5259/4475/6946
f 5243/4165/7011 5242/4164/6943 5263/4476/6945
f 5178/4175/7009 5279/4580/7009 5280/4292/6955
f 5176/4173/7012 5276/4477/7012 5250/4474/7010
f 5175/4172/7013 5275/4478/7015 5276/4477/7012
f 5174/4171/7014 5273/4581/7014 5275/4478/7015
f 5174/4171/7014 5173/4170/6959 5249/4479/6960
f 5411/4480/6764 5397/4482/6764 5351/4481/6765
f 5246/4309/6973 5267/4483/7016 5268/4278/7016
f 5236/4318/6981 5258/4317/6981 5218/4468/6968
f 5275/4302/6967 5273/4297/6963 5274/4261/6963
f 5282/4316/6980 5231/4265/6980 5252/4255/6969
f 5240/4300/6965 5261/4298/6965 5262/4267/7017
f 5250/4314/6978 5278/4285/6978 5228/4470/6975
f 5265/4485/7018 5266/4270/7018 5268/4278/7016
f 5265/4485/7018 5263/4486/7019 5264/4469/7019
f 5263/4486/7019 5241/4484/7017 5262/4267/7017
f 5402/4488/6879 5401/4563/6755 5421/4487/6755
f 5352/4490/6765 5351/4481/6765 5350/4387/6794
f 5358/4491/6803 5357/4492/6803 5355/4403/6771
f 5197/4493/6767 5196/4495/6885 5385/4494/6885
f 5299/4497/7020 5300/4510/6759 5301/4496/6795
f 5421/4499/6875 5422/4583/6875 5510/4353/6876
f 5406/4397/6767 5502/4575/6767 5407/4501/6769
f 5361/4502/6757 5360/4323/6757 5359/4503/6758
f 5313/4238/6673 5312/4236/6673 5311/4239/6675
f 5313/4238/6673 5315/4237/6674 5314/4428/6674
f 5424/4240/6676 5423/4356/6675 5426/4239/6675
f 5428/4238/6673 5427/4236/6673 5426/4239/6675
f 5338/4422/6661 5337/4212/6661 5336/4229/6670
f 5399/4505/6762 5398/4514/6763 5418/4504/6763
f 5290/4507/6870 5288/4509/6799 5289/4508/6799
f 5206/4430/6750 5389/4576/6750 5300/4510/6759
f 5461/4181/6752 5512/4511/6752 5459/4407/6753
f 5197/4493/6767 5386/4582/6767 5287/4512/6769
f 5398/4514/6763 5363/4336/6878 5364/4337/6878
f 5302/4516/7021 5390/4517/6796 5303/4515/6847
f 5209/4498/6795 5301/4496/6795 5390/4517/6796
f 5492/4207/6658 5444/4222/6657 5445/4206/6657
f 5441/4215/6656 5442/4204/6656 5486/4228/6662
f 5338/4422/6824 5303/4421/6824 5390/4415/6830
f 5323/4210/6827 5350/4411/6827 5351/4523/6883
f 5465/4369/6776 5514/4587/6820 5435/4368/6820
f 5293/4518/6816 5292/4520/6781 5372/4214/6781
f 5324/4203/6813 5387/4519/6813 5289/4424/6814
f 5292/4520/6781 5388/4552/6782 5326/4215/6782
f 5496/4417/6850 5510/4360/6788 5457/4233/6788
f 5376/4224/6815 5295/4521/6815 5293/4518/6816
f 5423/4356/6821 5459/4358/6821 5512/4357/6828
f 5389/4522/6784 5298/4454/6783 5330/4206/6783
f 5304/4420/6823 5303/4421/6824 5338/4422/6824
f 5335/4211/6830 5390/4415/6830 5301/4363/6831
f 5398/4429/6779 5399/4524/6819 5332/4213/6819
f 5381/4417/6850 5307/4360/6788 5342/4233/6788
f 5428/4238/6828 5512/4357/6828 5462/4364/6829
f 5384/4361/6791 5286/4427/6780 5314/4428/6780
f 5342/4233/6788 5307/4360/6788 5305/4359/6787
f 5320/4392/6820 5348/4458/6820 5396/4414/6826
f 5504/4518/6816 5412/4520/6781 5487/4214/6781
f 5315/4237/6829 5393/4364/6829 5394/4375/6777
f 5351/4523/6883 5397/4365/6884 5327/4204/6884
f 5399/4524/6819 5365/4419/6825 5337/4212/6825
f 5380/4217/6778 5363/4455/6778 5398/4429/6779
f 5516/4523/6883 5468/4365/6884 5442/4204/6884
f 5341/4231/6775 5401/4372/6775 5402/4371/6774
f 5345/4525/6809 5496/4545/6809 5497/4383/6754
f 5198/4513/6769 5287/4512/6769 5289/4508/6799
f 5366/4405/6847 5420/4404/6847 5509/4526/6846
f 5480/4200/6756 5479/4529/6756 5524/4528/6807
f 5404/4530/6749 5499/4542/6749 5500/4447/6886
f 5345/4525/6809 5368/4500/6984 5510/4353/6876
f 5297/4432/6751 5205/4445/6766 5296/4444/6766
f 5515/4531/6794 5467/4394/6880 5184/4186/6808
f 5215/4330/6875 5305/4570/6875 5307/4377/6984
f 5524/4528/6807 5523/4381/6762 5189/4198/6762
f 5482/4201/6755 5481/4532/6755 5479/4529/6756
f 5421/4499/6875 5367/4527/6846 5509/4526/6846
f 5347/4533/6877 5395/4535/6806 5394/4534/6760
f 5317/4220/6666 5316/4221/6666 5314/4428/6674
f 5435/4392/6801 5434/4391/6802 5433/4423/6802
f 5484/4370/6665 5435/4368/6801 5436/4409/6801
f 5453/4422/6661 5452/4212/6661 5451/4229/6670
f 5451/4229/6670 5456/4231/6671 5455/4230/6671
f 5394/4534/6760 5393/4320/6761 5404/4321/6761
f 5183/4184/6877 5465/4538/6806 5513/4537/6760
f 5466/4185/6805 5514/4539/6805 5465/4538/6806
f 5358/4393/6800 5356/4541/6797 5504/4540/6797
f 5346/4382/6748 5498/4574/6748 5499/4542/6749
f 5469/4189/6764 5468/4544/6764 5516/4543/6765
f 5513/4537/6760 5462/4400/6761 5463/4182/6761
f 5202/4354/6797 5200/4546/6986 5292/4545/6986
f 5365/4452/6807 5399/4505/6762 5419/4506/6762
f 5522/4548/6763 5521/4446/6878 5476/4196/6878
f 5391/4328/6753 5344/4556/6792 5345/4549/6792
f 5525/4551/6879 5481/4532/6755 5482/4201/6755
f 5424/4240/6676 5425/4241/6676 5457/4233/6672
f 5468/4365/6884 5470/4553/6881 5486/4228/6881
f 5314/4428/6780 5286/4427/6780 5383/4426/6773
f 5441/4215/6782 5503/4552/6782 5410/4519/6813
f 5415/4410/6789 5413/4521/6815 5491/4224/6815
f 5506/4522/6784 5505/4454/6783 5445/4206/6783
f 5400/4425/6817 5401/4372/6775 5341/4231/6775
f 5486/4228/6881 5470/4553/6881 5471/4412/6882
f 5344/4459/6822 5391/4358/6821 5308/4356/6821
f 5326/4215/6782 5388/4552/6782 5387/4519/6813
f 5500/4361/6791 5499/4427/6780 5429/4428/6780
f 5394/4375/6777 5395/4369/6776 5369/4370/6776
f 5490/4232/6811 5517/4457/6811 5518/4373/6812
f 5444/4222/6848 5519/4367/6848 5520/4366/6790
f 5495/4217/6778 5521/4455/6778 5522/4429/6779
f 5412/4520/6781 5503/4552/6782 5441/4215/6782
f 5458/4234/6774 5525/4371/6774 5511/4459/6822
f 5353/4402/6985 5397/4482/6764 5411/4480/6764
f 5356/4541/6797 5354/4396/6986 5412/4395/6986
f 5416/4433/6750 5506/4577/6750 5417/4555/6759
f 5470/4385/6985 5468/4544/6764 5469/4189/6764
f 5345/4549/6792 5344/4556/6792 5402/4488/6879
f 5186/4188/6765 5516/4543/6765 5515/4531/6794
f 5291/4557/6869 5290/4507/6870 5387/4558/6870
f 5196/4495/6885 5194/4338/6886 5384/4559/6886
f 5220/4266/6994 5219/4466/7001 5197/4465/7001
f 5221/4268/6995 5288/4440/6995 5290/4442/6998
f 5192/4275/7000 5191/4258/7002 5283/4579/7002
f 5226/4259/6989 5206/4435/6989 5299/4438/6992
f 5291/4557/6869 5388/4585/6869 5292/4545/6986
f 5460/4179/6792 5511/4561/6792 5525/4551/6879
f 5406/4349/6805 5348/4562/6805 5395/4535/6806
f 5421/4487/6755 5401/4563/6755 5400/4453/6756
f 5359/4503/6758 5357/4492/6803 5358/4491/6803
f 5343/4234/6672 5309/4240/6676 5310/4241/6676
f 5445/4206/6783 5505/4454/6783 5415/4410/6789
f 5407/4456/6818 5502/4588/6785 5436/4390/6785
f 5371/4228/6881 5353/4553/6881 5355/4412/6882
f 5343/4234/6774 5402/4371/6774 5344/4459/6822
f 5434/4391/6826 5467/4414/6826 5515/4411/6827
f 5443/4218/6790 5520/4366/6790 5521/4455/6778
f 5413/4521/6815 5504/4518/6816 5489/4226/6816
f 5439/4203/6813 5410/4519/6813 5409/4424/6814
f 5523/4524/6819 5524/4419/6825 5452/4212/6825
f 5430/4237/6829 5462/4364/6829 5513/4375/6777
o glass.002
v -0.016443 0.005973 -0.030152
v -0.016481 0.006026 -0.030149
v -0.016225 0.006225 -0.030140
v -0.014652 0.010652 -0.029868
v -0.014938 0.010726 -0.029846
v -0.014763 0.010883 -0.029846
v -0.016482 0.006167 -0.030142
v -0.016327 0.005926 -0.030155
v -0.014622 0.010917 -0.029846
v -0.014464 0.010926 -0.029846
v -0.012408 0.009290 -0.029944
v -0.015468 0.009292 -0.029967
v -0.017640 0.006138 -0.029056
v -0.017396 0.006185 -0.029765
v -0.017443 0.006035 -0.029699
v -0.017300 0.006696 -0.029787
v -0.017481 0.005926 -0.029604
v -0.017523 0.005897 -0.029472
v -0.017640 0.005897 -0.029056
v -0.016014 0.011019 -0.025125
v -0.016822 0.009309 -0.025125
v -0.017862 0.006878 -0.025125
v -0.017970 0.006138 -0.025125
v -0.017725 0.007294 -0.025125
v -0.017970 0.005897 -0.025125
v -0.016523 0.009306 -0.028961
v -0.016250 0.009285 -0.029610
v -0.017129 0.007301 -0.029765
v -0.017399 0.007296 -0.029040
v -0.015709 0.011007 -0.028920
v -0.015486 0.011000 -0.029384
v -0.016705 0.009299 -0.027494
v -0.015899 0.011007 -0.027495
v -0.017606 0.007293 -0.027493
v -0.017851 0.005897 -0.027493
v -0.017851 0.006138 -0.027493
v -0.015710 0.009242 -0.029972
v -0.017533 0.006878 -0.029051
v -0.017270 0.006883 -0.029774
v -0.017743 0.006878 -0.027493
v -0.006574 0.007208 -0.030066
v -0.012005 0.006128 -0.030066
v -0.012005 0.010727 -0.029789
v -0.006574 0.010727 -0.029789
v -0.012408 0.006230 -0.030125
v -0.012408 0.010927 -0.029847
v -0.012408 0.005928 -0.030143
v 0.017717 0.007213 -0.030067
v 0.012287 0.007212 -0.030067
v 0.012287 0.010727 -0.029791
v 0.017717 0.010727 -0.029790
v 0.005571 0.007211 -0.030066
v 0.000141 0.007210 -0.030066
v 0.000141 0.010727 -0.029790
v 0.005571 0.010727 -0.029790
v -0.000502 0.007209 -0.030066
v -0.005932 0.007208 -0.030066
v -0.005932 0.010727 -0.029789
v -0.000502 0.010727 -0.029789
v 0.009396 0.010801 -0.029788
v 0.011498 0.010801 -0.029788
v 0.011498 0.007127 -0.029738
v 0.009396 0.007127 -0.029738
v 0.006320 0.007127 -0.029726
v 0.008524 0.007127 -0.029726
v 0.008524 0.010801 -0.029776
v 0.006320 0.010801 -0.029776
v -0.016121 0.007717 -0.030071
v -0.015879 0.007758 -0.030060
v -0.012408 0.007760 -0.030035
v -0.016443 0.005973 -0.020098
v -0.016481 0.006026 -0.020101
v -0.016225 0.006225 -0.020110
v -0.014652 0.010652 -0.020382
v -0.014938 0.010726 -0.020404
v -0.014763 0.010883 -0.020404
v -0.016482 0.006167 -0.020108
v -0.016327 0.005926 -0.020095
v -0.014622 0.010917 -0.020404
v -0.014464 0.010926 -0.020404
v -0.012408 0.009290 -0.020306
v -0.015468 0.009292 -0.020283
v -0.017640 0.006138 -0.021194
v -0.017396 0.006185 -0.020485
v -0.017443 0.006035 -0.020551
v -0.017300 0.006696 -0.020463
v -0.017481 0.005926 -0.020646
v -0.017523 0.005897 -0.020778
v -0.017640 0.005897 -0.021194
v -0.016523 0.009306 -0.021289
v -0.016250 0.009285 -0.020640
v -0.017129 0.007301 -0.020485
v -0.017399 0.007296 -0.021210
v -0.015709 0.011007 -0.021330
v -0.015486 0.011000 -0.020866
v -0.016705 0.009299 -0.022756
v -0.015899 0.011007 -0.022755
v -0.017606 0.007293 -0.022757
v -0.017851 0.005897 -0.022757
v -0.017851 0.006138 -0.022757
v -0.015710 0.009242 -0.020278
v -0.017533 0.006878 -0.021199
v -0.017270 0.006883 -0.020476
v -0.017743 0.006878 -0.022757
v -0.006574 0.007208 -0.020184
v -0.012005 0.006128 -0.020184
v -0.012005 0.010727 -0.020461
v -0.006574 0.010727 -0.020461
v -0.012408 0.006230 -0.020125
v -0.012408 0.010927 -0.020403
v -0.012408 0.005928 -0.020107
v 0.017717 0.007213 -0.020183
v 0.012287 0.007212 -0.020183
v 0.012287 0.010727 -0.020459
v 0.017717 0.010727 -0.020460
v 0.005571 0.007211 -0.020184
v 0.000141 0.007210 -0.020184
v 0.000141 0.010727 -0.020460
v 0.005571 0.010727 -0.020460
v -0.000502 0.007209 -0.020184
v -0.005932 0.007208 -0.020184
v -0.005932 0.010727 -0.020461
v -0.000502 0.010727 -0.020461
v 0.009396 0.010801 -0.020462
v 0.011498 0.010801 -0.020462
v 0.011498 0.007127 -0.020512
v 0.009396 0.007127 -0.020512
v 0.006320 0.007127 -0.020524
v 0.008524 0.007127 -0.020524
v 0.008524 0.010801 -0.020474
v 0.006320 0.010801 -0.020474
v -0.016121 0.007717 -0.020179
v -0.015879 0.007758 -0.020190
v -0.012408 0.007760 -0.020215
vn -0.9313 0.1601 -0.3273
vn -0.9728 0.0797 -0.2177
vn -0.9474 0.2226 -0.2300
vn -0.0029 0.0505 -0.9987
vn -0.0036 0.0510 -0.9987
vn 0.0015 0.0486 -0.9988
vn -0.0195 0.0792 -0.9967
vn -0.0530 0.0897 -0.9946
vn -0.0411 0.0780 -0.9961
vn -0.0027 0.0488 -0.9988
vn 0.0003 0.0489 -0.9988
vn -0.0121 0.0863 -0.9962
vn -0.0019 0.0833 -0.9965
vn -0.9368 0.1600 -0.3110
vn -0.9427 0.1260 -0.3088
vn 0.0037 0.0587 -0.9983
vn -0.9515 0.0657 -0.3005
vn -0.9565 0.0370 -0.2894
vn -0.9793 -0.0002 -0.2023
vn -0.8761 0.3520 -0.3295
vn -0.8795 0.4123 -0.2375
vn -0.8364 0.4058 -0.3685
vn -0.8643 0.4269 -0.2660
vn -0.8170 0.4166 -0.3986
vn -0.9002 0.4277 -0.0816
vn -0.9059 0.4159 -0.0794
vn -0.9094 0.3510 -0.2233
vn -0.9117 0.2405 -0.3331
vn 0.0447 0.0434 -0.9981
vn 0.0067 0.0700 -0.9975
vn 0.0180 0.0671 -0.9976
vn -0.9932 0.0720 -0.0917
vn -0.9735 0.2287 -0.0000
vn -0.9695 0.2280 -0.0894
vn -0.9327 0.3607 -0.0000
vn -0.9292 0.3596 -0.0854
vn -0.0002 0.0744 -0.9972
vn -0.0002 0.0840 -0.9965
vn 0.0058 0.0607 -0.9981
vn 0.0022 0.0610 -0.9981
vn 0.0259 0.0615 -0.9978
vn 0.0050 0.0582 -0.9983
vn -0.0049 0.0645 -0.9979
vn -0.0010 0.0780 -0.9970
vn 0.0066 0.0897 -0.9959
vn -0.0001 0.0820 -0.9966
vn -0.0001 0.0759 -0.9971
vn -0.0002 0.0758 -0.9971
vn -0.9084 0.4182 -0.0000
vn -0.9042 0.4270 -0.0000
vn -0.9957 -0.0002 -0.0921
vn -0.9974 0.0722 -0.0000
vn -0.0000 -0.0135 -0.9999
vn 0.0073 0.0592 -0.9982
vn -0.0001 0.0801 -0.9968
vn -0.0001 0.0776 -0.9970
vn -0.0001 0.0778 -0.9970
vn -0.9728 0.0797 0.2177
vn -0.9313 0.1601 0.3273
vn -0.9474 0.2226 0.2300
vn -0.0029 0.0505 0.9987
vn 0.0015 0.0486 0.9988
vn -0.0036 0.0510 0.9987
vn -0.0195 0.0792 0.9967
vn -0.0411 0.0780 0.9961
vn -0.0530 0.0897 0.9946
vn -0.0027 0.0488 0.9988
vn 0.0003 0.0489 0.9988
vn -0.0019 0.0833 0.9965
vn -0.0121 0.0863 0.9962
vn -0.9427 0.1260 0.3088
vn -0.9368 0.1600 0.3110
vn 0.0037 0.0587 0.9983
vn 0.0050 0.0582 0.9983
vn -0.9565 0.0370 0.2894
vn -0.9515 0.0657 0.3005
vn -0.9793 -0.0002 0.2023
vn -0.8761 0.3520 0.3295
vn -0.8795 0.4123 0.2375
vn -0.9094 0.3510 0.2233
vn -0.8643 0.4269 0.2660
vn -0.8364 0.4058 0.3685
vn -0.8170 0.4166 0.3986
vn -0.9002 0.4277 0.0816
vn -0.9117 0.2405 0.3331
vn 0.0447 0.0434 0.9981
vn 0.0291 0.0493 0.9984
vn 0.0067 0.0700 0.9975
vn -0.9932 0.0720 0.0917
vn -0.9695 0.2280 0.0894
vn -0.9292 0.3596 0.0854
vn -0.0002 0.0743 0.9972
vn -0.0002 0.0840 0.9965
vn -0.0002 0.0744 0.9972
vn 0.0058 0.0607 0.9981
vn 0.0022 0.0610 0.9981
vn 0.0073 0.0592 0.9982
vn -0.0049 0.0645 0.9979
vn -0.0010 0.0780 0.9970
vn -0.0116 0.0541 0.9985
vn -0.0001 0.0760 0.9971
vn -0.0001 0.0820 0.9966
vn -0.0002 0.0759 0.9971
vn -0.9059 0.4159 0.0793
vn -0.9957 -0.0002 0.0921
vn -1.0000 -0.0002 -0.0000
vn -0.0000 -0.0135 0.9999
vn -0.0001 0.0801 0.9968
vn -0.0001 0.0779 0.9970
vn -0.0001 0.0800 0.9968
vn 0.0180 0.0671 0.9976
vn -0.0116 0.0541 -0.9985
vn -0.0001 0.0800 -0.9968
vn 0.0066 0.0897 0.9959
vn -0.0000 0.0785 0.9969
vt 0.361398 0.152728
vt 0.346679 0.164222
vt 0.346705 0.149986
vt 0.017270 0.067839
vt 0.018291 0.067109
vt 0.022092 0.071991
vt 0.106708 0.102011
vt 0.108142 0.096552
vt 0.111125 0.099887
vt 0.020989 0.067087
vt 0.016382 0.070046
vt 0.111779 0.102570
vt 0.111951 0.105589
vt 0.360824 0.162633
vt 0.359489 0.165584
vt 0.016429 0.144816
vt 0.357553 0.167567
vt 0.354996 0.168398
vt 0.346777 0.168703
vt 0.361382 0.140757
vt 0.347768 0.100562
vt 0.360919 0.100095
vt 0.349327 0.065490
vt 0.358826 0.064892
vt 0.321951 0.065660
vt 0.319654 0.100816
vt 0.346811 0.141663
vt 0.361183 0.149127
vt 0.050587 0.073970
vt 0.080681 0.086435
vt 0.079724 0.081820
vt 0.316644 0.164423
vt 0.271998 0.149670
vt 0.316758 0.150198
vt 0.272338 0.141364
vt 0.317105 0.141893
vt 0.447808 0.150161
vt 0.380575 0.253754
vt 0.380575 0.150161
vt 0.080678 0.144816
vt 0.111971 0.144816
vt 0.051378 0.078592
vt 0.022201 0.144816
vt 0.276609 0.188617
vt 0.380202 0.255943
vt 0.276609 0.255943
vt 0.198147 0.168715
vt 0.265424 0.065122
vt 0.265440 0.168715
vt 0.274869 0.100087
vt 0.277165 0.064892
vt 0.316736 0.168906
vt 0.271886 0.163894
vt 0.182446 0.147881
vt 0.112564 0.107781
vt 0.182446 0.107782
vt 0.051432 0.144816
vt 0.465359 0.132137
vt 0.361766 0.064827
vt 0.465359 0.064812
vt 0.447832 0.253754
vt 0.380202 0.168052
vt 0.271979 0.168377
vt 0.361766 0.132136
vt 0.198147 0.065122
vt 0.112564 0.147880
s 1
usemtl glass
f 5541/4589/7022 5538/4590/7023 5563/4591/7024
f 5526/4592/7025 5527/4593/7026 5528/4594/7027
f 5529/4595/7028 5530/4596/7029 5531/4597/7030
f 5528/4594/7027 5527/4593/7026 5532/4598/7031
f 5533/4599/7032 5526/4592/7025 5528/4594/7027
f 5529/4595/7028 5534/4600/7033 5535/4601/7034
f 5529/4595/7028 5531/4597/7030 5534/4600/7033
f 5538/4590/7023 5539/4602/7035 5540/4603/7036
f 5528/4594/7027 5572/4604/7037 5533/4599/7032
f 5538/4590/7023 5542/4605/7038 5543/4606/7039
f 5538/4590/7023 5540/4603/7036 5542/4605/7038
f 5538/4590/7023 5543/4606/7039 5544/4607/7040
f 5553/4608/7041 5551/4609/7042 5552/4610/7043
f 5552/4610/7043 5555/4611/7044 5556/4612/7045
f 5558/4613/7046 5551/4609/7042 5557/4614/7047
f 5554/4615/7048 5564/4616/7049 5563/4591/7024
f 5593/4617/7050 5528/4594/7027 5532/4598/7031
f 5530/4596/7029 5537/4618/7051 5562/4619/7052
f 5561/4620/7053 5547/4621/7054 5565/4622/7055
f 5565/4622/7055 5538/4590/7023 5561/4620/7053
f 5549/4623/7056 5565/4622/7055 5547/4621/7054
f 5559/4624/7057 5563/4591/7024 5565/4622/7055
f 5573/4625/7058 5575/4626/7059 5576/4627/7059
f 5536/4628/7060 5529/4595/7028 5571/4629/7061
f 5594/4630/7062 5570/4631/7063 5528/4594/7027
f 5566/4632/7064 5568/4633/7065 5569/4634/7066
f 5579/4635/7067 5577/4636/7068 5578/4637/7069
f 5559/4624/7057 5546/4638/7070 5557/4614/7047
f 5563/4591/7024 5564/4616/7049 5541/4589/7022
f 5545/4639/7071 5557/4614/7047 5546/4638/7070
f 5557/4614/7047 5554/4615/7048 5559/4624/7057
f 5571/4629/7061 5529/4595/7028 5535/4601/7034
f 5560/4640/7072 5538/4590/7023 5544/4607/7040
f 5560/4640/7072 5548/4641/7073 5561/4620/7053
f 5588/4642/7074 5586/4643/7074 5587/4644/7074
f 5589/4642/7074 5591/4643/7074 5590/4644/7074
f 5537/4618/7051 5595/4645/7075 5594/4630/7062
f 5583/4646/7076 5581/4647/7077 5582/4648/7078
f 5562/4619/7052 5594/4630/7062 5593/4617/7050
f 5608/4590/7079 5611/4589/7080 5627/4591/7081
f 5596/4592/7082 5598/4594/7083 5597/4593/7084
f 5599/4595/7085 5601/4597/7086 5600/4596/7087
f 5598/4594/7083 5602/4598/7088 5597/4593/7084
f 5603/4599/7089 5598/4594/7083 5596/4592/7082
f 5599/4595/7085 5605/4601/7090 5604/4600/7091
f 5599/4595/7085 5604/4600/7091 5601/4597/7086
f 5608/4590/7079 5610/4603/7092 5609/4602/7093
f 5598/4594/7083 5636/4604/7094 5634/4631/7095
f 5608/4590/7079 5613/4606/7096 5612/4605/7097
f 5608/4590/7079 5612/4605/7097 5610/4603/7092
f 5608/4590/7079 5614/4607/7098 5613/4606/7096
f 5617/4608/7099 5615/4609/7100 5618/4615/7101
f 5619/4611/7102 5616/4610/7103 5620/4612/7104
f 5622/4613/7105 5615/4609/7100 5619/4611/7102
f 5618/4615/7101 5628/4616/7106 5617/4608/7099
f 5657/4617/7107 5598/4594/7083 5658/4630/7108
f 5600/4596/7087 5607/4618/7109 5599/4595/7085
f 5547/4621/7054 5625/4620/7110 5629/4622/7111
f 5629/4622/7111 5608/4590/7079 5627/4591/7081
f 5549/4623/7056 5629/4622/7111 5623/4624/7112
f 5623/4624/7112 5627/4591/7081 5618/4615/7101
f 5637/4625/7113 5639/4626/7114 5638/4649/7115
f 5599/4595/7085 5606/4628/7116 5635/4629/7117
f 5658/4630/7108 5634/4631/7095 5659/4645/7118
f 5630/4632/7119 5632/4633/7120 5631/4650/7121
f 5641/4636/7122 5643/4635/7123 5642/4637/7124
f 5623/4624/7112 5546/4638/7070 5549/4623/7056
f 5627/4591/7081 5611/4589/7080 5628/4616/7106
f 5545/4639/7071 5621/4614/7125 5622/4613/7105
f 5621/4614/7125 5618/4615/7101 5615/4609/7100
f 5635/4629/7117 5605/4601/7090 5599/4595/7085
f 5624/4640/7126 5608/4590/7079 5625/4620/7110
f 5624/4640/7126 5548/4641/7073 5550/4651/7127
f 5650/4643/7128 5652/4642/7128 5651/4644/7128
f 5655/4643/7128 5653/4642/7128 5654/4644/7128
f 5607/4618/7109 5659/4645/7118 5606/4628/7116
f 5647/4646/7129 5645/4647/7130 5648/4652/7131
f 5626/4619/7132 5658/4630/7108 5607/4618/7109
f 5541/4589/7022 5539/4602/7035 5538/4590/7023
f 5528/4594/7027 5570/4631/7063 5572/4604/7037
f 5553/4608/7041 5554/4615/7048 5551/4609/7042
f 5552/4610/7043 5551/4609/7042 5555/4611/7044
f 5558/4613/7046 5555/4611/7044 5551/4609/7042
f 5554/4615/7048 5553/4608/7041 5564/4616/7049
f 5593/4617/7050 5594/4630/7062 5528/4594/7027
f 5530/4596/7029 5529/4595/7028 5537/4618/7051
f 5561/4620/7053 5548/4641/7073 5547/4621/7054
f 5565/4622/7055 5563/4591/7024 5538/4590/7023
f 5549/4623/7056 5559/4624/7057 5565/4622/7055
f 5559/4624/7057 5554/4615/7048 5563/4591/7024
f 5573/4625/7058 5574/4649/7058 5575/4626/7059
f 5536/4628/7060 5537/4618/7051 5529/4595/7028
f 5594/4630/7062 5595/4645/7075 5570/4631/7063
f 5566/4632/7064 5567/4650/7133 5568/4633/7065
f 5579/4635/7067 5580/4653/7067 5577/4636/7068
f 5559/4624/7057 5549/4623/7056 5546/4638/7070
f 5545/4639/7071 5558/4613/7046 5557/4614/7047
f 5557/4614/7047 5551/4609/7042 5554/4615/7048
f 5560/4640/7072 5561/4620/7053 5538/4590/7023
f 5560/4640/7072 5550/4651/7127 5548/4641/7073
f 5588/4642/7074 5585/4654/7074 5586/4643/7074
f 5589/4642/7074 5592/4654/7074 5591/4643/7074
f 5537/4618/7051 5536/4628/7060 5595/4645/7075
f 5583/4646/7076 5584/4652/7134 5581/4647/7077
f 5562/4619/7052 5537/4618/7051 5594/4630/7062
f 5608/4590/7079 5609/4602/7093 5611/4589/7080
f 5598/4594/7083 5603/4599/7089 5636/4604/7094
f 5617/4608/7099 5616/4610/7103 5615/4609/7100
f 5619/4611/7102 5615/4609/7100 5616/4610/7103
f 5622/4613/7105 5621/4614/7125 5615/4609/7100
f 5618/4615/7101 5627/4591/7081 5628/4616/7106
f 5657/4617/7107 5602/4598/7088 5598/4594/7083
f 5600/4596/7087 5626/4619/7132 5607/4618/7109
f 5547/4621/7054 5548/4641/7073 5625/4620/7110
f 5629/4622/7111 5625/4620/7110 5608/4590/7079
f 5549/4623/7056 5547/4621/7054 5629/4622/7111
f 5623/4624/7112 5629/4622/7111 5627/4591/7081
f 5637/4625/7113 5640/4627/7114 5639/4626/7114
f 5599/4595/7085 5607/4618/7109 5606/4628/7116
f 5658/4630/7108 5598/4594/7083 5634/4631/7095
f 5630/4632/7119 5633/4634/7135 5632/4633/7120
f 5641/4636/7122 5644/4653/7123 5643/4635/7123
f 5623/4624/7112 5621/4614/7125 5546/4638/7070
f 5545/4639/7071 5546/4638/7070 5621/4614/7125
f 5621/4614/7125 5623/4624/7112 5618/4615/7101
f 5624/4640/7126 5614/4607/7098 5608/4590/7079
f 5624/4640/7126 5625/4620/7110 5548/4641/7073
f 5650/4643/7128 5649/4654/7128 5652/4642/7128
f 5655/4643/7128 5656/4654/7128 5653/4642/7128
f 5607/4618/7109 5658/4630/7108 5659/4645/7118
f 5647/4646/7129 5646/4648/7136 5645/4647/7130
f 5626/4619/7132 5657/4617/7107 5658/4630/7108
